dataset,host,width,height,workers,format,scenario,variant,round,median_ns,min_ns,max_ns,score_bits,batch_ns
main,mac,2049,1024,6,rgba8,candidate,base,1,10572312.5,10327548.7,10853069.5,3fb3dc9a1b032170,10853069.5;10572312.5;10327548.7;10712139.0;10402034.7;10558118.0;10782291.7
main,mac,2049,1024,6,rgba8,candidate,base,2,10909805.5,10195902.8,11455020.8,3fb3dc9a1b032170,11455020.8;10862958.3;11109187.5;10750159.7;11071895.8;10195902.8;10909805.5
main,mac,2049,1024,6,rgba8,candidate,base,3,10881430.7,10636458.3,11112694.3,3fb3dc9a1b032170,10931993.0;10636458.3;10930743.2;10661104.2;10719125.0;10881430.7;11112694.3
main,mac,2049,1024,6,rgba8,candidate,cc,1,9407238.1,9131464.3,9694708.3,3fb3dc9a1b032170,9318982.1;9694708.3;9131464.3;9484226.3;9321648.9;9407238.1;9619839.3
main,mac,2049,1024,6,rgba8,candidate,cc,2,9250053.6,9090523.7,9523666.6,3fb3dc9a1b032170,9235494.0;9259863.0;9474833.3;9205375.0;9090523.7;9250053.6;9523666.6
main,mac,2049,1024,6,rgba8,candidate,cc,3,9200303.6,9064892.9,9701648.9,3fb3dc9a1b032170,9701648.9;9064892.9;9360773.9;9113964.3;9200303.6;9147696.4;9325988.0
main,mac,2049,1024,6,rgba8,candidate,cs,1,8059656.2,7925437.5,8098776.1,3fb3dc9a1b032170,8033255.1;8087083.4;8098776.1;8091437.5;7925437.5;8059656.2;7965291.6
main,mac,2049,1024,6,rgba8,candidate,cs,2,8003421.9,7978109.4,8037244.8,3fb3dc9a1b032170,8037244.8;8022802.1;7994848.9;8003421.9;7980942.6;8021260.4;7978109.4
main,mac,2049,1024,6,rgba8,candidate,cs,3,8020942.7,7983239.5,8126145.9,3fb3dc9a1b032170,8077104.1;8126145.9;8020942.7;8087625.0;7983239.5;8008088.6;7986864.5
main,mac,2049,1024,6,rgba8,candidate,ss,1,9089446.4,9046232.1,9165726.1,3fb3dc9a1b032170,9165726.1;9089446.4;9046232.1;9078214.3;9119976.3;9144172.6;9058327.4
main,mac,2049,1024,6,rgba8,candidate,ss,2,9088458.4,9038035.7,9190053.6,3fb3dc9a1b032170,9104714.3;9087065.4;9081559.4;9038035.7;9119208.4;9088458.4;9190053.6
main,mac,2049,1024,6,rgba8,candidate,ss,3,9120136.9,8995428.6,9254571.4,3fb3dc9a1b032170,9089333.3;8995428.6;9254571.4;9120136.9;9237970.1;9135017.9;9039672.6
main,mac,2049,1024,6,rgba8,compare,base,1,5232649.3,5191371.5,5281069.5,3fb3dc9a1b032170,5234757.0;5195548.7;5191371.5;5232649.3;5281069.5;5222621.6;5267118.1
main,mac,2049,1024,6,rgba8,compare,base,2,5458572.0,5388232.7,5597784.1,3fb3dc9a1b032170,5436180.5;5388232.7;5469522.7;5400718.7;5542803.0;5458572.0;5597784.1
main,mac,2049,1024,6,rgba8,compare,base,3,5243531.2,5172343.8,5388187.5,3fb3dc9a1b032170,5243531.2;5225194.5;5388187.5;5287979.2;5276135.4;5172343.8;5175479.2
main,mac,2049,1024,6,rgba8,compare,cc,1,4934875.0,4886342.9,5027399.3,3fb3dc9a1b032170,5027399.3;4921509.6;4980035.2;4886342.9;4934875.0;4916509.6;5006516.0
main,mac,2049,1024,6,rgba8,compare,cc,2,5486878.7,5381944.4,5577344.7,3fb3dc9a1b032170,5517367.5;5486878.7;5493636.4;5381944.4;5476901.5;5472079.5;5577344.7
main,mac,2049,1024,6,rgba8,compare,cc,3,5153711.8,5064416.7,5183312.5,3fb3dc9a1b032170,5172229.2;5136281.2;5153711.8;5166961.8;5183312.5;5064416.7;5104354.2
main,mac,2049,1024,6,rgba8,compare,cs,1,5785662.8,5679947.0,5844200.7,3fb3dc9a1b032170,5679947.0;5737473.5;5801450.7;5789606.0;5844200.7;5764568.2;5785662.8
main,mac,2049,1024,6,rgba8,compare,cs,2,5797943.2,5728799.3,5807363.6,3fb3dc9a1b032170,5807363.6;5789420.5;5799689.4;5797943.2;5789996.2;5806564.4;5728799.3
main,mac,2049,1024,6,rgba8,compare,cs,3,5757458.4,5711215.9,6004507.6,3fb3dc9a1b032170,5749481.0;5711215.9;5744511.4;5759128.8;5804340.9;6004507.6;5757458.4
main,mac,2049,1024,6,rgba8,compare,ss,1,6854087.9,6839074.1,6925921.3,3fb3dc9a1b032170,6841606.6;6925921.3;6892773.1;6853662.0;6854087.9;6884277.8;6839074.1
main,mac,2049,1024,6,rgba8,compare,ss,2,6793203.8,6702694.4,6839532.3,3fb3dc9a1b032170,6801675.9;6800703.8;6749870.4;6793203.8;6788546.3;6702694.4;6839532.3
main,mac,2049,1024,6,rgba8,compare,ss,3,7198250.0,6900921.3,7324439.8,3fb3dc9a1b032170,6900921.3;7143601.8;7287569.4;7198250.0;7251935.2;7324439.8;7120944.4
main,mac,2049,1024,6,rgba8,pair,base,1,16211948.0,15831583.2,16612093.8,3fb3dc9a1b032170,15966677.2;16233573.0;15972635.5;16396364.5;16612093.8;15831583.2;16211948.0
main,mac,2049,1024,6,rgba8,pair,base,2,16709437.5,15982718.8,17396573.0,3fb3dc9a1b032170,16709437.5;15982718.8;16627593.8;17396573.0;17214979.2;17116427.2;16016593.7
main,mac,2049,1024,6,rgba8,pair,base,3,16466833.5,15994573.0,17939625.0,3fb3dc9a1b032170,17939625.0;16617260.5;16101583.2;16466833.5;16251302.0;16635385.2;15994573.0
main,mac,2049,1024,6,rgba8,pair,cc,1,13305083.4,13084316.6,13714566.6,3fb3dc9a1b032170,13390666.8;13714566.6;13084316.6;13500891.6;13305083.4;13109716.8;13241825.0
main,mac,2049,1024,6,rgba8,pair,cc,2,13856941.6,13596625.0,14636733.2,3fb3dc9a1b032170,13914966.6;13616025.0;14636733.2;13742233.4;13882450.0;13596625.0;13856941.6
main,mac,2049,1024,6,rgba8,pair,cc,3,13451316.6,13246008.4,13977958.4,3fb3dc9a1b032170,13674891.6;13355183.4;13451316.6;13977958.4;13542933.4;13397191.8;13246008.4
main,mac,2049,1024,6,rgba8,pair,cs,1,12558341.8,12115133.4,12696483.4,3fb3dc9a1b032170,12413333.4;12597791.6;12558341.8;12115133.4;12696483.4;12576216.6;12492575.0
main,mac,2049,1024,6,rgba8,pair,cs,2,12340333.2,12308591.6,12670833.4,3fb3dc9a1b032170,12308591.6;12340008.4;12311091.6;12670833.4;12443575.0;12542608.4;12340333.2
main,mac,2049,1024,6,rgba8,pair,cs,3,12292600.0,12125375.0,12409708.4,3fb3dc9a1b032170,12409708.4;12387925.0;12125375.0;12374700.0;12137866.6;12286500.0;12292600.0
main,mac,2049,1024,6,rgba8,pair,ss,1,11311166.7,11243527.8,11353243.0,3fb3dc9a1b032170,11311166.7;11353243.0;11243527.8;11258395.8;11330027.7;11337458.3;11308951.3
main,mac,2049,1024,6,rgba8,pair,ss,2,11385152.7,11233166.7,11476888.8,3fb3dc9a1b032170,11233166.7;11348034.7;11476888.8;11385152.7;11379583.3;11417402.8;11451687.5
main,mac,2049,1024,6,rgba8,pair,ss,3,11364826.5,11315514.0,11520382.0,3fb3dc9a1b032170,11316444.5;11520382.0;11364826.5;11446833.3;11315514.0;11419180.5;11346520.8
main,mac,3840,2160,1,linear,candidate,base,1,100040125.0,99750583.0,109333833.0,3fe9ae03fa559c3c,100763541.0;99804125.0;109333833.0;100721292.0;99824334.0;100040125.0;99750583.0
main,mac,3840,2160,1,linear,candidate,base,2,102432208.0,99715334.0,105529917.0,3fe9ae03fa559c3c,100457875.0;99715334.0;105529917.0;104993375.0;99824833.0;103021500.0;102432208.0
main,mac,3840,2160,1,linear,candidate,base,3,101109458.0,99933833.0,106659709.0,3fe9ae03fa559c3c,100004458.0;104063459.0;106659709.0;100480166.0;99933833.0;102483500.0;101109458.0
main,mac,3840,2160,1,linear,candidate,cc,1,99942750.0,99614083.0,105450084.0,3fe9ae03fa559c3c,100148666.0;99614083.0;105071542.0;105450084.0;99702292.0;99942750.0;99649959.0
main,mac,3840,2160,1,linear,candidate,cc,2,99829042.0,99603208.0,106354042.0,3fe9ae03fa559c3c,99756458.0;99603208.0;106354042.0;104520458.0;99829042.0;100220500.0;99690209.0
main,mac,3840,2160,1,linear,candidate,cc,3,100706333.0,99719125.0,106333500.0,3fe9ae03fa559c3c,103065666.0;99773666.0;106333500.0;100706333.0;99719125.0;104764584.0;100303834.0
main,mac,3840,2160,1,linear,candidate,cs,1,103303083.0,103160791.0,104792250.0,3fe9ae03fa559c3c,104265875.0;103251458.0;103303083.0;103160791.0;103344667.0;104792250.0;103206458.0
main,mac,3840,2160,1,linear,candidate,cs,2,103388709.0,103279916.0,106869541.0,3fe9ae03fa559c3c,103388709.0;103460750.0;106869541.0;103441250.0;103349500.0;103346042.0;103279916.0
main,mac,3840,2160,1,linear,candidate,cs,3,103333875.0,103177083.0,107706459.0,3fe9ae03fa559c3c,103177083.0;107706459.0;103374792.0;103333875.0;103289375.0;103306791.0;104342500.0
main,mac,3840,2160,1,linear,candidate,ss,1,127006417.0,126782792.0,128330208.0,3fe9ae03fa559c3c,126949459.0;128330208.0;127340000.0;126812625.0;126782792.0;127006417.0;127413625.0
main,mac,3840,2160,1,linear,candidate,ss,2,127034084.0,126782750.0,127852333.0,3fe9ae03fa559c3c,127760666.0;127852333.0;127014542.0;127034084.0;126782750.0;127655041.0;126791833.0
main,mac,3840,2160,1,linear,candidate,ss,3,127010875.0,126878833.0,127149500.0,3fe9ae03fa559c3c,127057250.0;126878833.0;126890625.0;127149500.0;127010875.0;126942667.0;127088750.0
main,mac,3840,2160,1,linear,compare,base,1,41957812.5,41860125.0,44064479.0,3fe9ae03fa559c3c,41860125.0;41929958.0;41933146.0;44064479.0;41986270.5;41965708.0;41957812.5
main,mac,3840,2160,1,linear,compare,base,2,41954396.0,41850958.5,44316062.5,3fe9ae03fa559c3c,43044375.0;41850958.5;41954396.0;41916000.0;41982125.0;41919937.5;44316062.5
main,mac,3840,2160,1,linear,compare,base,3,42514833.0,42457417.0,44598729.0,3fe9ae03fa559c3c,42514833.0;44598729.0;42512208.0;42494000.0;42457417.0;42903146.0;42525625.0
main,mac,3840,2160,1,linear,compare,cc,1,41969729.5,41920750.0,44009437.5,3fe9ae03fa559c3c,41962125.0;41969729.5;41959875.0;41977187.5;44009437.5;41920750.0;41971104.0
main,mac,3840,2160,1,linear,compare,cc,2,41915917.0,41875625.0,44338708.0,3fe9ae03fa559c3c,41915917.0;41883041.5;41950896.0;41895771.0;41875625.0;44338708.0;42331125.0
main,mac,3840,2160,1,linear,compare,cc,3,42359062.5,42166104.5,44688083.5,3fe9ae03fa559c3c,44688083.5;42516583.5;42166104.5;42359062.5;42167604.0;42194958.5;44357666.5
main,mac,3840,2160,1,linear,compare,cs,1,70055458.0,69928583.0,70662500.0,3fe9ae03fa559c3c,70170791.0;70055458.0;69928583.0;70027958.0;70505750.0;70662500.0;69950792.0
main,mac,3840,2160,1,linear,compare,cs,2,69943917.0,69730167.0,70426625.0,3fe9ae03fa559c3c,70051458.0;69896625.0;69730167.0;69867833.0;70052834.0;69943917.0;70426625.0
main,mac,3840,2160,1,linear,compare,cs,3,69959750.0,69694250.0,72827500.0,3fe9ae03fa559c3c,70772584.0;72827500.0;69818833.0;70276792.0;69843500.0;69959750.0;69694250.0
main,mac,3840,2160,1,linear,compare,ss,1,93687375.0,93357708.0,93838625.0,3fe9ae03fa559c3c,93804375.0;93838625.0;93541292.0;93799291.0;93687375.0;93450625.0;93357708.0
main,mac,3840,2160,1,linear,compare,ss,2,93652583.0,93398917.0,93867042.0,3fe9ae03fa559c3c,93867042.0;93652583.0;93427334.0;93398917.0;93554541.0;93692042.0;93684375.0
main,mac,3840,2160,1,linear,compare,ss,3,93859375.0,93471292.0,94574042.0,3fe9ae03fa559c3c,93877541.0;93967334.0;94574042.0;93859375.0;93786417.0;93634292.0;93471292.0
main,mac,3840,2160,1,linear,pair,base,1,150839709.0,150402750.0,155516292.0,3fe9ae03fa559c3c,155288667.0;150655250.0;150402750.0;155516292.0;150602583.0;151297250.0;150839709.0
main,mac,3840,2160,1,linear,pair,base,2,152624750.0,152209167.0,156943042.0,3fe9ae03fa559c3c,152597166.0;156943042.0;152584209.0;153220250.0;152624750.0;155266708.0;152209167.0
main,mac,3840,2160,1,linear,pair,base,3,152533292.0,151992000.0,157724791.0,3fe9ae03fa559c3c,156337833.0;152235541.0;152533292.0;157724791.0;152418834.0;152673417.0;151992000.0
main,mac,3840,2160,1,linear,pair,cc,1,150785334.0,150392750.0,156117916.0,3fe9ae03fa559c3c,151928958.0;150737375.0;150775667.0;155702791.0;150392750.0;150785334.0;156117916.0
main,mac,3840,2160,1,linear,pair,cc,2,152712250.0,152130042.0,157988166.0,3fe9ae03fa559c3c,152712250.0;156357458.0;152189875.0;153070459.0;157988166.0;152299916.0;152130042.0
main,mac,3840,2160,1,linear,pair,cc,3,154336667.0,152480042.0,159237416.0,3fe9ae03fa559c3c,152494750.0;159237416.0;158204834.0;154336667.0;157804875.0;153285708.0;152480042.0
main,mac,3840,2160,1,linear,pair,cs,1,156985416.0,154677958.0,161885166.0,3fe9ae03fa559c3c,158877666.0;161885166.0;159240875.0;154677958.0;154736833.0;156985416.0;155413000.0
main,mac,3840,2160,1,linear,pair,cs,2,155697084.0,155563750.0,159298125.0,3fe9ae03fa559c3c,156099292.0;159298125.0;155612875.0;155563750.0;158246750.0;155697084.0;155586500.0
main,mac,3840,2160,1,linear,pair,cs,3,156069750.0,155570666.0,159706250.0,3fe9ae03fa559c3c,158362500.0;156069750.0;155570666.0;157539333.0;155985750.0;155623666.0;159706250.0
main,mac,3840,2160,1,linear,pair,ss,1,153641417.0,153054916.0,155079666.0,3fe9ae03fa559c3c,153490708.0;154793375.0;153394666.0;153641417.0;153054916.0;155079666.0;153994250.0
main,mac,3840,2160,1,linear,pair,ss,2,154889125.0,154555000.0,155629917.0,3fe9ae03fa559c3c,155380542.0;155458000.0;155629917.0;154736500.0;154704791.0;154889125.0;154555000.0
main,mac,3840,2160,1,linear,pair,ss,3,154868666.0,154693458.0,156752084.0,3fe9ae03fa559c3c,156752084.0;155038750.0;154693458.0;154868666.0;154861125.0;154843583.0;154938250.0
main,mac,3840,2160,1,rgba8,candidate,base,1,102383500.0,101129709.0,108983000.0,3fb3e9db32af9790,108983000.0;101633792.0;106442208.0;102383500.0;101129709.0;105932750.0;101585666.0
main,mac,3840,2160,1,rgba8,candidate,base,2,107744625.0,104801667.0,111521083.0,3fb3e9db32af9790,109134333.0;104801667.0;111521083.0;105653458.0;109122000.0;107597250.0;107744625.0
main,mac,3840,2160,1,rgba8,candidate,base,3,106237500.0,104958125.0,114279500.0,3fb3e9db32af9790,109436334.0;105046750.0;114279500.0;106237500.0;104958125.0;106484250.0;105578208.0
main,mac,3840,2160,1,rgba8,candidate,cc,1,104027584.0,100145083.0,106922667.0,3fb3e9db32af9790,103014292.0;104561750.0;106922667.0;100961375.0;100145083.0;104027584.0;105009791.0
main,mac,3840,2160,1,rgba8,candidate,cc,2,107342000.0,105232083.0,111365708.0,3fb3e9db32af9790,108727916.0;108046375.0;111365708.0;105232083.0;105975458.0;107342000.0;105641291.0
main,mac,3840,2160,1,rgba8,candidate,cc,3,105325041.0,104667209.0,110946125.0,3fb3e9db32af9790,105325041.0;110241625.0;110946125.0;104667209.0;105141541.0;105027125.0;109017750.0
main,mac,3840,2160,1,rgba8,candidate,cs,1,104177833.0,103413750.0,105507625.0,3fb3e9db32af9790,103413750.0;104002708.0;105507625.0;104377250.0;104094250.0;104177833.0;104294291.0
main,mac,3840,2160,1,rgba8,candidate,cs,2,108161167.0,108008292.0,109554667.0,3fb3e9db32af9790,109320917.0;109554667.0;108032625.0;108161167.0;108008292.0;108585542.0;108023042.0
main,mac,3840,2160,1,rgba8,candidate,cs,3,108119875.0,107881209.0,108274292.0,3fb3e9db32af9790,108041042.0;108119875.0;108274292.0;108215667.0;107881209.0;108124334.0;108038125.0
main,mac,3840,2160,1,rgba8,candidate,ss,1,127952334.0,127090083.0,128343083.0,3fb3e9db32af9790,127090083.0;127952334.0;127305542.0;128004333.0;128343083.0;128160667.0;127624500.0
main,mac,3840,2160,1,rgba8,candidate,ss,2,131794458.0,131627833.0,133505459.0,3fb3e9db32af9790,131627833.0;131703875.0;131832500.0;133505459.0;131761375.0;131898375.0;131794458.0
main,mac,3840,2160,1,rgba8,candidate,ss,3,132041375.0,131796542.0,132289292.0,3fb3e9db32af9790,132289292.0;132033250.0;132144792.0;131890625.0;132041375.0;132211292.0;131796542.0
main,mac,3840,2160,1,rgba8,compare,base,1,40634125.0,40325625.0,42854792.0,3fb3e9db32af9790,40487979.0;42854792.0;40865750.0;40634125.0;40897687.5;40325625.0;40447875.0
main,mac,3840,2160,1,rgba8,compare,base,2,41971875.0,41877167.0,44224833.5,3fb3e9db32af9790,44224833.5;42088979.0;41971875.0;41915833.0;41901937.5;41877167.0;44107395.5
main,mac,3840,2160,1,rgba8,compare,base,3,41834458.0,41765021.0,43284146.0,3fb3e9db32af9790,41834458.0;41851646.0;42824604.5;43284146.0;41774354.0;41765021.0;41771396.0
main,mac,3840,2160,1,rgba8,compare,cc,1,40759562.5,40561604.0,43464354.0,3fb3e9db32af9790,40561604.0;43464354.0;41025708.5;40900437.5;40664687.5;40718041.5;40759562.5
main,mac,3840,2160,1,rgba8,compare,cc,2,45200208.5,43885854.5,47529083.5,3fb3e9db32af9790,45224125.0;47529083.5;45200208.5;45364812.5;44674104.5;43885854.5;44095437.5
main,mac,3840,2160,1,rgba8,compare,cc,3,42031437.5,41969833.0,44151479.0,3fb3e9db32af9790,42222583.0;42031437.5;42015833.5;44151479.0;42042395.5;41998791.5;41969833.0
main,mac,3840,2160,1,rgba8,compare,cs,1,68770500.0,68088416.0,71833667.0,3fb3e9db32af9790,68667083.0;68487584.0;71833667.0;69021750.0;68927542.0;68088416.0;68770500.0
main,mac,3840,2160,1,rgba8,compare,cs,2,70046292.0,69682292.0,72526542.0,3fb3e9db32af9790,70088541.0;72526542.0;70046292.0;69999791.0;69682292.0;70334250.0;69992083.0
main,mac,3840,2160,1,rgba8,compare,cs,3,70085542.0,69974625.0,70666750.0,3fb3e9db32af9790,70110250.0;70085542.0;69974625.0;70666750.0;70368667.0;70022042.0;70044583.0
main,mac,3840,2160,1,rgba8,compare,ss,1,92746084.0,92157917.0,93054667.0,3fb3e9db32af9790,92988708.0;92616417.0;93054667.0;92855209.0;92712834.0;92746084.0;92157917.0
main,mac,3840,2160,1,rgba8,compare,ss,2,94040542.0,93848625.0,94576292.0,3fb3e9db32af9790,94040542.0;93853667.0;94066667.0;94102375.0;93848625.0;93930750.0;94576292.0
main,mac,3840,2160,1,rgba8,compare,ss,3,93652667.0,93534750.0,93793708.0,3fb3e9db32af9790,93652667.0;93620541.0;93793708.0;93534750.0;93780708.0;93590250.0;93693917.0
main,mac,3840,2160,1,rgba8,pair,base,1,168679792.0,165188167.0,170872000.0,3fb3e9db32af9790,170194375.0;165188167.0;170872000.0;168679792.0;167503791.0;169924917.0;166412500.0
main,mac,3840,2160,1,rgba8,pair,base,2,173791375.0,170802625.0,180751375.0,3fb3e9db32af9790,180751375.0;177011833.0;174604625.0;173791375.0;171747750.0;171453958.0;170802625.0
main,mac,3840,2160,1,rgba8,pair,base,3,170644292.0,167497209.0,174415417.0,3fb3e9db32af9790,174415417.0;171265875.0;168407708.0;170644292.0;173786875.0;168520375.0;167497209.0
main,mac,3840,2160,1,rgba8,pair,cc,1,165097167.0,164384417.0,170900708.0,3fb3e9db32af9790,164664792.0;164384417.0;170900708.0;166823625.0;166320709.0;165067792.0;165097167.0
main,mac,3840,2160,1,rgba8,pair,cc,2,168968666.0,167216792.0,174792500.0,3fb3e9db32af9790,172946250.0;167216792.0;167823833.0;174792500.0;169746209.0;168968666.0;168221959.0
main,mac,3840,2160,1,rgba8,pair,cc,3,170023208.0,167457458.0,170986042.0,3fb3e9db32af9790,168548167.0;170023208.0;170783625.0;168977125.0;167457458.0;170327958.0;170986042.0
main,mac,3840,2160,1,rgba8,pair,cs,1,168568666.0,167457458.0,169338875.0,3fb3e9db32af9790,167457458.0;168568666.0;168761333.0;169338875.0;168484583.0;169256625.0;167989625.0
main,mac,3840,2160,1,rgba8,pair,cs,2,171143000.0,170761125.0,171319958.0,3fb3e9db32af9790,170899625.0;171227625.0;171143000.0;171319958.0;170938708.0;171183959.0;170761125.0
main,mac,3840,2160,1,rgba8,pair,cs,3,175439500.0,171003375.0,175731292.0,3fb3e9db32af9790,175439500.0;175521125.0;175203583.0;175731292.0;175570292.0;172275750.0;171003375.0
main,mac,3840,2160,1,rgba8,pair,ss,1,167502000.0,166567792.0,172633625.0,3fb3e9db32af9790,172633625.0;167336458.0;167197667.0;167923833.0;167502000.0;166567792.0;167708334.0
main,mac,3840,2160,1,rgba8,pair,ss,2,169996333.0,169647458.0,170218833.0,3fb3e9db32af9790,170218833.0;170023458.0;169832291.0;170025875.0;169996333.0;169647458.0;169856708.0
main,mac,3840,2160,1,rgba8,pair,ss,3,169787000.0,169661875.0,170239125.0,3fb3e9db32af9790,170156291.0;169661875.0;169953167.0;169706167.0;169730334.0;170239125.0;169787000.0
main,mac,3840,2160,12,linear,candidate,base,1,33610062.5,31927500.0,36709312.5,3fe9ae03fa559c3c,32272416.5;33394500.0;31927500.0;33872729.0;33610062.5;36709312.5;33642687.5
main,mac,3840,2160,12,linear,candidate,base,2,32351479.0,32084125.0,38249791.5,3fe9ae03fa559c3c,38249791.5;33178979.0;32084125.0;32125583.5;32087187.5;32434562.5;32351479.0
main,mac,3840,2160,12,linear,candidate,base,3,32816541.5,32227375.0,33888000.0,3fe9ae03fa559c3c,32816541.5;32914875.0;32436166.5;33888000.0;32405229.5;33764541.5;32227375.0
main,mac,3840,2160,12,linear,candidate,cc,1,31707000.0,31215833.0,33051520.5,3fe9ae03fa559c3c,31215833.0;32389437.5;31707000.0;31814479.0;31524375.0;33051520.5;31669146.0
main,mac,3840,2160,12,linear,candidate,cc,2,35246458.0,32540229.5,38084583.5,3fe9ae03fa559c3c,35246458.0;32540229.5;38084583.5;35286771.0;32663479.0;35401271.0;32839229.5
main,mac,3840,2160,12,linear,candidate,cc,3,32572479.0,32236625.0,34455333.5,3fe9ae03fa559c3c,32720645.5;34455333.5;34216187.5;32259083.0;32271542.0;32572479.0;32236625.0
main,mac,3840,2160,12,linear,candidate,cs,1,23873361.3,23362319.3,24424403.0,3fe9ae03fa559c3c,23998486.0;23362319.3;23616263.7;23931069.3;23435125.0;23873361.3;24424403.0
main,mac,3840,2160,12,linear,candidate,cs,2,24159944.7,24018694.3,25191097.3,3fe9ae03fa559c3c,24151263.7;24018694.3;24076597.0;24627597.3;25191097.3;24316250.0;24159944.7
main,mac,3840,2160,12,linear,candidate,cs,3,24253458.3,23827152.7,24735583.3,3fe9ae03fa559c3c,24253458.3;24028028.0;24653694.3;23827152.7;23870347.3;24735583.3;24684264.0
main,mac,3840,2160,12,linear,candidate,ss,1,26559472.3,26335555.3,27547972.3,3fe9ae03fa559c3c,26335555.3;26387319.3;26586069.3;26768222.3;27547972.3;26559472.3;26542389.0
main,mac,3840,2160,12,linear,candidate,ss,2,26619055.7,26033472.0,27218125.0,3fe9ae03fa559c3c,26676972.3;26914778.0;26619055.7;26033472.0;27218125.0;26538347.3;26519166.7
main,mac,3840,2160,12,linear,candidate,ss,3,26645347.3,26414902.7,27115513.7,3fe9ae03fa559c3c,26866291.7;26528569.3;26414902.7;26645347.3;27115513.7;26641069.7;26702791.7
main,mac,3840,2160,12,linear,compare,base,1,18354812.5,18238614.5,18672718.8,3fe9ae03fa559c3c,18270531.2;18289843.8;18672718.8;18354812.5;18534020.8;18359343.8;18238614.5
main,mac,3840,2160,12,linear,compare,base,2,18599312.5,18302427.0,18812552.0,3fe9ae03fa559c3c,18599312.5;18302427.0;18812552.0;18622156.2;18361041.8;18692864.5;18542895.8
main,mac,3840,2160,12,linear,compare,base,3,21247083.3,19015458.5,21533403.0,3fe9ae03fa559c3c,21297541.7;21247083.3;20100927.0;21533403.0;19912708.5;21302305.3;19015458.5
main,mac,3840,2160,12,linear,compare,cc,1,18459510.5,18324729.2,20922402.7,3fe9ae03fa559c3c,18554781.2;18324729.2;18459510.5;18829218.8;20922402.7;18343718.8;18389791.8
main,mac,3840,2160,12,linear,compare,cc,2,18693156.2,18351260.2,18801020.8,3fe9ae03fa559c3c,18640885.5;18770552.0;18801020.8;18693156.2;18577208.2;18351260.2;18735333.5
main,mac,3840,2160,12,linear,compare,cc,3,18490875.0,18455083.5,18783906.2,3fe9ae03fa559c3c,18617614.5;18691208.2;18478260.5;18475146.0;18490875.0;18783906.2;18455083.5
main,mac,3840,2160,12,linear,compare,cs,1,17624687.5,17345635.5,17990541.8,3fe9ae03fa559c3c,17375218.8;17729562.5;17364187.5;17345635.5;17624687.5;17990541.8;17646927.0
main,mac,3840,2160,12,linear,compare,cs,2,17451114.8,17383489.5,18235083.2,3fe9ae03fa559c3c,17419729.2;18235083.2;17519625.0;17383489.5;17451114.8;17411072.8;17487052.0
main,mac,3840,2160,12,linear,compare,cs,3,17462448.0,17337281.2,17968302.0,3fe9ae03fa559c3c,17462448.0;17394406.2;17893395.8;17349229.2;17337281.2;17679406.2;17968302.0
main,mac,3840,2160,12,linear,compare,ss,1,20333639.0,19743687.5,20715486.0,3fe9ae03fa559c3c,20715486.0;20435152.7;20333639.0;20071403.0;20556194.3;19743687.5;19908416.8
main,mac,3840,2160,12,linear,compare,ss,2,20339930.7,20026698.0,21084097.3,3fe9ae03fa559c3c,20091635.5;20184927.0;20026698.0;20989000.0;20676389.0;20339930.7;21084097.3
main,mac,3840,2160,12,linear,compare,ss,3,20211819.3,20044361.0,20496500.0,3fe9ae03fa559c3c,20100736.0;20333611.0;20044361.0;20174777.7;20496500.0;20377889.0;20211819.3
main,mac,3840,2160,12,linear,pair,base,1,45984958.5,45386937.5,49386854.0,3fe9ae03fa559c3c,45386937.5;49386854.0;45882541.5;45984958.5;46437562.5;45392458.0;45999958.5
main,mac,3840,2160,12,linear,pair,base,2,45773354.0,45580187.5,47333792.0,3fe9ae03fa559c3c,46058958.5;45650291.5;45773354.0;46837291.5;47333792.0;45702250.0;45580187.5
main,mac,3840,2160,12,linear,pair,base,3,45559771.0,45351146.0,47510396.0,3fe9ae03fa559c3c,45718667.0;45351146.0;47510396.0;45722458.0;45559771.0;45529354.5;45526417.0
main,mac,3840,2160,12,linear,pair,cc,1,47362771.0,45514875.0,52593083.5,3fe9ae03fa559c3c,47362771.0;46180000.0;52593083.5;47431958.5;46220187.5;48518646.0;45514875.0
main,mac,3840,2160,12,linear,pair,cc,2,46644937.5,45233062.5,50708729.0,3fe9ae03fa559c3c,50708729.0;49201104.5;48014458.5;46644937.5;45233062.5;46163208.5;45550229.0
main,mac,3840,2160,12,linear,pair,cc,3,46407979.0,46108250.0,47048083.0,3fe9ae03fa559c3c,46151083.0;46751646.0;46298687.5;46407979.0;47048083.0;46621666.5;46108250.0
main,mac,3840,2160,12,linear,pair,cs,1,37765812.5,36919187.5,38333229.0,3fe9ae03fa559c3c,38138458.5;37218916.5;36919187.5;38333229.0;37765812.5;37839354.5;37441646.0
main,mac,3840,2160,12,linear,pair,cs,2,37372062.5,37185458.5,40910833.0,3fe9ae03fa559c3c,40910833.0;38059604.0;37372062.5;37185458.5;37354479.5;37223937.5;38158500.0
main,mac,3840,2160,12,linear,pair,cs,3,38897500.0,37666271.0,41785437.5,3fe9ae03fa559c3c,38533875.0;37666271.0;41785437.5;39203333.5;38897500.0;39743375.0;37721479.0
main,mac,3840,2160,12,linear,pair,ss,1,32644083.0,32044562.5,33797500.0,3fe9ae03fa559c3c,33797500.0;33437479.0;32044562.5;32286812.5;32432166.5;33552687.5;32644083.0
main,mac,3840,2160,12,linear,pair,ss,2,32703479.0,32454396.0,33957833.5,3fe9ae03fa559c3c,33175083.0;32902333.5;32595771.0;32703479.0;32454396.0;32568104.5;33957833.5
main,mac,3840,2160,12,linear,pair,ss,3,34390812.5,33788395.5,35955687.5,3fe9ae03fa559c3c,33788395.5;34173333.0;34531562.5;34390812.5;34312021.0;35955687.5;34712958.5
main,mac,3840,2160,12,rgba8,candidate,base,1,37559375.0,37295895.5,39974041.5,3fb3e9db32af9790,37559375.0;37295895.5;39974041.5;37491979.0;37813854.0;37437583.0;38021000.0
main,mac,3840,2160,12,rgba8,candidate,base,2,37962500.0,37424771.0,38736541.5,3fb3e9db32af9790,38736541.5;37500666.5;37962500.0;37989479.0;37424771.0;37449458.5;38452125.0
main,mac,3840,2160,12,rgba8,candidate,base,3,37816187.5,37472854.0,38228583.0,3fb3e9db32af9790,38055562.5;38153708.5;37472854.0;37475646.0;37715062.5;38228583.0;37816187.5
main,mac,3840,2160,12,rgba8,candidate,cc,1,33887312.5,32304937.5,34973833.0,3fb3e9db32af9790,34336250.0;32859021.0;34973833.0;32304937.5;33887312.5;33789125.0;34520042.0
main,mac,3840,2160,12,rgba8,candidate,cc,2,32422604.5,32077958.0,33470854.0,3fb3e9db32af9790,32422604.5;32077958.0;33058146.0;32422083.0;32501833.5;33470854.0;32092708.5
main,mac,3840,2160,12,rgba8,candidate,cc,3,33037166.5,32230062.5,35236250.0,3fb3e9db32af9790,33050416.5;32352104.0;34651146.0;32230062.5;33037166.5;35236250.0;32328062.5
main,mac,3840,2160,12,rgba8,candidate,cs,1,25973694.7,25649152.7,26573750.0,3fb3e9db32af9790,26009097.3;26573750.0;25961777.7;26062291.7;25973694.7;25765875.0;25649152.7
main,mac,3840,2160,12,rgba8,candidate,cs,2,25968014.0,25363180.7,26490153.0,3fb3e9db32af9790,25460041.7;25968014.0;26262750.0;26490153.0;25540541.7;25363180.7;25999069.3
main,mac,3840,2160,12,rgba8,candidate,cs,3,26567055.3,25887083.3,27784472.0,3fb3e9db32af9790,26525514.0;25887083.3;27784472.0;27152250.0;27722097.3;26567055.3;26147305.7
main,mac,3840,2160,12,rgba8,candidate,ss,1,28204694.7,28002694.7,29479541.7,3fb3e9db32af9790,28142458.3;28002694.7;28204694.7;28204041.7;29479541.7;28331875.0;28379041.7
main,mac,3840,2160,12,rgba8,candidate,ss,2,28111291.7,27813639.0,29335541.7,3fb3e9db32af9790,28062500.0;28111291.7;28268666.7;28280028.0;29335541.7;27986611.0;27813639.0
main,mac,3840,2160,12,rgba8,candidate,ss,3,30694083.5,29705055.3,31544875.0,3fb3e9db32af9790,29705055.3;30899437.5;30694083.5;30128958.5;31544875.0;30162250.0;31308083.0
main,mac,3840,2160,12,rgba8,compare,base,1,18726812.5,18273833.2,19309895.8,3fb3e9db32af9790,19233229.2;18388270.8;18847354.0;18273833.2;19309895.8;18726812.5;18376135.5
main,mac,3840,2160,12,rgba8,compare,base,2,22206639.0,18361364.5,23869444.3,3fb3e9db32af9790,18361364.5;22206639.0;23849888.7;18508968.8;19650979.2;23869444.3;23831597.3
main,mac,3840,2160,12,rgba8,compare,base,3,18649354.2,18460291.5,19454354.2,3fb3e9db32af9790,18632073.0;19454354.2;19370666.5;19153073.0;18649354.2;18475854.2;18460291.5
main,mac,3840,2160,12,rgba8,compare,cc,1,18581260.5,18465083.2,18916875.0,3fb3e9db32af9790,18746104.0;18568781.2;18916875.0;18465083.2;18581260.5;18802968.8;18507666.5
main,mac,3840,2160,12,rgba8,compare,cc,2,19382823.0,19181583.5,19617646.0,3fb3e9db32af9790,19294927.0;19234562.5;19596093.8;19382823.0;19617646.0;19181583.5;19529656.2
main,mac,3840,2160,12,rgba8,compare,cc,3,18625156.2,18524364.8,19146260.5,3fb3e9db32af9790,18816531.2;18525781.2;18746333.5;18573312.5;18625156.2;18524364.8;19146260.5
main,mac,3840,2160,12,rgba8,compare,cs,1,17636666.5,17343437.5,18065947.8,3fb3e9db32af9790,18065947.8;17636666.5;17529041.8;17506458.5;17343437.5;17785583.2;17720000.0
main,mac,3840,2160,12,rgba8,compare,cs,2,17688625.0,17372302.2,17935000.0,3fb3e9db32af9790,17372302.2;17688625.0;17737833.2;17409458.2;17935000.0;17446281.2;17782760.5
main,mac,3840,2160,12,rgba8,compare,cs,3,17382489.5,17302843.8,17835916.8,3fb3e9db32af9790,17835916.8;17333593.8;17302843.8;17382489.5;17559625.0;17408291.5;17372510.5
main,mac,3840,2160,12,rgba8,compare,ss,1,20132958.3,19932718.8,20764528.0,3fb3e9db32af9790,20764528.0;20474152.7;19932718.8;20294416.7;20028208.3;20132958.3;20072694.3
main,mac,3840,2160,12,rgba8,compare,ss,2,20239888.7,20010239.5,20416708.3,3fb3e9db32af9790,20010239.5;20416708.3;20389680.7;20239888.7;20209097.3;20047402.7;20377472.0
main,mac,3840,2160,12,rgba8,compare,ss,3,20116111.0,20013750.0,20781736.0,3fb3e9db32af9790,20071750.0;20781736.0;20013750.0;20545069.7;20081653.0;20116111.0;20417361.0
main,mac,3840,2160,12,rgba8,pair,base,1,56065354.0,55508166.5,56608375.0,3fb3e9db32af9790,56190187.5;56065354.0;55508166.5;56282854.0;55563021.0;56608375.0;55585416.5
main,mac,3840,2160,12,rgba8,pair,base,2,57084833.5,56267271.0,57213187.5,3fb3e9db32af9790,57099792.0;57084833.5;56267271.0;57117729.5;57079541.5;56990458.5;57213187.5
main,mac,3840,2160,12,rgba8,pair,base,3,57699937.5,56822437.5,58828937.5,3fb3e9db32af9790,57699937.5;56822437.5;58249250.0;58382812.5;58828937.5;57302937.5;56971021.0
main,mac,3840,2160,12,rgba8,pair,cc,1,47034958.5,45443437.5,49188354.5,3fb3e9db32af9790,46149541.5;47034958.5;45443437.5;48172270.5;49188354.5;45503291.5;48846771.0
main,mac,3840,2160,12,rgba8,pair,cc,2,48645854.5,46340917.0,50139333.5,3fb3e9db32af9790,50139333.5;49221041.5;46340917.0;47376250.0;49628521.0;48645854.5;47821562.5
main,mac,3840,2160,12,rgba8,pair,cc,3,46272208.5,45834250.0,47785292.0,3fb3e9db32af9790,46766437.5;45834250.0;46259437.5;46272208.5;46504187.5;47785292.0;45907896.0
main,mac,3840,2160,12,rgba8,pair,cs,1,39945979.0,39250645.5,40870104.0,3fb3e9db32af9790,39945979.0;40307729.0;39545333.5;39250645.5;40870104.0;40001062.5;39450145.5
main,mac,3840,2160,12,rgba8,pair,cs,2,39659166.5,39500771.0,41097875.0,3fb3e9db32af9790,40186604.0;39500771.0;39846562.5;39659166.5;39577979.5;41097875.0;39578270.5
main,mac,3840,2160,12,rgba8,pair,cs,3,39972417.0,39297229.0,42035729.0,3fb3e9db32af9790,40634437.5;40158396.0;39589125.0;42035729.0;39349958.5;39297229.0;39972417.0
main,mac,3840,2160,12,rgba8,pair,ss,1,36202625.0,35931875.0,37064812.5,3fb3e9db32af9790,37064812.5;36202625.0;36055229.5;36570708.0;36417562.5;36143500.0;35931875.0
main,mac,3840,2160,12,rgba8,pair,ss,2,36699521.0,35918479.5,37727437.5,3fb3e9db32af9790,36699521.0;35918479.5;37727437.5;36422729.5;36282583.0;37171062.5;37493687.5
main,mac,3840,2160,12,rgba8,pair,ss,3,37474292.0,36754520.5,40315604.0,3fb3e9db32af9790,37424312.5;37474292.0;40315604.0;38402229.0;37125646.0;36754520.5;37484979.0
main,mac,3840,2160,6,linear,candidate,base,1,34023604.0,32128708.5,34817979.0,3fe9ae03fa559c3c,34347062.5;33320375.0;34817979.0;34382479.0;34023604.0;32128708.5;33519125.0
main,mac,3840,2160,6,linear,candidate,base,2,34223583.5,33282208.5,36862854.5,3fe9ae03fa559c3c,33502875.0;33282208.5;34831291.5;33637666.5;36862854.5;34223583.5;34531916.5
main,mac,3840,2160,6,linear,candidate,base,3,35396125.0,33824208.5,36228500.0,3fe9ae03fa559c3c,35691354.5;34700958.0;35396125.0;33824208.5;35943000.0;34107000.0;36228500.0
main,mac,3840,2160,6,linear,candidate,cc,1,33533916.5,32000604.5,35022896.0,3fe9ae03fa559c3c,32000604.5;32399896.0;32183208.5;34246104.5;35022896.0;34063708.5;33533916.5
main,mac,3840,2160,6,linear,candidate,cc,2,35310562.5,32897395.5,37200583.5,3fe9ae03fa559c3c,33123583.0;32897395.5;34721875.0;37200583.5;35814979.0;35991187.5;35310562.5
main,mac,3840,2160,6,linear,candidate,cc,3,35257625.0,32806937.5,38135125.0,3fe9ae03fa559c3c,38135125.0;35257625.0;37967146.0;33867583.0;35833312.5;33041146.0;32806937.5
main,mac,3840,2160,6,linear,candidate,cs,1,28017055.3,27535653.0,28839041.7,3fe9ae03fa559c3c,27535653.0;28839041.7;27855000.0;28017055.3;28691666.7;27542805.7;28609680.3
main,mac,3840,2160,6,linear,candidate,cs,2,28559375.0,28068472.3,29127639.0,3fe9ae03fa559c3c,29127639.0;28846041.7;28698889.0;28559375.0;28068472.3;28517513.7;28454278.0
main,mac,3840,2160,6,linear,candidate,cs,3,28961514.0,27882861.0,29325958.3,3fe9ae03fa559c3c,28961514.0;28153861.3;28506389.0;27882861.0;29077805.7;29325958.3;29077958.3
main,mac,3840,2160,6,linear,candidate,ss,1,32681312.5,32157875.0,33503208.0,3fe9ae03fa559c3c,32442812.5;32157875.0;32548875.0;32724833.5;32996645.5;33503208.0;32681312.5
main,mac,3840,2160,6,linear,candidate,ss,2,32945270.5,32412645.5,34471437.5,3fe9ae03fa559c3c,32784062.5;33065271.0;32757625.0;34471437.5;32945270.5;33174646.0;32412645.5
main,mac,3840,2160,6,linear,candidate,ss,3,32980146.0,31567604.5,33657396.0,3fe9ae03fa559c3c,32980146.0;33092666.5;33247521.0;31567604.5;31980416.5;33657396.0;32941791.5
main,mac,3840,2160,6,linear,compare,base,1,18796604.2,18504625.0,19152104.0,3fe9ae03fa559c3c,19114312.5;18746166.8;18796604.2;18504625.0;18624031.2;19152104.0;18883833.2
main,mac,3840,2160,6,linear,compare,base,2,20784055.3,19901468.8,20858833.3,3fe9ae03fa559c3c,19901468.8;20724833.3;20784055.3;20858833.3;20811027.7;20734514.0;20817027.7
main,mac,3840,2160,6,linear,compare,base,3,19006375.0,18658177.2,19657739.8,3fe9ae03fa559c3c,18680885.5;19006375.0;19657739.8;19392635.5;18801593.8;19324291.8;18658177.2
main,mac,3840,2160,6,linear,compare,cc,1,20489597.0,20429027.7,21553930.7,3fe9ae03fa559c3c,21553930.7;20489597.0;20467166.7;20545763.7;20506819.3;20471222.3;20429027.7
main,mac,3840,2160,6,linear,compare,cc,2,18648343.8,18246093.8,18965333.5,3fe9ae03fa559c3c,18537177.2;18664260.5;18246093.8;18694989.5;18965333.5;18471656.2;18648343.8
main,mac,3840,2160,6,linear,compare,cc,3,20551472.3,20481819.3,21132916.7,3fe9ae03fa559c3c,20551472.3;21132916.7;20481819.3;20568263.7;20529875.0;20583861.3;20521194.3
main,mac,3840,2160,6,linear,compare,cs,1,21036194.7,20826833.3,21363222.3,3fe9ae03fa559c3c,21036194.7;20826833.3;20982069.3;21363222.3;21228875.0;21001097.0;21268000.0
main,mac,3840,2160,6,linear,compare,cs,2,21233375.0,21052638.7,21657805.7,3fe9ae03fa559c3c,21312930.3;21657805.7;21233375.0;21052638.7;21255972.3;21176916.7;21087416.7
main,mac,3840,2160,6,linear,compare,cs,3,21927680.7,21438833.3,22428208.3,3fe9ae03fa559c3c,21859041.7;21817653.0;21927680.7;21438833.3;22428208.3;22237319.7;22219083.3
main,mac,3840,2160,6,linear,compare,ss,1,25127861.0,24815430.7,26003000.0,3fe9ae03fa559c3c,25112763.7;25466333.3;24862861.0;26003000.0;25127861.0;24815430.7;25465416.7
main,mac,3840,2160,6,linear,compare,ss,2,25321916.7,25159930.7,25874291.7,3fe9ae03fa559c3c,25371639.0;25874291.7;25159930.7;25862833.3;25194208.3;25201111.0;25321916.7
main,mac,3840,2160,6,linear,compare,ss,3,27501041.7,26594180.3,28223014.0,3fe9ae03fa559c3c,26594180.3;27071986.3;27958403.0;26792069.7;28223014.0;27894514.0;27501041.7
main,mac,3840,2160,6,linear,pair,base,1,48862708.0,47496270.5,49499792.0,3fe9ae03fa559c3c,49499792.0;48862708.0;49489562.5;48508479.0;49151187.5;47496270.5;47921875.0
main,mac,3840,2160,6,linear,pair,base,2,49141145.5,48595812.5,49981125.0,3fe9ae03fa559c3c,48770187.5;49618208.0;49492562.5;48595812.5;49125375.0;49981125.0;49141145.5
main,mac,3840,2160,6,linear,pair,base,3,48182229.0,47448917.0,50404875.0,3fe9ae03fa559c3c,50404875.0;48104896.0;47448917.0;47967375.0;48182229.0;48997020.5;50396271.0
main,mac,3840,2160,6,linear,pair,cc,1,48386875.0,46284687.5,49826958.5,3fe9ae03fa559c3c,49036708.0;48386875.0;47974937.5;49826958.5;49025292.0;46284687.5;46541979.0
main,mac,3840,2160,6,linear,pair,cc,2,48936708.5,46898854.0,49650833.5,3fe9ae03fa559c3c,48828250.0;48958208.0;48687729.5;48936708.5;49372937.5;49650833.5;46898854.0
main,mac,3840,2160,6,linear,pair,cc,3,48346667.0,46579646.0,50220062.5,3fe9ae03fa559c3c,49356896.0;47372895.5;46579646.0;47670833.0;48346667.0;48813187.5;50220062.5
main,mac,3840,2160,6,linear,pair,cs,1,43550458.5,42543604.5,43871250.0,3fe9ae03fa559c3c,43871250.0;42903896.0;43707062.5;43443375.0;43612021.0;42543604.5;43550458.5
main,mac,3840,2160,6,linear,pair,cs,2,43290291.5,42273042.0,44643437.5,3fe9ae03fa559c3c,43625771.0;42720020.5;44446333.5;42273042.0;44643437.5;43290291.5;42580937.5
main,mac,3840,2160,6,linear,pair,cs,3,44407625.0,42904562.5,49584021.0,3fe9ae03fa559c3c,44407625.0;49584021.0;45010604.0;42904562.5;44690187.5;43436458.5;43891937.5
main,mac,3840,2160,6,linear,pair,ss,1,38648291.5,38301771.0,39844687.5,3fe9ae03fa559c3c,39163125.0;38648291.5;38301771.0;39118833.0;38559187.5;39844687.5;38429708.5
main,mac,3840,2160,6,linear,pair,ss,2,38501396.0,38048833.0,40524354.5,3fe9ae03fa559c3c,38954208.0;38394916.5;38048833.0;38501396.0;39112604.0;40524354.5;38381604.5
main,mac,3840,2160,6,linear,pair,ss,3,41321292.0,39404500.0,43021250.0,3fe9ae03fa559c3c,41321292.0;40420687.5;42796604.0;43021250.0;39404500.0;42307270.5;40361083.5
main,mac,3840,2160,6,rgba8,candidate,base,1,39531062.5,36989562.5,44088041.5,3fb3e9db32af9790,36989562.5;44088041.5;37567437.5;40147604.5;39531062.5;41656750.0;38480625.0
main,mac,3840,2160,6,rgba8,candidate,base,2,41500666.5,40473208.0,43052771.0,3fb3e9db32af9790,41500666.5;42008895.5;41109646.0;41561729.5;40473208.0;43052771.0;41261916.5
main,mac,3840,2160,6,rgba8,candidate,base,3,40708604.0,38732979.0,42986375.0,3fb3e9db32af9790,38964354.5;41149833.0;41828354.5;38732979.0;39537604.5;42986375.0;40708604.0
main,mac,3840,2160,6,rgba8,candidate,cc,1,33158604.0,32213021.0,34324458.5,3fb3e9db32af9790,33604041.5;32213021.0;33050354.5;33109833.5;33158604.0;34324458.5;33338479.0
main,mac,3840,2160,6,rgba8,candidate,cc,2,34043312.5,33058396.0,34846187.5,3fb3e9db32af9790,33227166.5;33058396.0;34285000.0;33827791.5;34846187.5;34043312.5;34548208.5
main,mac,3840,2160,6,rgba8,candidate,cc,3,34387250.0,33719542.0,35115250.0,3fb3e9db32af9790,33719542.0;33902833.5;35115250.0;34557104.0;34511458.5;34387250.0;34219333.5
main,mac,3840,2160,6,rgba8,candidate,cs,1,29066902.7,28467000.0,29331541.7,3fb3e9db32af9790,29331541.7;29162916.7;28467000.0;28720819.3;29109694.3;29033486.0;29066902.7
main,mac,3840,2160,6,rgba8,candidate,cs,2,29837291.7,29589430.7,30374875.0,3fb3e9db32af9790,29678861.0;29837291.7;29870014.0;30374875.0;29589430.7;29714013.7;30018458.5
main,mac,3840,2160,6,rgba8,candidate,cs,3,32245271.0,31857333.5,32981541.5,3fb3e9db32af9790,32785500.0;31977521.0;32981541.5;32702604.0;32245271.0;31949479.0;31857333.5
main,mac,3840,2160,6,rgba8,candidate,ss,1,33027500.0,32507812.5,34069479.0,3fb3e9db32af9790,33781645.5;33027500.0;32507812.5;34069479.0;32906167.0;33425312.5;32567312.5
main,mac,3840,2160,6,rgba8,candidate,ss,2,33670645.5,33204625.0,34159771.0,3fb3e9db32af9790,33356208.5;33845895.5;33204625.0;33670645.5;34159771.0;34100000.0;33611541.5
main,mac,3840,2160,6,rgba8,candidate,ss,3,37882229.0,35594187.5,38850645.5,3fb3e9db32af9790,35594187.5;37882229.0;37229500.0;38850645.5;37259479.5;37920437.5;38839854.5
main,mac,3840,2160,6,rgba8,compare,base,1,18931750.0,18710771.0,19597218.8,3fb3e9db32af9790,19597218.8;18710771.0;18931750.0;19468187.5;18872593.8;18918093.8;19296250.0
main,mac,3840,2160,6,rgba8,compare,base,2,18911583.5,18513979.2,19820010.5,3fb3e9db32af9790,18513979.2;18896843.8;19095104.0;18839260.5;19820010.5;19072041.5;18911583.5
main,mac,3840,2160,6,rgba8,compare,base,3,19193906.2,18703843.8,19743937.5,3fb3e9db32af9790,19449645.8;18703843.8;19743937.5;19151729.2;18986500.0;19454479.0;19193906.2
main,mac,3840,2160,6,rgba8,compare,cc,1,18876552.2,18643010.5,19231937.5,3fb3e9db32af9790,18957322.8;18876552.2;18643010.5;18800541.5;19231937.5;19131625.0;18771666.8
main,mac,3840,2160,6,rgba8,compare,cc,2,19185479.2,18987927.2,19417739.5,3fb3e9db32af9790,19147406.2;19147375.0;19219156.2;19185479.2;18987927.2;19417739.5;19279270.8
main,mac,3840,2160,6,rgba8,compare,cc,3,19049843.8,18485281.2,19571041.8,3fb3e9db32af9790,19129271.0;18791500.0;19103312.5;18485281.2;18927229.2;19571041.8;19049843.8
main,mac,3840,2160,6,rgba8,compare,cs,1,21348500.0,21269652.7,21615750.0,3fb3e9db32af9790,21269652.7;21334305.7;21348500.0;21581500.0;21421125.0;21615750.0;21305347.3
main,mac,3840,2160,6,rgba8,compare,cs,2,21214097.3,20804833.3,21404569.3,3fb3e9db32af9790,21320402.7;21377347.3;21404569.3;20804833.3;20967111.3;21214097.3;21087097.0
main,mac,3840,2160,6,rgba8,compare,cs,3,21394750.0,21176000.0,22166472.3,3fb3e9db32af9790,21176000.0;21275847.0;21347916.7;21576777.7;22166472.3;21394750.0;21446444.3
main,mac,3840,2160,6,rgba8,compare,ss,1,25205625.0,24806055.7,25538986.0,3fb3e9db32af9790,25197805.7;25205625.0;25219819.7;25120583.3;25489277.7;25538986.0;24806055.7
main,mac,3840,2160,6,rgba8,compare,ss,2,25089708.3,24836916.7,25543736.0,3fb3e9db32af9790,25272680.7;25135528.0;24849847.0;25083708.3;25543736.0;25089708.3;24836916.7
main,mac,3840,2160,6,rgba8,compare,ss,3,27465055.7,26460180.3,28161028.0,3fb3e9db32af9790,26563263.7;26460180.3;28161028.0;27775333.3;27465055.7;27504694.3;27114472.3
main,mac,3840,2160,6,rgba8,pair,base,1,60908708.0,59589542.0,63200666.0,3fb3e9db32af9790,63200666.0;60920833.0;62189375.0;60006333.0;59589542.0;60908708.0;60686417.0
main,mac,3840,2160,6,rgba8,pair,base,2,61605083.0,60815416.0,64117209.0,3fb3e9db32af9790,64117209.0;61179958.5;61605083.0;60815416.0;61259333.0;62171750.0;61738375.0
main,mac,3840,2160,6,rgba8,pair,base,3,63096500.0,60313750.0,66855292.0,3fb3e9db32af9790,66737167.0;66855292.0;64976000.0;60313750.0;61970292.0;63096500.0;61191500.0
main,mac,3840,2160,6,rgba8,pair,cc,1,49877666.5,48790604.5,51513250.0,3fb3e9db32af9790,49081583.0;48942187.5;48790604.5;49877666.5;51513250.0;51110166.5;50806354.0
main,mac,3840,2160,6,rgba8,pair,cc,2,49334020.5,48934937.5,51091167.0,3fb3e9db32af9790,49704708.5;50693645.5;51091167.0;49334020.5;49045437.5;48934937.5;49043979.5
main,mac,3840,2160,6,rgba8,pair,cc,3,49972270.5,49292250.0,50882312.5,3fb3e9db32af9790,50882312.5;50318416.5;49828021.0;50345333.5;49292250.0;49972270.5;49953187.5
main,mac,3840,2160,6,rgba8,pair,cs,1,45225729.0,44278729.0,46051396.0,3fb3e9db32af9790,45225729.0;44278729.0;46051396.0;45890812.5;44594833.5;45071041.5;45874625.0
main,mac,3840,2160,6,rgba8,pair,cs,2,45091562.5,44198250.0,46265020.5,3fb3e9db32af9790,44198250.0;45055396.0;44885333.0;46265020.5;45168000.0;45536187.5;45091562.5
main,mac,3840,2160,6,rgba8,pair,cs,3,48045916.5,46123229.0,48434021.0,3fb3e9db32af9790,48090354.0;46552750.0;48193854.0;47237021.0;48045916.5;48434021.0;46123229.0
main,mac,3840,2160,6,rgba8,pair,ss,1,43085187.5,42059562.5,43476042.0,3fb3e9db32af9790,42565854.0;43476042.0;43091770.5;43092312.5;43085187.5;43057271.0;42059562.5
main,mac,3840,2160,6,rgba8,pair,ss,2,43149937.5,42570270.5,43487041.5,3fb3e9db32af9790,42988833.5;42821896.0;43487041.5;43149937.5;42570270.5;43295291.5;43447937.5
main,mac,3840,2160,6,rgba8,pair,ss,3,45333708.5,43901916.5,47161229.5,3fb3e9db32af9790,45333708.5;44631750.0;44054812.5;43901916.5;45504916.5;45978042.0;47161229.5
main,mac,4097,2048,6,rgba8,candidate,base,1,42037812.5,40093687.5,43673416.5,3fb3ed6f495b70f0,42037812.5;40093687.5;41748521.0;43673416.5;41445271.0;43494417.0;42893666.5
main,mac,4097,2048,6,rgba8,candidate,base,2,42426666.5,40659625.0,45499083.5,3fb3ed6f495b70f0,41755666.5;44121062.5;40659625.0;41605417.0;42426666.5;45499083.5;43023021.0
main,mac,4097,2048,6,rgba8,candidate,base,3,42574229.0,40325250.0,43285895.5,3fb3ed6f495b70f0,40325250.0;41370812.5;41665937.5;42574229.0;42947625.0;43285895.5;42826167.0
main,mac,4097,2048,6,rgba8,candidate,cc,1,35632333.0,34897562.5,36603729.0,3fb3ed6f495b70f0,35632333.0;36050333.5;35173375.0;36603729.0;34897562.5;35482354.0;36027771.0
main,mac,4097,2048,6,rgba8,candidate,cc,2,36456875.0,35151083.5,37216187.5,3fb3ed6f495b70f0,36394646.0;36521792.0;35151083.5;35819937.5;36456875.0;37146854.0;37216187.5
main,mac,4097,2048,6,rgba8,candidate,cc,3,37386729.0,36727041.5,38586854.0,3fb3ed6f495b70f0,37386729.0;37172104.0;38528958.5;38191854.0;38586854.0;37229937.5;36727041.5
main,mac,4097,2048,6,rgba8,candidate,cs,1,31618521.0,31249812.5,32092000.0,3fb3ed6f495b70f0,31618521.0;31249812.5;31686979.0;31928021.0;32092000.0;31366667.0;31262562.5
main,mac,4097,2048,6,rgba8,candidate,cs,2,31703312.5,31083604.0,31786812.5,3fb3ed6f495b70f0,31083604.0;31714562.5;31242979.0;31723208.5;31703312.5;31786812.5;31616312.5
main,mac,4097,2048,6,rgba8,candidate,cs,3,32986062.5,31613958.5,34142375.0,3fb3ed6f495b70f0,34142375.0;32966458.5;33153125.0;31613958.5;32073145.5;32986062.5;33990021.0
main,mac,4097,2048,6,rgba8,candidate,ss,1,36450146.0,35884145.5,37498417.0,3fb3ed6f495b70f0,36042375.0;37296375.0;36445416.5;36450146.0;35884145.5;36873896.0;37498417.0
main,mac,4097,2048,6,rgba8,candidate,ss,2,37215062.5,36799729.0,38115395.5,3fb3ed6f495b70f0,38115395.5;38098625.0;37215062.5;37095875.0;36799729.0;37697833.0;36924208.5
main,mac,4097,2048,6,rgba8,candidate,ss,3,39847312.5,38484021.0,41054375.0,3fb3ed6f495b70f0,40241417.0;38518354.0;39087521.0;41054375.0;40436208.5;38484021.0;39847312.5
main,mac,4097,2048,6,rgba8,compare,base,1,18436156.2,17994770.8,18835760.2,3fb3ed6f495b70f0,18049010.2;17994770.8;18686062.5;18712187.5;18436156.2;18294218.8;18835760.2
main,mac,4097,2048,6,rgba8,compare,base,2,19535125.0,19362885.5,20362902.7,3fb3ed6f495b70f0,20151319.3;20362902.7;19526416.5;19362885.5;19487875.0;19535125.0;19755614.5
main,mac,4097,2048,6,rgba8,compare,base,3,19586468.8,19399698.0,20250652.7,3fb3ed6f495b70f0,20250652.7;19561302.2;19586468.8;19552322.8;19399698.0;19715093.8;19608635.5
main,mac,4097,2048,6,rgba8,compare,cc,1,18898260.5,18679604.0,19218281.2,3fb3ed6f495b70f0,19218281.2;18922906.2;18898260.5;18679604.0;18877812.5;18910416.8;18879041.5
main,mac,4097,2048,6,rgba8,compare,cc,2,19188260.5,19039052.0,19773385.2,3fb3ed6f495b70f0,19110197.8;19159187.5;19391843.8;19188260.5;19197458.5;19773385.2;19039052.0
main,mac,4097,2048,6,rgba8,compare,cc,3,19855948.0,19637198.0,21434527.7,3fb3ed6f495b70f0,19807468.8;20871430.3;20257395.8;19822895.8;21434527.7;19855948.0;19637198.0
main,mac,4097,2048,6,rgba8,compare,cs,1,21438472.3,20507236.3,21702791.7,3fb3ed6f495b70f0,21671180.7;21676083.3;21438472.3;21702791.7;21176625.0;20507236.3;21348278.0
main,mac,4097,2048,6,rgba8,compare,cs,2,22701041.7,21970986.0,23485250.0,3fb3ed6f495b70f0,23485250.0;22295555.3;22743930.7;21970986.0;22962680.7;22701041.7;22008486.0
main,mac,4097,2048,6,rgba8,compare,cs,3,23706500.0,22707527.7,23979680.3,3fb3ed6f495b70f0,23979680.3;23183333.3;23817250.0;23706500.0;23834777.7;22926250.0;22707527.7
main,mac,4097,2048,6,rgba8,compare,ss,1,27138388.7,26307944.7,28125236.0,3fb3ed6f495b70f0,27221514.0;26307944.7;26345139.0;27138388.7;28125236.0;27420541.7;26554791.7
main,mac,4097,2048,6,rgba8,compare,ss,2,28230736.3,26853250.0,28720222.3,3fb3ed6f495b70f0,28230736.3;27488805.7;28720222.3;28304347.0;26853250.0;28221916.7;28280402.7
main,mac,4097,2048,6,rgba8,compare,ss,3,30914916.5,30421027.7,31910541.5,3fb3ed6f495b70f0,31352375.0;30914916.5;31262625.0;30421027.7;30670291.5;30895639.0;31910541.5
main,mac,4097,2048,6,rgba8,pair,base,1,62991792.0,60622375.0,65386625.0,3fb3ed6f495b70f0,61691750.0;60622375.0;61412833.0;65336042.0;65386625.0;65144042.0;62991792.0
main,mac,4097,2048,6,rgba8,pair,base,2,64847833.0,61385458.0,68364750.0,3fb3ed6f495b70f0,61537167.0;65414917.0;61402041.0;65128375.0;64847833.0;68364750.0;61385458.0
main,mac,4097,2048,6,rgba8,pair,base,3,64288375.0,62124917.0,66265000.0,3fb3ed6f495b70f0,66265000.0;66168750.0;63478875.0;64288375.0;62124917.0;66199292.0;62418167.0
main,mac,4097,2048,6,rgba8,pair,cc,1,53517167.0,50609062.5,55233854.5,3fb3ed6f495b70f0,55233854.5;53336146.0;50609062.5;53517167.0;53683750.0;51717958.5;53735395.5
main,mac,4097,2048,6,rgba8,pair,cc,2,52852375.0,52553854.0,53777750.0,3fb3ed6f495b70f0,52553854.0;52655333.5;52852375.0;52973562.5;53777750.0;52798750.0;53006708.5
main,mac,4097,2048,6,rgba8,pair,cc,3,53818812.5,52869333.5,56707604.0,3fb3ed6f495b70f0,56707604.0;53640104.5;54428125.0;53818812.5;55122542.0;52869333.5;52938646.0
main,mac,4097,2048,6,rgba8,pair,cs,1,47743500.0,46984979.5,47814500.0,3fb3ed6f495b70f0,47700312.5;47743500.0;47757521.0;46996583.5;46984979.5;47814500.0;47781146.0
main,mac,4097,2048,6,rgba8,pair,cs,2,48675437.5,47225812.5,49080562.5,3fb3ed6f495b70f0,48873229.0;48443291.5;48816750.0;47225812.5;49080562.5;48675437.5;47524729.0
main,mac,4097,2048,6,rgba8,pair,cs,3,50506271.0,50004292.0,51701250.0,3fb3ed6f495b70f0,51677020.5;51701250.0;50004292.0;50506271.0;50354166.5;50461250.0;50510437.5
main,mac,4097,2048,6,rgba8,pair,ss,1,45850666.5,44890520.5,47146437.5,3fb3ed6f495b70f0,47146437.5;45448416.5;45850666.5;46586750.0;45353187.5;44890520.5;46464375.0
main,mac,4097,2048,6,rgba8,pair,ss,2,45518541.5,44976000.0,46888458.5,3fb3ed6f495b70f0,45177458.0;45905729.0;45518541.5;44976000.0;46843083.0;46888458.5;44996145.5
main,mac,4097,2048,6,rgba8,pair,ss,3,48916458.5,46197542.0,50519625.0,3fb3ed6f495b70f0,46197542.0;49192896.0;50011291.5;48711562.5;50519625.0;48130187.5;48916458.5
main,mac,512,512,1,linear,candidate,base,1,3934578.1,3925635.4,3967778.6,3fe9d60099afb1fe,3967778.6;3934578.1;3936739.6;3931617.2;3929638.1;3942174.5;3925635.4
main,mac,512,512,1,linear,candidate,base,2,3902367.2,3892304.7,3928789.1,3fe9d60099afb1fe,3916721.4;3906372.4;3928789.1;3892304.7;3902367.2;3892338.6;3892445.3
main,mac,512,512,1,linear,candidate,base,3,3895760.4,3888723.9,3907744.8,3fe9d60099afb1fe,3898322.9;3899867.2;3891750.0;3895760.4;3907744.8;3890026.0;3888723.9
main,mac,512,512,1,linear,candidate,cc,1,3826057.2,3806463.6,3882182.2,3fe9d60099afb1fe,3882182.2;3818445.3;3850484.4;3832471.4;3826057.2;3813234.4;3806463.6
main,mac,512,512,1,linear,candidate,cc,2,4013213.9,3901536.4,4095269.4,3fe9d60099afb1fe,3901536.4;4000695.3;4013213.9;4010016.7;4095269.4;4060944.4;4063127.8
main,mac,512,512,1,linear,candidate,cc,3,3889859.4,3879635.4,3916190.1,3fe9d60099afb1fe,3885901.1;3892658.9;3889859.4;3916190.1;3879635.4;3887442.7;3890934.9
main,mac,512,512,1,linear,candidate,cs,1,3334504.7,3324129.4,3342905.1,3fe9d60099afb1fe,3341800.9;3340673.6;3334504.7;3324129.4;3329868.4;3333506.9;3342905.1
main,mac,512,512,1,linear,candidate,cs,2,3347794.0,3337668.9,3370069.4,3fe9d60099afb1fe,3341210.6;3337668.9;3353506.9;3370069.4;3347803.2;3344208.3;3347794.0
main,mac,512,512,1,linear,candidate,cs,3,3342622.7,3333490.8,3361511.6,3fe9d60099afb1fe,3341652.8;3342150.5;3342622.7;3361511.6;3333490.8;3352974.6;3353465.3
main,mac,512,512,1,linear,candidate,ss,1,4279519.5,4165341.7,4285575.0,3fe9d60099afb1fe,4183133.3;4165341.7;4277127.8;4285575.0;4279519.5;4283219.5;4281913.9
main,mac,512,512,1,linear,candidate,ss,2,4283880.5,4274600.0,4301547.6,3fe9d60099afb1fe,4274600.0;4280155.5;4276605.5;4301547.6;4289779.8;4289238.1;4283880.5
main,mac,512,512,1,linear,candidate,ss,3,4169275.0,4160930.5,4268472.2,3fe9d60099afb1fe,4167252.8;4165794.5;4169275.0;4176669.4;4160930.5;4212550.0;4268472.2
main,mac,512,512,1,linear,compare,base,1,1259717.0,1254896.7,1278336.0,3fe9d60099afb1fe,1260559.0;1259717.0;1262826.4;1278336.0;1254896.7;1259330.7;1256751.7
main,mac,512,512,1,linear,compare,base,2,1410627.9,1407542.7,1418575.6,3fe9d60099afb1fe,1410627.9;1414962.2;1418575.6;1409094.0;1407542.7;1411964.2;1408003.9
main,mac,512,512,1,linear,compare,base,3,1406013.6,1400055.2,1416783.0,3fe9d60099afb1fe,1407544.6;1405969.0;1407264.5;1406013.6;1404505.8;1416783.0;1400055.2
main,mac,512,512,1,linear,compare,cc,1,1260332.5,1258096.4,1268911.5,3fe9d60099afb1fe,1260332.5;1258686.6;1268911.5;1266622.4;1260283.0;1258096.4;1265335.1
main,mac,512,512,1,linear,compare,cc,2,1408992.3,1403749.0,1449533.7,3fe9d60099afb1fe,1408992.3;1415360.5;1408266.5;1406163.8;1403749.0;1446103.2;1449533.7
main,mac,512,512,1,linear,compare,cc,3,1405732.6,1402148.3,1407505.8,3fe9d60099afb1fe,1405732.6;1405785.9;1407368.2;1402538.8;1407505.8;1403017.4;1402148.3
main,mac,512,512,1,linear,compare,cs,1,2137528.7,2097010.0,2192378.0,3fe9d60099afb1fe,2137528.7;2112015.8;2097010.0;2143815.5;2111803.2;2146912.2;2192378.0
main,mac,512,512,1,linear,compare,cs,2,2332254.8,2327802.9,2345753.2,3fe9d60099afb1fe,2328480.8;2341961.5;2327802.9;2329102.5;2345753.2;2333113.8;2332254.8
main,mac,512,512,1,linear,compare,cs,3,2340068.9,2330115.4,2346139.4,3fe9d60099afb1fe,2340068.9;2345536.8;2330115.4;2332674.7;2336352.5;2342637.8;2346139.4
main,mac,512,512,1,linear,compare,ss,1,2898839.3,2880509.9,2930950.4,3fe9d60099afb1fe,2880509.9;2930950.4;2893136.9;2921519.9;2913279.8;2898839.3;2891644.8
main,mac,512,512,1,linear,compare,ss,2,3152652.1,3149183.3,3171125.0,3fe9d60099afb1fe,3152895.9;3152652.1;3171125.0;3151370.9;3166298.3;3149183.3;3151468.8
main,mac,512,512,1,linear,compare,ss,3,3170991.2,3152568.8,3205818.0,3fe9d60099afb1fe,3155025.0;3152568.8;3176918.8;3174144.7;3163752.2;3205818.0;3170991.2
main,mac,512,512,1,linear,pair,base,1,5044878.5,5031038.2,5134267.3,3fe9d60099afb1fe,5134267.3;5031038.2;5055635.4;5038131.9;5055538.2;5032298.6;5044878.5
main,mac,512,512,1,linear,pair,base,2,5470950.7,5452642.3,5501886.4,3fe9d60099afb1fe,5483969.6;5452642.3;5467833.4;5470950.7;5501886.4;5477579.5;5470443.2
main,mac,512,512,1,linear,pair,base,3,5474166.7,5463659.1,5508545.5,3fe9d60099afb1fe,5482988.6;5476121.3;5474166.7;5467598.5;5472310.6;5463659.1;5508545.5
main,mac,512,512,1,linear,pair,cc,1,5047260.4,5032583.3,5072760.4,3fe9d60099afb1fe,5072760.4;5063166.7;5042416.7;5038340.2;5064333.3;5032583.3;5047260.4
main,mac,512,512,1,linear,pair,cc,2,5468037.8,5457556.8,5496473.5,3fe9d60099afb1fe,5476242.5;5468037.8;5470208.4;5457556.8;5496473.5;5466136.4;5461276.5
main,mac,512,512,1,linear,pair,cc,3,5470102.3,5458840.9,5499329.5,3fe9d60099afb1fe,5483322.0;5469821.9;5459348.5;5470102.3;5458840.9;5499329.5;5482390.1
main,mac,512,512,1,linear,pair,cs,1,5225694.4,5198368.0,5276836.7,3fe9d60099afb1fe,5276836.7;5246569.4;5198368.0;5199041.7;5225694.4;5215975.7;5261611.2
main,mac,512,512,1,linear,pair,cs,2,5677640.2,5663678.0,5716356.1,3fe9d60099afb1fe,5677640.2;5672155.3;5663678.0;5681905.3;5716356.1;5684833.4;5677102.3
main,mac,512,512,1,linear,pair,cs,3,5837102.3,5826734.9,5871833.4,3fe9d60099afb1fe,5828912.8;5871833.4;5837102.3;5826734.9;5828920.5;5859462.1;5843310.6
main,mac,512,512,1,linear,pair,ss,1,4764147.5,4739391.1,4792916.6,3fe9d60099afb1fe,4777211.5;4742717.9;4750147.5;4739391.1;4764147.5;4792916.6;4772830.2
main,mac,512,512,1,linear,pair,ss,2,5110336.8,5099270.8,5130725.7,3fe9d60099afb1fe,5111708.3;5111909.8;5110336.8;5108312.5;5130725.7;5101642.3;5099270.8
main,mac,512,512,1,linear,pair,ss,3,5245197.9,5138170.2,5249947.9,3fe9d60099afb1fe,5138170.2;5248947.9;5249947.9;5245197.9;5243538.2;5240722.2;5248822.9
main,mac,512,512,1,rgba8,candidate,base,1,3693326.0,3686615.2,3724975.5,3fb58063054aaa10,3693326.0;3720995.1;3724975.5;3697652.0;3692100.5;3686615.2;3692919.1
main,mac,512,512,1,rgba8,candidate,base,2,4119005.5,4117488.9,4141894.5,3fb58063054aaa10,4128613.9;4141894.5;4134905.6;4117488.9;4119005.5;4118913.9;4118905.5
main,mac,512,512,1,rgba8,candidate,base,3,4115994.5,4110105.5,4129325.0,3fb58063054aaa10,4118950.0;4113466.7;4111888.9;4115994.5;4129325.0;4110105.5;4119141.7
main,mac,512,512,1,rgba8,candidate,cc,1,3699531.9,3687882.4,3752492.2,3fb58063054aaa10,3707107.9;3704056.4;3752492.2;3699531.9;3693737.7;3687882.4;3692134.8
main,mac,512,512,1,rgba8,candidate,cc,2,4132952.7,4125372.2,4171561.1,3fb58063054aaa10,4132952.7;4133280.5;4171561.1;4134911.1;4128922.2;4127766.7;4125372.2
main,mac,512,512,1,rgba8,candidate,cc,3,4120750.0,4114130.5,4156527.8,3fb58063054aaa10,4115775.0;4124866.7;4118863.9;4122033.3;4156527.8;4120750.0;4114130.5
main,mac,512,512,1,rgba8,candidate,cs,1,3256460.5,3250195.2,3296921.1,3fb58063054aaa10,3262528.5;3258638.2;3296921.1;3252611.8;3256460.5;3250195.2;3251796.1
main,mac,512,512,1,rgba8,candidate,cs,2,3620637.2,3617370.1,3640723.1,3fb58063054aaa10,3621492.6;3619166.6;3640723.1;3627517.2;3620637.2;3617370.1;3619049.1
main,mac,512,512,1,rgba8,candidate,cs,3,3616973.1,3606774.5,3638938.7,3fb58063054aaa10,3616973.1;3619154.4;3617134.8;3615404.4;3638938.7;3611936.3;3606774.5
main,mac,512,512,1,rgba8,candidate,ss,1,3918059.9,3901484.4,3966843.8,3fb58063054aaa10,3932322.9;3901484.4;3934955.7;3966843.8;3918059.9;3916567.7;3917242.2
main,mac,512,512,1,rgba8,candidate,ss,2,4426235.1,4423684.6,4453270.9,3fb58063054aaa10,4426235.1;4423684.6;4453270.9;4433193.5;4425839.3;4430000.0;4423863.1
main,mac,512,512,1,rgba8,candidate,ss,3,4421898.9,4412949.4,4448872.1,3fb58063054aaa10,4425726.2;4417071.4;4412949.4;4421285.7;4448872.1;4429756.0;4421898.9
main,mac,512,512,1,rgba8,compare,base,1,1451040.7,1445920.6,1459116.1,3fb58063054aaa10,1455706.3;1453922.6;1451040.7;1446607.1;1449825.4;1459116.1;1445920.6
main,mac,512,512,1,rgba8,compare,base,2,1443194.4,1441724.2,1448627.0,3fb58063054aaa10,1446842.3;1443194.4;1441724.2;1444784.7;1448627.0;1442293.7;1442433.5
main,mac,512,512,1,rgba8,compare,base,3,1446066.5,1438870.0,1454078.4,3fb58063054aaa10,1453156.8;1447955.4;1454078.4;1446066.5;1444338.3;1439146.8;1438870.0
main,mac,512,512,1,rgba8,compare,cc,1,1446862.1,1439330.4,1451139.9,3fb58063054aaa10,1449574.4;1447130.0;1444673.6;1446862.1;1443874.0;1451139.9;1439330.4
main,mac,512,512,1,rgba8,compare,cc,2,1443417.7,1435280.8,1452874.0,3fb58063054aaa10,1448674.6;1444222.2;1452874.0;1435280.8;1443417.7;1441535.7;1438998.0
main,mac,512,512,1,rgba8,compare,cc,3,1445124.0,1438996.0,1452541.7,3fb58063054aaa10,1448753.0;1452541.7;1452353.2;1445124.0;1438996.0;1443018.9;1441344.3
main,mac,512,512,1,rgba8,compare,cs,1,2329320.5,2327076.9,2346312.5,3fb58063054aaa10,2330673.1;2329320.5;2327935.9;2327076.9;2327448.7;2346312.5;2329934.3
main,mac,512,512,1,rgba8,compare,cs,2,2330637.8,2327397.5,2341304.5,3fb58063054aaa10,2330623.4;2331992.0;2341304.5;2328977.5;2330637.8;2333291.7;2327397.5
main,mac,512,512,1,rgba8,compare,cs,3,2328453.5,2325713.2,2342642.6,3fb58063054aaa10,2327762.8;2329397.4;2342642.6;2328453.5;2325713.2;2326072.1;2337472.7
main,mac,512,512,1,rgba8,compare,ss,1,3140927.1,3133106.2,3164383.8,3fb58063054aaa10,3140927.1;3139841.6;3133106.2;3140795.9;3164383.8;3155291.7;3142008.4
main,mac,512,512,1,rgba8,compare,ss,2,3158660.1,3158179.8,3171519.7,3fb58063054aaa10,3158179.8;3158660.1;3171519.7;3158234.7;3158603.1;3159989.1;3160252.2
main,mac,512,512,1,rgba8,compare,ss,3,3140547.9,3139656.3,3159188.6,3fb58063054aaa10,3159188.6;3144804.2;3153887.5;3140245.9;3140356.3;3140547.9;3139656.3
main,mac,512,512,1,rgba8,pair,base,1,5498208.4,5462215.9,5558602.3,3fb58063054aaa10,5506901.5;5483787.9;5462215.9;5470064.4;5498208.4;5522291.6;5558602.3
main,mac,512,512,1,rgba8,pair,base,2,6015841.6,6011354.2,6040020.8,3fb58063054aaa10,6011354.2;6011908.3;6020512.5;6040020.8;6035704.1;6015841.6;6012970.8
main,mac,512,512,1,rgba8,pair,base,3,6183429.2,6166750.0,6213758.3,3fb58063054aaa10,6213758.3;6190312.5;6187875.0;6179050.0;6183429.2;6166750.0;6170066.7
main,mac,512,512,1,rgba8,pair,cc,1,5430635.4,5408305.6,5495223.5,3fb58063054aaa10,5430635.4;5458098.5;5419052.1;5426798.6;5408305.6;5466386.4;5495223.5
main,mac,512,512,1,rgba8,pair,cc,2,6027458.4,6018508.4,6056487.5,3fb58063054aaa10,6038504.2;6019962.5;6026179.1;6018508.4;6056487.5;6027458.4;6031558.3
main,mac,512,512,1,rgba8,pair,cc,3,6053762.5,6025454.2,6069570.8,3fb58063054aaa10,6040033.4;6044050.0;6069570.8;6053762.5;6059595.8;6025454.2;6054629.2
main,mac,512,512,1,rgba8,pair,cs,1,5016482.7,4999131.5,5078038.2,3fb58063054aaa10,5050378.4;5022111.2;5014861.2;4999131.5;5016482.7;5003614.6;5078038.2
main,mac,512,512,1,rgba8,pair,cs,2,5555662.9,5543617.4,6239341.7,3fb58063054aaa10,5555662.9;5553962.2;5553068.2;5583079.5;5543617.4;6239341.7;6217787.5
main,mac,512,512,1,rgba8,pair,cs,3,5554371.2,5517731.0,5680155.3,3fb58063054aaa10,5680155.3;5679072.0;5669587.1;5517731.0;5554371.2;5527503.7;5527386.4
main,mac,512,512,1,rgba8,pair,ss,1,5094927.1,5083861.2,5130378.4,3fb58063054aaa10,5130378.4;5083861.2;5093031.2;5105607.7;5094927.1;5091135.4;5119381.9
main,mac,512,512,1,rgba8,pair,ss,2,5609848.5,5601064.4,5633435.6,3fb58063054aaa10,5609848.5;5603928.1;5607034.1;5601064.4;5631473.5;5610799.2;5633435.6
main,mac,512,512,1,rgba8,pair,ss,3,5620575.7,5605791.6,5690647.7,3fb58063054aaa10,5606151.5;5605791.6;5620575.7;5617003.8;5690647.7;5622412.9;5626238.6
main,mac,512,512,12,linear,candidate,base,1,1338002.8,1312144.9,1402927.3,3fe9d60099afb1fe,1338002.8;1402927.3;1347535.2;1319491.0;1327771.7;1312144.9;1342643.5
main,mac,512,512,12,linear,candidate,base,2,1403119.2,1365111.8,1437513.9,3fe9d60099afb1fe,1403119.2;1365111.8;1416768.4;1383568.2;1425595.0;1369094.7;1437513.9
main,mac,512,512,12,linear,candidate,base,3,1329481.9,1300867.9,1387582.4,3fe9d60099afb1fe,1300867.9;1369812.5;1317773.5;1313774.5;1329662.1;1387582.4;1329481.9
main,mac,512,512,12,linear,candidate,cc,1,1346592.6,1336576.8,1400522.3,3fe9d60099afb1fe,1400522.3;1350550.9;1354557.4;1337665.7;1336576.8;1344874.1;1346592.6
main,mac,512,512,12,linear,candidate,cc,2,1353707.4,1325515.4,1377575.8,3fe9d60099afb1fe,1351206.5;1377575.8;1325515.4;1346025.9;1371326.7;1353707.4;1360014.8
main,mac,512,512,12,linear,candidate,cc,3,1386474.4,1335982.4,1422715.1,3fe9d60099afb1fe,1405805.2;1345334.3;1335982.4;1407502.9;1422715.1;1354313.9;1386474.4
main,mac,512,512,12,linear,candidate,cs,1,1084426.3,1076078.1,1132086.5,3fe9d60099afb1fe,1076078.1;1132086.5;1084067.0;1084426.3;1093247.7;1083180.1;1093822.7
main,mac,512,512,12,linear,candidate,cs,2,1129083.3,1106918.9,1141537.7,3fe9d60099afb1fe,1120863.4;1129083.3;1132730.3;1118114.2;1106918.9;1139643.1;1141537.7
main,mac,512,512,12,linear,candidate,cs,3,1116344.9,1099250.0,1124355.7,3fe9d60099afb1fe,1099250.0;1124355.7;1109398.5;1116344.9;1115291.7;1116473.8;1120231.5
main,mac,512,512,12,linear,candidate,ss,1,1187394.6,1177031.9,1196878.3,3fe9d60099afb1fe,1193686.3;1179657.7;1177031.9;1195202.6;1196878.3;1187394.6;1179349.7
main,mac,512,512,12,linear,candidate,ss,2,1211187.5,1201308.3,1238244.0,3fe9d60099afb1fe,1215586.7;1207975.8;1201308.3;1211187.5;1208080.0;1212953.3;1238244.0
main,mac,512,512,12,linear,candidate,ss,3,1224835.0,1197345.6,1241159.9,3fe9d60099afb1fe,1219620.0;1197345.6;1217751.7;1224835.0;1237337.6;1240487.2;1241159.9
main,mac,512,512,12,linear,compare,base,1,773876.1,767939.3,803791.1,3fe9d60099afb1fe,772678.4;794336.1;773876.1;803791.1;770978.6;777128.7;767939.3
main,mac,512,512,12,linear,compare,base,2,724682.7,715036.7,735748.0,3fe9d60099afb1fe,724144.6;715036.7;720546.6;735748.0;729727.4;724682.7;726815.8
main,mac,512,512,12,linear,compare,base,3,736613.3,724579.3,761500.0,3fe9d60099afb1fe,724579.3;736613.3;735100.6;747241.8;734152.9;746366.8;761500.0
main,mac,512,512,12,linear,compare,cc,1,741769.0,732123.5,748524.7,3fe9d60099afb1fe,743403.8;748524.7;741769.0;741357.0;732123.5;740644.3;742733.0
main,mac,512,512,12,linear,compare,cc,2,714594.1,710562.7,727308.2,3fe9d60099afb1fe,713206.4;714594.1;725202.8;718440.0;727308.2;710998.5;710562.7
main,mac,512,512,12,linear,compare,cc,3,781443.2,774279.4,794191.3,3fe9d60099afb1fe,774279.4;787171.0;781443.2;779679.1;794191.3;782434.0;774890.0
main,mac,512,512,12,linear,compare,cs,1,736880.1,730436.2,752290.1,3fe9d60099afb1fe,730436.2;736880.1;752290.1;740899.9;741439.3;733112.3;732545.2
main,mac,512,512,12,linear,compare,cs,2,736407.0,730153.1,739020.3,3fe9d60099afb1fe,736407.0;738077.2;730153.1;737131.1;739020.3;734913.1;732708.8
main,mac,512,512,12,linear,compare,cs,3,736375.0,723729.4,741699.1,3fe9d60099afb1fe,741393.5;723729.4;739381.6;735192.6;735517.3;736375.0;741699.1
main,mac,512,512,12,linear,compare,ss,1,837199.7,829675.2,843449.7,3fe9d60099afb1fe,837199.7;832601.6;843449.7;841884.8;836373.8;829675.2;837596.1
main,mac,512,512,12,linear,compare,ss,2,841638.3,832846.5,847387.9,3fe9d60099afb1fe,844490.2;832846.5;839255.8;847387.9;841638.3;841980.3;839986.7
main,mac,512,512,12,linear,compare,ss,3,839637.7,835371.5,843041.1,3fe9d60099afb1fe,841716.4;839637.7;836175.3;835371.5;838469.3;843041.1;840903.3
main,mac,512,512,12,linear,pair,base,1,1913212.2,1865627.5,1953270.2,3fe9d60099afb1fe,1902794.3;1953270.2;1918141.9;1913212.2;1896084.6;1865627.5;1921716.1
main,mac,512,512,12,linear,pair,base,2,1938918.0,1907148.4,2002051.4,3fe9d60099afb1fe,1924731.8;2002051.4;1941434.2;1938918.0;1907148.4;1972883.1;1937496.0
main,mac,512,512,12,linear,pair,base,3,1973762.1,1917385.4,2037177.8,3fe9d60099afb1fe,2037177.8;1979615.6;1917385.4;1940020.2;1960708.4;1977227.1;1973762.1
main,mac,512,512,12,linear,pair,cc,1,1942045.7,1842532.8,1970395.2,3fe9d60099afb1fe,1958967.7;1970395.2;1942045.7;1915122.4;1948664.0;1842532.8;1887514.3
main,mac,512,512,12,linear,pair,cc,2,1976672.0,1908519.5,1998291.7,3fe9d60099afb1fe,1959985.2;1982702.9;1998291.7;1996138.5;1976672.0;1908519.5;1922015.6
main,mac,512,512,12,linear,pair,cc,3,1985646.5,1924700.5,2031404.2,3fe9d60099afb1fe,1959153.2;1939900.5;1987880.4;1993884.4;2031404.2;1924700.5;1985646.5
main,mac,512,512,12,linear,pair,cs,1,1665826.6,1633800.7,1697880.8,3fe9d60099afb1fe,1674634.2;1665826.6;1697880.8;1667888.5;1654076.6;1646310.8;1633800.7
main,mac,512,512,12,linear,pair,cs,2,1692903.9,1656988.7,1742275.0,3fe9d60099afb1fe,1685012.7;1656988.7;1740817.9;1687620.4;1692903.9;1742275.0;1739925.0
main,mac,512,512,12,linear,pair,cs,3,1710421.3,1641482.0,1734950.0,3fe9d60099afb1fe,1657210.6;1717701.2;1659237.6;1713295.1;1641482.0;1734950.0;1710421.3
main,mac,512,512,12,linear,pair,ss,1,1522283.3,1505847.9,1560074.8,3fe9d60099afb1fe,1560074.8;1520328.1;1505847.9;1550097.2;1548575.8;1515993.8;1522283.3
main,mac,512,512,12,linear,pair,ss,2,1539727.1,1513667.7,1568121.8,3fe9d60099afb1fe,1533563.6;1539727.1;1535257.3;1541244.6;1568121.8;1513667.7;1565541.7
main,mac,512,512,12,linear,pair,ss,3,1543945.5,1502237.5,1568635.7,3fe9d60099afb1fe,1517234.4;1513833.3;1568635.7;1546043.8;1552493.6;1502237.5;1543945.5
main,mac,512,512,12,rgba8,candidate,base,1,1454577.4,1433712.3,1495931.9,3fb58063054aaa10,1441006.0;1481649.4;1452111.1;1433712.3;1495931.9;1454577.4;1460173.6
main,mac,512,512,12,rgba8,candidate,base,2,1530757.3,1490257.1,1565002.1,3fb58063054aaa10,1491697.1;1497649.4;1490257.1;1530757.3;1555543.8;1565002.1;1559071.6
main,mac,512,512,12,rgba8,candidate,base,3,1543501.1,1508049.0,1625477.5,3fb58063054aaa10,1508049.0;1625477.5;1543501.1;1595555.9;1540852.1;1530002.1;1612008.8
main,mac,512,512,12,rgba8,candidate,cc,1,1311121.4,1264735.2,1364615.5,3fb58063054aaa10,1264735.2;1364615.5;1338407.4;1264845.5;1279669.3;1354193.5;1311121.4
main,mac,512,512,12,rgba8,candidate,cc,2,1315965.6,1264770.8,1354236.1,3fb58063054aaa10,1354236.1;1264770.8;1271546.9;1316486.4;1331919.4;1295178.2;1315965.6
main,mac,512,512,12,rgba8,candidate,cc,3,1374696.0,1280778.4,1411177.3,3fb58063054aaa10,1337338.9;1280778.4;1383894.9;1357438.0;1377990.5;1411177.3;1374696.0
main,mac,512,512,12,rgba8,candidate,cs,1,1130631.9,1112395.8,1157242.0,3fb58063054aaa10,1126427.5;1130631.9;1119558.6;1157242.0;1112395.8;1136889.9;1145697.3
main,mac,512,512,12,rgba8,candidate,cs,2,1142865.6,1137438.7,1170155.5,3fb58063054aaa10,1170155.5;1156317.3;1142865.6;1137438.7;1144037.7;1140289.3;1142605.4
main,mac,512,512,12,rgba8,candidate,cs,3,1146948.1,1128737.7,1181421.6,3fb58063054aaa10,1133563.7;1153951.9;1181421.6;1128737.7;1146948.1;1135811.3;1162072.9
main,mac,512,512,12,rgba8,candidate,ss,1,1234037.4,1219510.8,1252484.4,3fb58063054aaa10,1252484.4;1234037.4;1240426.9;1219510.8;1230605.4;1242928.6;1230096.1
main,mac,512,512,12,rgba8,candidate,ss,2,1253072.1,1242609.7,1261925.4,3fb58063054aaa10,1261925.4;1253072.1;1253890.6;1242609.7;1247369.9;1242761.9;1257413.2
main,mac,512,512,12,rgba8,candidate,ss,3,1250633.7,1235079.9,1265901.9,3fb58063054aaa10,1244098.6;1254390.6;1265901.9;1255951.4;1250633.7;1248273.8;1235079.9
main,mac,512,512,12,rgba8,compare,base,1,724307.2,714886.9,733214.9,3fb58063054aaa10,723698.8;733214.9;729189.3;724307.2;717195.4;732217.0;714886.9
main,mac,512,512,12,rgba8,compare,base,2,727722.4,717975.7,735215.5,3fb58063054aaa10,735215.5;724551.2;721497.5;727722.4;717975.7;728647.1;730766.1
main,mac,512,512,12,rgba8,compare,base,3,728116.5,726384.0,743573.6,3fb58063054aaa10,728381.0;742620.9;727393.1;726700.3;728116.5;726384.0;743573.6
main,mac,512,512,12,rgba8,compare,cc,1,727796.7,716310.0,735456.8,3fb58063054aaa10,716310.0;730193.3;720276.8;727796.7;724053.7;729801.2;735456.8
main,mac,512,512,12,rgba8,compare,cc,2,829808.8,781447.5,837920.7,3fb58063054aaa10,835320.0;829808.8;830569.6;837920.7;804761.1;807532.8;781447.5
main,mac,512,512,12,rgba8,compare,cc,3,732103.7,718655.8,748406.4,3fb58063054aaa10,732102.6;730573.8;732103.7;718655.8;748406.4;732278.5;733705.8
main,mac,512,512,12,rgba8,compare,cs,1,737146.3,728266.6,740024.4,3fb58063054aaa10,728266.6;737433.9;730982.4;729281.1;738517.8;740024.4;737146.3
main,mac,512,512,12,rgba8,compare,cs,2,740945.0,732476.4,743484.6,3fb58063054aaa10,742951.6;742266.5;740748.0;732476.4;740945.0;743484.6;737378.0
main,mac,512,512,12,rgba8,compare,cs,3,740754.1,731874.5,745427.0,3fb58063054aaa10,745427.0;744376.5;731874.5;740335.9;734220.5;740754.1;742974.3
main,mac,512,512,12,rgba8,compare,ss,1,841153.4,836272.6,842276.6,3fb58063054aaa10,836526.6;841328.7;838868.1;841213.0;842276.6;836272.6;841153.4
main,mac,512,512,12,rgba8,compare,ss,2,841324.7,830760.3,843685.8,3fb58063054aaa10,843685.8;841865.7;836706.0;841324.7;830760.3;841480.9;834566.5
main,mac,512,512,12,rgba8,compare,ss,3,842357.6,835230.9,845882.6,3fb58063054aaa10,836838.5;845882.6;835230.9;842357.6;842903.9;844522.6;837145.2
main,mac,512,512,12,rgba8,pair,base,1,2330921.5,2283030.9,2361432.7,3fb58063054aaa10,2326783.7;2360256.4;2330921.5;2331243.6;2295946.0;2283030.9;2361432.7
main,mac,512,512,12,rgba8,pair,base,2,2303790.1,2239041.7,2382415.1,3fb58063054aaa10,2327939.1;2303790.1;2346961.5;2242709.9;2239041.7;2288441.4;2382415.1
main,mac,512,512,12,rgba8,pair,base,3,2332067.3,2300578.7,2383190.7,3fb58063054aaa10,2383190.7;2302915.1;2300578.7;2324134.6;2341379.8;2336307.7;2332067.3
main,mac,512,512,12,rgba8,pair,cc,1,1879789.1,1854705.8,2088099.1,3fb58063054aaa10,1895515.6;1905024.8;1879789.1;1866375.0;1862035.4;2088099.1;1854705.8
main,mac,512,512,12,rgba8,pair,cc,2,1913592.4,1833045.5,2017645.2,3fb58063054aaa10,1906722.7;2017645.2;1961682.8;1876372.4;1833045.5;1915045.6;1913592.4
main,mac,512,512,12,rgba8,pair,cc,3,1907668.0,1839195.7,1999332.0,3fb58063054aaa10,1944842.7;1907668.0;1839195.7;1863546.7;1999332.0;1968282.3;1889199.2
main,mac,512,512,12,rgba8,pair,cs,1,1709034.7,1666763.9,1739936.9,3fb58063054aaa10,1739936.9;1681782.4;1689032.4;1709034.7;1666763.9;1719547.6;1712282.4
main,mac,512,512,12,rgba8,pair,cs,2,1686197.9,1662935.8,1749920.3,3fb58063054aaa10,1662935.8;1666084.5;1680329.9;1749920.3;1722257.1;1721957.1;1686197.9
main,mac,512,512,12,rgba8,pair,cs,3,1761534.5,1676401.6,1798174.0,3fb58063054aaa10,1714626.2;1708642.4;1761534.5;1769449.8;1676401.6;1798174.0;1776572.3
main,mac,512,512,12,rgba8,pair,ss,1,1685936.3,1655227.5,1695879.6,3fb58063054aaa10,1655227.5;1664429.1;1692319.4;1695879.6;1685936.3;1695149.3;1682953.7
main,mac,512,512,12,rgba8,pair,ss,2,1658618.2,1649411.0,1704324.1,3fb58063054aaa10,1657617.1;1649411.0;1704324.1;1672792.8;1703103.0;1654729.7;1658618.2
main,mac,512,512,12,rgba8,pair,ss,3,1694858.8,1663366.0,1709994.2,3fb58063054aaa10,1679944.4;1682182.9;1663366.0;1709541.7;1709994.2;1698472.2;1694858.8
main,mac,512,512,6,linear,candidate,base,1,1210695.0,1178232.8,1301939.7,3fe9d60099afb1fe,1178232.8;1190272.1;1210695.0;1301939.7;1186921.6;1290839.5;1247127.6
main,mac,512,512,6,linear,candidate,base,2,1250453.1,1234199.0,1319443.8,3fe9d60099afb1fe,1252304.7;1288137.4;1234199.0;1250453.1;1319443.8;1238239.8;1238380.9
main,mac,512,512,6,linear,candidate,base,3,1203533.3,1198789.2,1250038.2,3fe9d60099afb1fe,1207894.2;1203533.3;1202339.2;1250038.2;1198789.2;1200030.8;1208795.8
main,mac,512,512,6,linear,candidate,cc,1,1222379.2,1212998.3,1282768.6,3fe9d60099afb1fe,1213708.3;1235440.5;1274276.0;1222379.2;1282768.6;1212998.3;1221869.2
main,mac,512,512,6,linear,candidate,cc,2,1205915.8,1190935.5,1229247.4,3fe9d60099afb1fe,1225002.6;1190935.5;1205915.8;1204853.3;1197868.5;1207287.5;1229247.4
main,mac,512,512,6,linear,candidate,cc,3,1251575.5,1206757.5,1280475.2,3fe9d60099afb1fe,1266222.2;1217884.2;1257533.0;1280475.2;1219129.2;1251575.5;1206757.5
main,mac,512,512,6,linear,candidate,cs,1,1036335.5,1029388.4,1042977.0,3fe9d60099afb1fe,1038087.6;1035416.7;1036571.8;1029388.4;1036335.5;1042977.0;1030251.4
main,mac,512,512,6,linear,candidate,cs,2,1059624.3,1053762.2,1065752.9,3fe9d60099afb1fe,1055174.7;1061049.0;1065752.9;1062425.4;1053762.2;1059488.3;1059624.3
main,mac,512,512,6,linear,candidate,cs,3,1089215.8,1075398.1,1099137.1,3fe9d60099afb1fe,1094289.4;1099137.1;1088023.1;1089215.8;1085212.1;1075398.1;1097984.9
main,mac,512,512,6,linear,candidate,ss,1,1213651.7,1206710.8,1217438.3,3fe9d60099afb1fe,1206710.8;1216404.2;1212365.0;1213651.7;1210013.3;1215260.0;1217438.3
main,mac,512,512,6,linear,candidate,ss,2,1260356.8,1250649.3,1273700.5,3fe9d60099afb1fe,1269389.8;1250649.3;1260356.8;1273700.5;1256007.8;1264714.4;1256743.9
main,mac,512,512,6,linear,candidate,ss,3,1236785.7,1218295.8,1260061.6,3fe9d60099afb1fe,1218295.8;1223690.8;1234203.2;1260061.6;1248059.5;1236785.7;1241958.3
main,mac,512,512,6,linear,compare,base,1,647034.1,641995.1,653770.8,3fe9d60099afb1fe,646094.5;641995.1;650757.6;647034.1;644612.1;648477.2;653770.8
main,mac,512,512,6,linear,compare,base,2,650678.8,647281.4,655014.9,3fe9d60099afb1fe,650678.8;648460.1;652413.0;648774.6;655014.9;652991.8;647281.4
main,mac,512,512,6,linear,compare,base,3,661019.7,654804.8,661481.7,3fe9d60099afb1fe,661019.7;658117.3;658549.8;661321.0;661412.5;661481.7;654804.8
main,mac,512,512,6,linear,compare,cc,1,661671.2,655522.2,678144.7,3fe9d60099afb1fe,655522.2;655620.0;659574.6;661853.9;661671.2;678144.7;672544.9
main,mac,512,512,6,linear,compare,cc,2,665286.2,658370.5,676922.8,3fe9d60099afb1fe,662228.0;676922.8;664046.7;665286.2;669377.8;665883.7;658370.5
main,mac,512,512,6,linear,compare,cc,3,656878.2,652685.2,659670.3,3fe9d60099afb1fe,654253.2;657725.5;657336.5;653515.8;652685.2;656878.2;659670.3
main,mac,512,512,6,linear,compare,cs,1,742607.0,741081.3,748175.9,3fe9d60099afb1fe,741757.2;746269.6;741893.0;748175.9;741081.3;742607.0;747339.0
main,mac,512,512,6,linear,compare,cs,2,740846.7,739335.9,747738.7,3fe9d60099afb1fe,747738.7;745524.2;740846.7;741240.2;740656.0;739335.9;740613.3
main,mac,512,512,6,linear,compare,cs,3,743290.6,741904.3,745904.3,3fe9d60099afb1fe,743290.6;742481.0;745904.3;743383.2;741904.3;744015.4;742830.2
main,mac,512,512,6,linear,compare,ss,1,911884.5,906730.7,917289.8,3fe9d60099afb1fe,911884.5;915272.1;908811.6;914205.8;911142.0;917289.8;906730.7
main,mac,512,512,6,linear,compare,ss,2,910772.1,906100.1,913167.9,3fe9d60099afb1fe,910813.8;906100.1;907044.8;910772.1;912712.7;913167.9;907710.8
main,mac,512,512,6,linear,compare,ss,3,915724.1,910121.2,921448.9,3fe9d60099afb1fe,910121.2;918661.0;910352.9;915334.6;921448.9;915724.1;918340.3
main,mac,512,512,6,linear,pair,base,1,1727766.7,1714407.1,1792552.7,3fe9d60099afb1fe,1758400.0;1714407.1;1727766.7;1792552.7;1725714.3;1727082.1;1776204.6
main,mac,512,512,6,linear,pair,base,2,1745920.3,1714421.4,1800610.3,3fe9d60099afb1fe,1745920.3;1798734.1;1738158.3;1782801.5;1744038.1;1714421.4;1800610.3
main,mac,512,512,6,linear,pair,base,3,1751039.3,1722000.0,1776185.7,3fe9d60099afb1fe,1776185.7;1775176.5;1722000.0;1753298.8;1746573.8;1751039.3;1722967.9
main,mac,512,512,6,linear,pair,cc,1,1764394.1,1707546.3,1788855.4,3fe9d60099afb1fe,1751009.5;1767614.0;1788855.4;1741876.2;1767692.4;1707546.3;1764394.1
main,mac,512,512,6,linear,pair,cc,2,1749621.4,1715390.1,1760891.7,3fe9d60099afb1fe,1715390.1;1746179.7;1749621.4;1734384.5;1760891.7;1751189.3;1755250.0
main,mac,512,512,6,linear,pair,cc,3,1743022.6,1710981.5,1816118.9,3fe9d60099afb1fe,1717875.0;1710981.5;1816118.9;1743022.6;1747244.1;1736663.1;1750271.4
main,mac,512,512,6,linear,pair,cs,1,1561694.4,1541121.8,1574855.8,3fe9d60099afb1fe,1573686.9;1541121.8;1574855.8;1567048.1;1561694.4;1543884.6;1559980.8
main,mac,512,512,6,linear,pair,cs,2,1557291.7,1540020.3,1584164.5,3fe9d60099afb1fe,1557507.5;1540020.3;1572963.7;1543176.3;1547114.3;1557291.7;1584164.5
main,mac,512,512,6,linear,pair,cs,3,1562352.6,1545764.9,1592572.4,3fe9d60099afb1fe,1545764.9;1562352.6;1591944.1;1557917.7;1578521.4;1592572.4;1556377.1
main,mac,512,512,6,linear,pair,ss,1,1484219.5,1466351.6,1491756.1,3fe9d60099afb1fe,1487394.3;1486783.5;1477383.1;1491756.1;1475330.3;1484219.5;1466351.6
main,mac,512,512,6,linear,pair,ss,2,1472769.3,1460765.9,1484831.3,3fe9d60099afb1fe,1480255.1;1475253.0;1469241.9;1460765.9;1468081.3;1472769.3;1484831.3
main,mac,512,512,6,linear,pair,ss,3,1491649.4,1463637.2,1507762.5,3fe9d60099afb1fe,1497108.7;1498044.7;1491649.4;1463637.2;1475735.8;1507762.5;1472795.7
main,mac,512,512,6,rgba8,candidate,base,1,1348002.8,1342787.0,1356658.3,3fb58063054aaa10,1344098.2;1352281.5;1348002.8;1342787.0;1356658.3;1356507.4;1345651.8
main,mac,512,512,6,rgba8,candidate,base,2,1415770.3,1375014.2,1494065.0,3fb58063054aaa10,1393000.0;1415770.3;1375014.2;1396353.7;1422765.5;1494065.0;1446553.6
main,mac,512,512,6,rgba8,candidate,base,3,1371138.2,1367684.7,1378895.8,3fb58063054aaa10,1371138.2;1378895.8;1369913.8;1370307.8;1374448.9;1367684.7;1373277.5
main,mac,512,512,6,rgba8,candidate,cc,1,1125550.9,1099543.9,1206547.5,3fb58063054aaa10,1206547.5;1178660.9;1178382.4;1125550.9;1100106.8;1104133.3;1099543.9
main,mac,512,512,6,rgba8,candidate,cc,2,1133367.9,1118172.9,1145320.8,3fb58063054aaa10,1143653.3;1134574.7;1118172.9;1123780.9;1129900.5;1145320.8;1133367.9
main,mac,512,512,6,rgba8,candidate,cc,3,1147593.6,1113456.8,1177199.5,3fb58063054aaa10,1154632.2;1113456.8;1147593.6;1177199.5;1152077.8;1142832.5;1141007.1
main,mac,512,512,6,rgba8,candidate,cs,1,1064252.9,1057940.1,1070929.1,3fb58063054aaa10,1057940.1;1058969.3;1061818.7;1070929.1;1067251.5;1065100.9;1064252.9
main,mac,512,512,6,rgba8,candidate,cs,2,1065869.9,1063230.3,1075171.9,3fb58063054aaa10,1065869.9;1063230.3;1071052.6;1063816.5;1064317.3;1075171.9;1071195.2
main,mac,512,512,6,rgba8,candidate,cs,3,1106676.5,1079401.0,1116382.7,3fb58063054aaa10,1116382.7;1094719.7;1092893.9;1079401.0;1108752.3;1106676.5;1113341.8
main,mac,512,512,6,rgba8,candidate,ss,1,1241646.3,1230879.2,1250672.6,3fb58063054aaa10,1250672.6;1243009.3;1240369.9;1250539.9;1241646.3;1230879.2;1237315.5
main,mac,512,512,6,rgba8,candidate,ss,2,1252139.8,1225903.9,1254388.0,3fb58063054aaa10,1254388.0;1253081.6;1252139.8;1245168.4;1252633.7;1225903.9;1249310.4
main,mac,512,512,6,rgba8,candidate,ss,3,1314698.4,1310830.6,1325200.2,3fb58063054aaa10,1310830.6;1314698.4;1321510.9;1313110.5;1323119.6;1312462.0;1325200.2
main,mac,512,512,6,rgba8,compare,base,1,629092.9,620441.2,641311.2,3fb58063054aaa10,622009.0;622645.2;632248.7;630487.4;641311.2;620441.2;629092.9
main,mac,512,512,6,rgba8,compare,base,2,652226.9,636079.4,659904.3,3fb58063054aaa10,636529.8;636079.4;652776.3;652226.9;659756.9;659904.3;639223.4
main,mac,512,512,6,rgba8,compare,base,3,645864.7,638386.5,651672.0,3fb58063054aaa10,651672.0;638386.5;648293.9;645353.5;645864.7;645888.4;641729.6
main,mac,512,512,6,rgba8,compare,cc,1,609764.7,607567.3,612436.7,3fb58063054aaa10,610380.5;612436.7;609764.7;611040.0;607567.3;608279.5;608343.4
main,mac,512,512,6,rgba8,compare,cc,2,647982.1,640916.7,663235.3,3fb58063054aaa10,640916.7;647982.1;645183.7;653259.1;646136.2;663235.3;649715.9
main,mac,512,512,6,rgba8,compare,cc,3,862161.9,836058.2,959900.8,3fb58063054aaa10,862161.9;836058.2;959900.8;888404.4;849375.0;887381.7;840548.0
main,mac,512,512,6,rgba8,compare,cs,1,707638.2,703565.4,709251.0,3fb58063054aaa10,707638.2;707957.4;709251.0;707772.6;703565.4;704386.1;705660.4
main,mac,512,512,6,rgba8,compare,cs,2,744082.8,742284.0,748805.6,3fb58063054aaa10,748805.6;743231.0;743896.6;746124.0;746027.8;744082.8;742284.0
main,mac,512,512,6,rgba8,compare,cs,3,749211.4,742299.4,774988.8,3fb58063054aaa10,774988.8;747362.7;746678.5;742299.4;749211.4;754183.9;754752.6
main,mac,512,512,6,rgba8,compare,ss,1,874359.9,870501.8,875968.0,3fb58063054aaa10,872932.4;870501.8;874359.9;875751.2;875968.0;874777.8;872805.6
main,mac,512,512,6,rgba8,compare,ss,2,909924.9,905579.6,917336.5,3fb58063054aaa10,917336.5;907988.8;907769.3;909924.9;905579.6;910164.1;910438.8
main,mac,512,512,6,rgba8,compare,ss,3,963179.9,958840.0,970414.6,3fb58063054aaa10,961935.2;963179.9;959819.4;966236.1;958840.0;968829.3;970414.6
main,mac,512,512,6,rgba8,pair,base,1,2104114.9,2074156.6,2126484.2,3fb58063054aaa10,2112293.1;2125425.3;2126484.2;2097204.0;2100043.1;2104114.9;2074156.6
main,mac,512,512,6,rgba8,pair,base,2,2101581.9,2088071.8,2152599.7,3fb58063054aaa10,2088071.8;2119622.1;2090558.9;2152599.7;2101581.9;2092504.3;2148764.9
main,mac,512,512,6,rgba8,pair,base,3,2131087.6,2086885.1,2228069.4,3fb58063054aaa10,2228069.4;2117035.9;2153455.4;2131087.6;2105590.5;2190937.5;2086885.1
main,mac,512,512,6,rgba8,pair,cc,1,1675890.8,1602891.4,1774604.8,3fb58063054aaa10,1714919.1;1774604.8;1675890.8;1653020.3;1698348.4;1639469.6;1602891.4
main,mac,512,512,6,rgba8,pair,cc,2,1688040.5,1591332.2,1769927.7,3fb58063054aaa10,1688040.5;1667548.6;1740854.8;1653968.5;1755114.3;1769927.7;1591332.2
main,mac,512,512,6,rgba8,pair,cc,3,1733272.6,1657864.9,1798378.7,3fb58063054aaa10,1788042.9;1657864.9;1798378.7;1748721.4;1705739.6;1733272.6;1703181.7
main,mac,512,512,6,rgba8,pair,cs,1,1661725.2,1616712.7,1681097.2,3fb58063054aaa10,1661725.2;1661725.2;1652665.5;1674370.4;1656850.2;1681097.2;1616712.7
main,mac,512,512,6,rgba8,pair,cs,2,1623983.1,1553074.8,1679732.0,3fb58063054aaa10,1632859.2;1553074.8;1613568.0;1623983.1;1581973.7;1629000.0;1679732.0
main,mac,512,512,6,rgba8,pair,cs,3,1680245.4,1607349.8,1690032.4,3fb58063054aaa10,1607349.8;1686022.0;1680245.4;1654964.0;1689978.0;1690032.4;1670685.2
main,mac,512,512,6,rgba8,pair,ss,1,1573036.3,1557201.9,1589884.9,3fb58063054aaa10,1586802.6;1589884.9;1569800.2;1576517.1;1573036.3;1557201.9;1560885.7
main,mac,512,512,6,rgba8,pair,ss,2,1588627.2,1583017.5,1593774.1,3fb58063054aaa10,1588627.2;1590543.9;1588524.1;1583017.5;1593774.1;1586379.4;1591909.0
main,mac,512,512,6,rgba8,pair,ss,3,1630607.0,1582503.3,1672383.1,3fb58063054aaa10,1609867.3;1630607.0;1644320.9;1634043.9;1582503.3;1613053.7;1672383.1
main,mac,513,511,6,rgba8,candidate,base,1,1374578.6,1355681.5,1431190.5,3fb3e94e9f5acfe0,1364689.4;1381735.8;1355681.5;1374578.6;1431190.5;1361305.6;1405393.4
main,mac,513,511,6,rgba8,candidate,base,2,1418261.6,1402213.2,1426278.1,3fb3e94e9f5acfe0,1414187.0;1418261.6;1402213.2;1417870.1;1426278.1;1418314.9;1419331.4
main,mac,513,511,6,rgba8,candidate,base,3,1402522.3,1394889.2,1421743.2,3fb3e94e9f5acfe0,1421743.2;1397305.2;1404949.6;1394891.1;1406109.5;1402522.3;1394889.2
main,mac,513,511,6,rgba8,candidate,cc,1,1107180.3,1100149.2,1117460.6,3fb3e94e9f5acfe0,1117460.6;1108484.9;1107180.3;1104617.4;1111311.7;1107178.0;1100149.2
main,mac,513,511,6,rgba8,candidate,cc,2,1147828.6,1130740.0,1169233.2,3fb3e94e9f5acfe0,1130740.0;1147828.6;1160123.4;1169233.2;1146956.0;1135087.3;1148736.6
main,mac,513,511,6,rgba8,candidate,cc,3,1150018.9,1144650.9,1166878.2,3fb3e94e9f5acfe0,1144650.9;1148597.5;1166878.2;1163798.1;1147238.2;1154779.7;1150018.9
main,mac,513,511,6,rgba8,candidate,cs,1,1071159.4,1057638.2,1079169.6,3fb3e94e9f5acfe0,1059200.3;1057638.2;1072290.9;1066483.9;1071159.4;1071744.2;1079169.6
main,mac,513,511,6,rgba8,candidate,cs,2,1078179.3,1066413.0,1081093.0,3fb3e94e9f5acfe0,1073298.4;1079992.6;1079293.9;1081093.0;1066413.0;1078179.3;1072866.8
main,mac,513,511,6,rgba8,candidate,cs,3,1111211.4,1080891.4,1117081.8,3fb3e94e9f5acfe0,1080891.4;1092000.8;1117081.8;1111211.4;1107596.2;1116395.8;1111703.7
main,mac,513,511,6,rgba8,candidate,ss,1,1236086.7,1232832.5,1240564.6,3fb3e94e9f5acfe0,1234242.3;1232832.5;1236086.7;1234222.8;1237176.9;1240564.6;1238837.6
main,mac,513,511,6,rgba8,candidate,ss,2,1258863.7,1249283.2,1271855.9,3fb3e94e9f5acfe0,1255387.1;1256338.5;1249283.2;1271855.9;1265858.5;1269890.6;1258863.7
main,mac,513,511,6,rgba8,candidate,ss,3,1309222.8,1294751.8,1325500.0,3fb3e94e9f5acfe0,1308721.0;1311766.3;1325500.0;1321453.8;1296099.3;1294751.8;1309222.8
main,mac,513,511,6,rgba8,compare,base,1,664599.4,656279.0,673516.2,3fb3e94e9f5acfe0,660809.5;662575.1;670539.4;673296.8;673516.2;656279.0;664599.4
main,mac,513,511,6,rgba8,compare,base,2,672134.7,654338.3,704782.5,3fb3e94e9f5acfe0,669343.5;669794.9;654338.3;704782.5;672134.7;684247.2;674990.6
main,mac,513,511,6,rgba8,compare,base,3,684316.8,680473.8,687686.6,3fb3e94e9f5acfe0,680473.8;680846.4;687686.6;684900.1;684316.8;686531.2;682343.3
main,mac,513,511,6,rgba8,compare,cc,1,657037.1,651517.0,662594.8,3fb3e94e9f5acfe0,657168.9;660324.6;662594.8;656483.2;657037.1;651517.0;651910.8
main,mac,513,511,6,rgba8,compare,cc,2,654422.1,652204.3,658262.2,3fb3e94e9f5acfe0,655009.1;653571.1;652204.3;654422.1;652239.2;654433.4;658262.2
main,mac,513,511,6,rgba8,compare,cc,3,656305.7,649590.5,662679.9,3fb3e94e9f5acfe0,652270.2;649590.5;652190.9;656305.7;662679.9;659540.7;661625.5
main,mac,513,511,6,rgba8,compare,cs,1,753609.9,748647.6,756029.2,3fb3e94e9f5acfe0,750808.8;751231.8;748647.6;755025.0;756029.2;754841.7;753609.9
main,mac,513,511,6,rgba8,compare,cs,2,751815.1,746907.4,753274.0,3fb3e94e9f5acfe0,750407.3;750767.7;753226.6;751945.8;746907.4;753274.0;751815.1
main,mac,513,511,6,rgba8,compare,cs,3,753727.6,752685.9,757772.9,3fb3e94e9f5acfe0,753727.6;752685.9;754930.2;753018.2;756799.0;757772.9;753392.7
main,mac,513,511,6,rgba8,compare,ss,1,922428.7,918938.1,925030.8,3fb3e94e9f5acfe0,923935.3;920466.5;922181.8;925030.8;922428.7;918938.1;923130.8
main,mac,513,511,6,rgba8,compare,ss,2,925684.6,921385.1,929983.3,3fb3e94e9f5acfe0,929983.3;927962.2;923925.6;921385.1;926114.8;925684.6;922322.0
main,mac,513,511,6,rgba8,compare,ss,3,921138.3,915959.6,928043.0,3fb3e94e9f5acfe0,923097.8;919943.8;915959.6;920361.1;921138.3;928043.0;924041.0
main,mac,513,511,6,rgba8,pair,base,1,2155014.9,2143224.7,2202311.0,3fb3e94e9f5acfe0,2145325.9;2155014.9;2143224.7;2202311.0;2144492.5;2167278.3;2188913.7
main,mac,513,511,6,rgba8,pair,base,2,2175898.8,2150888.4,2309448.7,3fb3e94e9f5acfe0,2151056.6;2150888.4;2212258.9;2175898.8;2173744.0;2189506.0;2309448.7
main,mac,513,511,6,rgba8,pair,base,3,2199102.7,2164214.3,2259280.9,3fb3e94e9f5acfe0,2175180.1;2199102.7;2164214.3;2199754.5;2188314.0;2259280.9;2257274.7
main,mac,513,511,6,rgba8,pair,cc,1,1766131.1,1684789.4,1774202.4,3fb3e94e9f5acfe0,1770680.1;1766131.1;1684789.4;1755265.5;1770545.2;1774202.4;1738065.5
main,mac,513,511,6,rgba8,pair,cc,2,1788669.1,1681540.5,1842611.1,3fb3e94e9f5acfe0,1842611.1;1741209.5;1826666.7;1739905.9;1681540.5;1788669.1;1815725.5
main,mac,513,511,6,rgba8,pair,cc,3,1830055.6,1758234.5,1970977.1,3fb3e94e9f5acfe0,1970977.1;1758234.5;1782051.5;1830055.6;1836214.7;1833750.0;1775539.2
main,mac,513,511,6,rgba8,pair,cs,1,1597717.9,1549241.5,1653498.9,3fb3e94e9f5acfe0,1612334.4;1632636.3;1653498.9;1597717.9;1566532.1;1574275.6;1549241.5
main,mac,513,511,6,rgba8,pair,cs,2,1670487.2,1633187.5,1736077.4,3fb3e94e9f5acfe0,1652002.3;1650718.5;1716853.6;1736077.4;1670487.2;1633187.5;1720511.6
main,mac,513,511,6,rgba8,pair,cs,3,1645541.7,1606684.2,1699950.2,3fb3e94e9f5acfe0,1606684.2;1645541.7;1617084.4;1659695.9;1644717.3;1699950.2;1670289.4
main,mac,513,511,6,rgba8,pair,ss,1,1590833.3,1583020.8,1595149.1,3fb3e94e9f5acfe0,1595149.1;1591402.4;1583020.8;1594327.9;1590833.3;1585699.6;1583538.4
main,mac,513,511,6,rgba8,pair,ss,2,1592683.1,1583153.5,1601926.5,3fb3e94e9f5acfe0,1590649.1;1596747.8;1583153.5;1601926.5;1598219.3;1583505.5;1592683.1
main,mac,513,511,6,rgba8,pair,ss,3,1591229.2,1581058.1,1600210.5,3fb3e94e9f5acfe0,1588452.9;1596906.8;1600210.5;1596651.3;1591229.2;1581058.1;1582549.3
main,linux,3840,2160,1,rgba8,candidate,base,1,342308587.0,233242329.0,344004217.0,3fb3e9db342ea340,343004739.0;344004217.0;342308587.0;343740476.0;323883718.0;233242329.0;233522170.0
main,linux,3840,2160,1,rgba8,candidate,base,2,341864033.0,232301513.0,344243181.0,3fb3e9db342ea340,341864033.0;344243181.0;342309659.0;342484972.0;322903136.0;234309766.0;232301513.0
main,linux,3840,2160,1,rgba8,candidate,base,3,341804389.0,233168579.0,343850185.0,3fb3e9db342ea340,341804389.0;343354773.0;342431490.0;343850185.0;322693157.0;233168579.0;233610338.0
main,linux,3840,2160,1,rgba8,candidate,cc,1,292453272.0,291596374.0,297317569.0,3fb3e9db342ea340,297317569.0;291689261.0;291596374.0;292453272.0;293045306.0;292549985.0;291755726.0
main,linux,3840,2160,1,rgba8,candidate,cc,2,295394497.0,294488125.0,296516568.0,3fb3e9db342ea340,296516568.0;294488125.0;295394497.0;295286682.0;295685981.0;294900789.0;295654290.0
main,linux,3840,2160,1,rgba8,candidate,cc,3,296371923.0,295572775.0,296506809.0,3fb3e9db342ea340,295572775.0;296506809.0;296426807.0;295819173.0;296401569.0;296054661.0;296371923.0
main,linux,3840,2160,1,rgba8,candidate,cs,1,157437115.0,156870980.0,157697930.0,3fb3e9db342ea340,157261531.0;157089013.0;157665678.0;157437115.0;156870980.0;157545490.0;157697930.0
main,linux,3840,2160,1,rgba8,candidate,cs,2,156609753.0,155324703.0,159433686.0,3fb3e9db342ea340,156930683.0;159433686.0;156609753.0;155324703.0;156117578.0;155879888.0;157408370.0
main,linux,3840,2160,1,rgba8,candidate,cs,3,156691128.0,155827127.0,157792750.0,3fb3e9db342ea340,157109623.0;156691128.0;156769116.0;156616316.0;156610325.0;155827127.0;157792750.0
main,linux,3840,2160,1,rgba8,candidate,ss,1,145801889.0,145536134.0,147127897.0,3fb3e9db342ea340,145691990.0;145801889.0;147127897.0;145536134.0;146552305.0;146130363.0;145548578.0
main,linux,3840,2160,1,rgba8,candidate,ss,2,146295787.0,145914854.0,146991358.0,3fb3e9db342ea340,146991358.0;146781339.0;145914854.0;145958005.0;145932056.0;146308060.0;146295787.0
main,linux,3840,2160,1,rgba8,candidate,ss,3,146161021.0,145701919.0,146369406.0,3fb3e9db342ea340,146161021.0;146294314.0;145701919.0;145980709.0;145916798.0;146336544.0;146369406.0
main,linux,3840,2160,1,rgba8,compare,base,1,91042621.0,90344455.0,91739785.0,3fb3e9db342ea340,90643302.0;91042621.0;90344455.0;91672627.0;91739785.0;90796213.0;91193748.0
main,linux,3840,2160,1,rgba8,compare,base,2,90567779.0,90316892.0,91247830.0,3fb3e9db342ea340,90344405.0;91247830.0;90737331.0;90567779.0;90464212.0;91043512.0;90316892.0
main,linux,3840,2160,1,rgba8,compare,base,3,91678599.0,91135738.0,92330437.0,3fb3e9db342ea340,91750976.0;91135738.0;91413926.0;91998386.0;92330437.0;91678599.0;91204378.0
main,linux,3840,2160,1,rgba8,compare,cc,1,91159253.0,89772829.0,91742240.0,3fb3e9db342ea340,91586724.0;90678639.0;91742240.0;89772829.0;91159253.0;91001623.0;91545756.0
main,linux,3840,2160,1,rgba8,compare,cc,2,90596183.0,90041670.0,91829374.0,3fb3e9db342ea340,90592035.0;90041670.0;90603678.0;90669943.0;91829374.0;90195602.0;90596183.0
main,linux,3840,2160,1,rgba8,compare,cc,3,90513776.0,89995132.0,90691834.0,3fb3e9db342ea340,90627142.0;90248623.0;90691834.0;90170194.0;90572769.0;89995132.0;90513776.0
main,linux,3840,2160,1,rgba8,compare,cs,1,61065785.0,60828754.0,61602434.0,3fb3e9db342ea340,61065785.0;60976064.0;61188738.0;61111552.0;60828754.0;60953701.0;61602434.0
main,linux,3840,2160,1,rgba8,compare,cs,2,60015120.0,59808702.5,60257680.0,3fb3e9db342ea340,60015120.0;60049414.0;60257680.0;59974427.5;60039595.0;59971206.0;59808702.5
main,linux,3840,2160,1,rgba8,compare,cs,3,59962499.0,59875133.0,60196283.0,3fb3e9db342ea340,60196283.0;59962499.0;59875133.0;60040127.0;59911402.5;59982121.5;59937166.0
main,linux,3840,2160,1,rgba8,compare,ss,1,71688347.0,71224987.0,73788345.0,3fb3e9db342ea340,71994188.0;72961264.0;73788345.0;71278378.0;71224987.0;71688347.0;71282446.0
main,linux,3840,2160,1,rgba8,compare,ss,2,71042140.0,70806843.0,71227903.0,3fb3e9db342ea340,70941018.0;70806843.0;71227903.0;71153461.0;70973990.0;71042140.0;71127212.0
main,linux,3840,2160,1,rgba8,compare,ss,3,71123434.0,70883919.0,71596162.0,3fb3e9db342ea340,70883919.0;71596162.0;71223534.0;71007323.0;71123434.0;71121009.0;71266426.0
main,linux,3840,2160,1,rgba8,pair,base,1,458791850.0,344986412.0,487553418.0,3fb3e9db342ea340,487553418.0;484231159.0;480343357.0;458791850.0;344986412.0;347390828.0;350016485.0
main,linux,3840,2160,1,rgba8,pair,base,2,455041628.0,344459141.0,482448705.0,3fb3e9db342ea340,482448705.0;477134383.0;478037297.0;455041628.0;344459141.0;345645995.0;347197792.0
main,linux,3840,2160,1,rgba8,pair,base,3,454474071.0,344765092.0,479058566.0,3fb3e9db342ea340,479058566.0;477264399.0;477800448.0;454474071.0;345100419.0;344765092.0;346074248.0
main,linux,3840,2160,1,rgba8,pair,cc,1,387860310.0,257038057.0,392635208.0,3fb3e9db342ea340,392635208.0;387860310.0;389204583.0;389204292.0;367587592.0;257763665.0;257038057.0
main,linux,3840,2160,1,rgba8,pair,cc,2,386262215.0,257017348.0,391249416.0,3fb3e9db342ea340,391249416.0;386262215.0;386762144.0;387568816.0;363182085.0;258132176.0;257017348.0
main,linux,3840,2160,1,rgba8,pair,cc,3,385473157.0,256180699.0,389961240.0,3fb3e9db342ea340,389961240.0;385473157.0;387351374.0;385953148.0;363068119.0;257675950.0;256180699.0
main,linux,3840,2160,1,rgba8,pair,cs,1,230406915.0,218435621.0,236691660.0,3fb3e9db342ea340,233233783.0;233404568.0;236691660.0;230406915.0;218435621.0;219270085.0;220463331.0
main,linux,3840,2160,1,rgba8,pair,cs,2,230918917.0,216538949.0,232730988.0,3fb3e9db342ea340,232425599.0;232730988.0;231852179.0;230918917.0;217382261.0;216620655.0;216538949.0
main,linux,3840,2160,1,rgba8,pair,cs,3,231107516.0,216228690.0,233039284.0,3fb3e9db342ea340,233039284.0;232383358.0;232362719.0;231107516.0;216228690.0;216876139.0;216623279.0
main,linux,3840,2160,1,rgba8,pair,ss,1,184960241.0,183728142.0,185602441.0,3fb3e9db342ea340,185475139.0;184960241.0;185502110.0;183728142.0;184178357.0;185602441.0;184878085.0
main,linux,3840,2160,1,rgba8,pair,ss,2,182937540.0,182475633.0,183985790.0,3fb3e9db342ea340,182475633.0;183018253.0;182937540.0;183402643.0;182926709.0;182773498.0;183985790.0
main,linux,3840,2160,1,rgba8,pair,ss,3,183714055.0,182721180.0,184261684.0,3fb3e9db342ea340,183883507.0;183821278.0;183392404.0;184261684.0;182721180.0;183714055.0;183318113.0
main,linux,3840,2160,6,rgba8,candidate,base,1,184774098.0,183234294.0,194895408.0,3fb3e9db342ea340,188937754.0;194895408.0;184433290.0;184774098.0;183234294.0;184870731.0;183558719.0
main,linux,3840,2160,6,rgba8,candidate,base,2,146144610.0,135524833.0,183299117.0,3fb3e9db342ea340,183299117.0;173595038.0;176448948.0;146144610.0;135524833.0;137072692.0;135974287.0
main,linux,3840,2160,6,rgba8,candidate,base,3,167087811.0,137928538.0,179147082.0,3fb3e9db342ea340,179147082.0;165194004.0;172546627.0;167087811.0;178101657.0;138693681.0;137928538.0
main,linux,3840,2160,6,rgba8,candidate,cc,1,121128635.0,115416206.0,139417435.0,3fb3e9db342ea340,118982659.0;121128635.0;133245825.0;118968392.0;139417435.0;126203902.0;115416206.0
main,linux,3840,2160,6,rgba8,candidate,cc,2,134389988.0,127502047.0,142366576.0,3fb3e9db342ea340,128122506.0;136425714.0;127502047.0;134389988.0;135919923.0;133205659.0;142366576.0
main,linux,3840,2160,6,rgba8,candidate,cc,3,112271494.0,110484782.0,125836325.0,3fb3e9db342ea340,110721882.0;110484782.0;112271494.0;120038364.0;110513486.0;125836325.0;118914520.0
main,linux,3840,2160,6,rgba8,candidate,cs,1,54738358.5,48662105.0,66142606.0,3fb3e9db342ea340,66142606.0;54738358.5;48662105.0;49736745.5;56199343.0;53809439.5;55341859.5
main,linux,3840,2160,6,rgba8,candidate,cs,2,58511028.5,54825609.5,66934348.0,3fb3e9db342ea340,56340456.0;61715157.0;58511028.5;64217930.0;54825609.5;66934348.0;55741849.0
main,linux,3840,2160,6,rgba8,candidate,cs,3,59645152.0,57122030.5,65108322.0,3fb3e9db342ea340,57849111.0;57122030.5;59645152.0;57586552.0;63978926.0;65108322.0;61713755.0
main,linux,3840,2160,6,rgba8,candidate,ss,1,48974062.5,45580192.0,61169632.0,3fb3e9db342ea340,45920083.0;48974062.5;58041957.0;60909177.0;61169632.0;45880698.0;45580192.0
main,linux,3840,2160,6,rgba8,candidate,ss,2,43722785.0,39594124.5,49471857.5,3fb3e9db342ea340,45821711.0;49471857.5;39594124.5;43722785.0;41449628.5;39687216.5;44786780.5
main,linux,3840,2160,6,rgba8,candidate,ss,3,48955967.5,37031403.0,53493249.5,3fb3e9db342ea340,42843590.0;42696446.0;53493249.5;49222148.5;37031403.0;48955967.5;49721727.0
main,linux,3840,2160,6,rgba8,compare,base,1,48231878.0,39015200.0,51230642.5,3fb3e9db342ea340,51230642.5;42750408.5;48951434.5;48761483.5;39015200.0;43305853.5;48231878.0
main,linux,3840,2160,6,rgba8,compare,base,2,52051516.5,47674269.0,58706860.0,3fb3e9db342ea340,47674269.0;58706860.0;48234377.5;52051516.5;52682569.5;48565055.5;52666784.5
main,linux,3840,2160,6,rgba8,compare,base,3,54211017.0,47735450.0,55549529.0,3fb3e9db342ea340,55549529.0;54211017.0;51047064.0;47735450.0;52967967.0;54272554.0;54242437.0
main,linux,3840,2160,6,rgba8,compare,cc,1,54532678.0,52422691.5,61737180.0,3fb3e9db342ea340,61737180.0;61703706.0;54893754.0;53143560.0;52422691.5;54532678.0;53134623.5
main,linux,3840,2160,6,rgba8,compare,cc,2,51201066.0,43299777.0,54002391.0,3fb3e9db342ea340,54002391.0;51354602.5;46898410.5;43299777.0;51201066.0;47709496.0;53660682.0
main,linux,3840,2160,6,rgba8,compare,cc,3,51838742.5,47069094.5,58958262.5,3fb3e9db342ea340,50901111.5;55215284.5;58958262.5;51838742.5;47793204.5;47069094.5;52352272.5
main,linux,3840,2160,6,rgba8,compare,cs,1,22611055.3,22213633.7,23322643.0,3fb3e9db342ea340,23322643.0;23278349.0;22954647.7;22500458.7;22455723.7;22213633.7;22611055.3
main,linux,3840,2160,6,rgba8,compare,cs,2,29079105.0,22147100.7,31368529.0,3fb3e9db342ea340,22869432.7;22147100.7;26888878.7;29079105.0;31368529.0;30555264.5;29271206.3
main,linux,3840,2160,6,rgba8,compare,cs,3,22276844.0,22208307.0,24659228.0,3fb3e9db342ea340,24659228.0;22219231.0;22208307.0;22396016.7;22276844.0;22271917.7;22331127.0
main,linux,3840,2160,6,rgba8,compare,ss,1,21190764.7,20956272.7,21380204.7,3fb3e9db342ea340,21173161.3;20956272.7;21349305.7;21380204.7;21190764.7;21163222.7;21235326.0
main,linux,3840,2160,6,rgba8,compare,ss,2,26499616.3,21443949.0,30170293.5,3fb3e9db342ea340,21443949.0;21586854.0;23812470.0;26499616.3;30170293.5;28152224.7;28424551.7
main,linux,3840,2160,6,rgba8,compare,ss,3,21876253.0,21573191.0,30465487.3,3fb3e9db342ea340,21678507.7;21876253.0;26436069.0;30465487.3;22161271.3;21614760.0;21573191.0
main,linux,3840,2160,6,rgba8,pair,base,1,273212343.0,201468170.0,297359719.0,3fb3e9db342ea340,294459030.0;285848910.0;273212343.0;297359719.0;201468170.0;219606625.0;202571616.0
main,linux,3840,2160,6,rgba8,pair,base,2,287273615.0,209289162.0,300003058.0,3fb3e9db342ea340,296525846.0;300003058.0;287273615.0;281617565.0;289706575.0;279430491.0;209289162.0
main,linux,3840,2160,6,rgba8,pair,base,3,224752718.0,203764581.0,313921780.0,3fb3e9db342ea340,307149119.0;313921780.0;272659072.0;221178119.0;208415122.0;203764581.0;224752718.0
main,linux,3840,2160,6,rgba8,pair,cc,1,183993174.0,168843756.0,195905536.0,3fb3e9db342ea340,191328094.0;186628890.0;168843756.0;180947581.0;183993174.0;177162584.0;195905536.0
main,linux,3840,2160,6,rgba8,pair,cc,2,172476564.0,149623216.0,186849018.0,3fb3e9db342ea340,186849018.0;176038168.0;162838442.0;149623216.0;177275729.0;172476564.0;167109893.0
main,linux,3840,2160,6,rgba8,pair,cc,3,175177644.0,164208643.0,185760301.0,3fb3e9db342ea340,183258380.0;177145811.0;164208643.0;174618562.0;185760301.0;175177644.0;164474328.0
main,linux,3840,2160,6,rgba8,pair,cs,1,102294137.0,90228646.0,115694675.0,3fb3e9db342ea340,106957614.0;100848151.0;93468227.0;90228646.0;115694675.0;102294137.0;105066242.0
main,linux,3840,2160,6,rgba8,pair,cs,2,117860778.0,114054249.0,128983360.0,3fb3e9db342ea340,118412216.0;114600057.0;128983360.0;115747907.0;120255386.0;117860778.0;114054249.0
main,linux,3840,2160,6,rgba8,pair,cs,3,121953400.0,110261979.0,123635765.0,3fb3e9db342ea340,123368087.0;117983081.0;122311410.0;121378158.0;123635765.0;110261979.0;121953400.0
main,linux,3840,2160,6,rgba8,pair,ss,1,62116930.0,56585782.0,71170574.0,3fb3e9db342ea340,62116930.0;68940078.0;61837690.0;67627656.0;71170574.0;61864371.0;56585782.0
main,linux,3840,2160,6,rgba8,pair,ss,2,72071163.0,60685593.0,79572920.0,3fb3e9db342ea340,60685593.0;71783878.0;66302338.0;79572920.0;72071163.0;73608112.0;72327380.0
main,linux,3840,2160,6,rgba8,pair,ss,3,64248990.0,58445663.5,74468066.0,3fb3e9db342ea340,64248990.0;64390078.0;60267649.0;61380657.5;72902803.0;74468066.0;58445663.5
main,linux,512,512,1,rgba8,candidate,base,1,3107165.5,3080472.4,3120884.1,3fb58062a905a380,3083274.1;3112250.1;3120884.1;3091785.4;3107165.5;3114761.0;3080472.4
main,linux,512,512,1,rgba8,candidate,base,2,3065605.6,3014440.0,3098776.1,3fb58062a905a380,3014440.0;3027883.5;3037435.6;3089996.5;3090745.4;3065605.6;3098776.1
main,linux,512,512,1,rgba8,candidate,base,3,3089247.5,3080550.0,3111294.4,3fb58062a905a380,3089350.7;3084797.5;3089247.5;3111294.4;3098529.1;3080550.0;3084108.8
main,linux,512,512,1,rgba8,candidate,cc,1,3032892.5,3012545.4,3067997.6,3fb58062a905a380,3012545.4;3017381.0;3047127.5;3027996.7;3063412.5;3067997.6;3032892.5
main,linux,512,512,1,rgba8,candidate,cc,2,2990701.8,2977338.3,3018212.6,3fb58062a905a380,2985593.5;2977338.3;2990701.8;3018212.6;3000162.4;2984728.0;2991180.8
main,linux,512,512,1,rgba8,candidate,cc,3,2994529.0,2969752.0,3056413.1,3fb58062a905a380,2976115.0;2994197.9;3056413.1;3030005.5;2994529.0;2969752.0;3009392.4
main,linux,512,512,1,rgba8,candidate,cs,1,3131788.8,3114543.5,3143432.9,3fb58062a905a380,3114543.5;3134667.8;3131788.8;3117757.1;3140248.4;3143432.9;3116647.0
main,linux,512,512,1,rgba8,candidate,cs,2,3131392.0,3123982.5,3141682.6,3fb58062a905a380,3123982.5;3141682.6;3133633.4;3128146.9;3136166.6;3131392.0;3129170.8
main,linux,512,512,1,rgba8,candidate,cs,3,3123606.8,3104799.0,3146531.8,3fb58062a905a380,3111239.2;3108652.4;3104799.0;3132329.4;3123606.8;3146531.8;3144631.6
main,linux,512,512,1,rgba8,candidate,ss,1,3611214.8,3573651.7,3631419.0,3fb58062a905a380,3573651.7;3602925.5;3628964.4;3606176.9;3628060.9;3631419.0;3611214.8
main,linux,512,512,1,rgba8,candidate,ss,2,3606845.4,3560238.0,3621910.4,3fb58062a905a380,3560238.0;3606845.4;3603779.5;3621205.5;3620632.1;3603461.2;3621910.4
main,linux,512,512,1,rgba8,candidate,ss,3,3603315.1,3548538.1,3636908.3,3fb58062a905a380,3548538.1;3601070.2;3598030.9;3629918.0;3610575.9;3603315.1;3636908.3
main,linux,512,512,1,rgba8,compare,base,1,1150291.0,1143848.6,1154172.4,3fb58062a905a380,1152571.4;1151537.0;1150291.0;1145853.3;1143848.6;1154172.4;1149571.3
main,linux,512,512,1,rgba8,compare,base,2,1144754.8,1140422.5,1148680.2,3fb58062a905a380,1148187.2;1142609.3;1140422.5;1146512.9;1148680.2;1144754.8;1143232.7
main,linux,512,512,1,rgba8,compare,base,3,1144537.1,1137320.9,1160706.5,3fb58062a905a380,1139153.4;1155325.7;1160706.5;1145798.3;1137320.9;1144537.1;1143541.6
main,linux,512,512,1,rgba8,compare,cc,1,1159004.2,1149033.5,1193239.1,3fb58062a905a380,1159004.2;1159608.7;1150262.1;1149033.5;1154139.2;1163505.7;1193239.1
main,linux,512,512,1,rgba8,compare,cc,2,1152116.4,1147559.4,1166817.7,3fb58062a905a380,1166817.7;1161919.4;1149771.9;1152116.4;1162179.7;1147559.4;1150718.4
main,linux,512,512,1,rgba8,compare,cc,3,1143999.1,1138827.4,1153937.3,3fb58062a905a380,1140120.0;1143999.1;1153937.3;1144939.0;1140829.1;1148801.0;1138827.4
main,linux,512,512,1,rgba8,compare,cs,1,2122216.7,2094967.3,2280746.7,3fb58062a905a380,2146296.6;2105435.8;2122216.7;2280746.7;2174687.2;2118187.3;2094967.3
main,linux,512,512,1,rgba8,compare,cs,2,2089438.9,2082159.2,2107320.8,3fb58062a905a380,2107320.8;2087072.3;2091713.6;2082681.2;2089438.9;2082159.2;2091768.1
main,linux,512,512,1,rgba8,compare,cs,3,2078505.7,2075054.3,2093766.1,3fb58062a905a380,2075054.3;2075168.0;2093766.1;2088365.8;2078242.4;2078505.7;2083937.4
main,linux,512,512,1,rgba8,compare,ss,1,2622504.0,2558603.4,2903479.9,3fb58062a905a380,2612905.0;2558603.4;2567763.7;2625311.6;2903479.9;2622504.0;2632037.0
main,linux,512,512,1,rgba8,compare,ss,2,2569161.0,2545663.0,2613030.4,3fb58062a905a380,2595709.7;2545663.0;2558288.6;2572548.6;2613030.4;2569161.0;2549770.0
main,linux,512,512,1,rgba8,compare,ss,3,2553398.9,2538903.5,2576147.1,3fb58062a905a380,2576147.1;2541210.8;2567244.8;2562482.8;2553398.9;2538903.5;2549589.6
main,linux,512,512,1,rgba8,pair,base,1,5052318.6,5032058.5,5110068.2,3fb58062a905a380,5067356.3;5036091.1;5034393.7;5052318.6;5110068.2;5090289.8;5032058.5
main,linux,512,512,1,rgba8,pair,base,2,5011648.0,4987980.7,5022480.2,3fb58062a905a380,5005649.9;5011648.0;5008569.7;5013957.4;5022480.2;5012296.8;4987980.7
main,linux,512,512,1,rgba8,pair,base,3,5012631.6,5006265.3,5034838.7,3fb58062a905a380,5027436.3;5034838.7;5012631.6;5026872.8;5007071.8;5006265.3;5008902.8
main,linux,512,512,1,rgba8,pair,cc,1,5065891.1,5023134.8,5114043.3,3fb58062a905a380,5065891.1;5032287.2;5056061.5;5087013.7;5114043.3;5105917.0;5023134.8
main,linux,512,512,1,rgba8,pair,cc,2,5008351.8,5000906.8,5009173.3,3fb58062a905a380,5000906.8;5003914.8;5008853.5;5007374.0;5009173.3;5008901.9;5008351.8
main,linux,512,512,1,rgba8,pair,cc,3,4988904.8,4955117.5,5012365.2,3fb58062a905a380,5012365.2;4988904.8;4974066.6;5010029.9;4987025.0;4992454.5;4955117.5
main,linux,512,512,1,rgba8,pair,cs,1,4863750.2,4846582.2,4917234.0,3fb58062a905a380,4854846.3;4863750.2;4917234.0;4917219.4;4896960.9;4859643.1;4846582.2
main,linux,512,512,1,rgba8,pair,cs,2,4840170.0,4832588.7,4844572.2,3fb58062a905a380,4844294.7;4838409.7;4840170.0;4844499.8;4844572.2;4839475.6;4832588.7
main,linux,512,512,1,rgba8,pair,cs,3,4846329.4,4835422.5,4884329.2,3fb58062a905a380,4872187.0;4884329.2;4882582.1;4835422.5;4842163.8;4838628.6;4846329.4
main,linux,512,512,1,rgba8,pair,ss,1,4683272.1,4660615.9,4722104.2,3fb58062a905a380,4669186.1;4685501.6;4695094.5;4664813.2;4722104.2;4683272.1;4660615.9
main,linux,512,512,1,rgba8,pair,ss,2,4680763.5,4666629.7,4697045.8,3fb58062a905a380,4666629.7;4680763.5;4697045.8;4676812.8;4682154.5;4696685.2;4674929.3
main,linux,512,512,1,rgba8,pair,ss,3,4651498.6,4630431.7,4686958.2,3fb58062a905a380,4642984.8;4645398.5;4651498.6;4686958.2;4663626.3;4630431.7;4661116.8
main,linux,512,512,6,rgba8,candidate,base,1,1313849.8,1305837.8,1318287.3,3fb58062a905a380,1312831.8;1312885.2;1313849.8;1315068.6;1314085.0;1318287.3;1305837.8
main,linux,512,512,6,rgba8,candidate,base,2,1274483.6,1260012.0,1288482.0,3fb58062a905a380,1274483.6;1260012.0;1266202.4;1283574.7;1271509.0;1288482.0;1280351.4
main,linux,512,512,6,rgba8,candidate,base,3,1293886.7,1285108.3,1297548.9,3fb58062a905a380,1292526.0;1293886.7;1297354.6;1297002.6;1285108.3;1297548.9;1285344.7
main,linux,512,512,6,rgba8,candidate,cc,1,1121610.5,1115510.6,1131258.3,3fb58062a905a380,1131258.3;1117442.0;1124895.6;1121610.5;1125499.2;1121142.6;1115510.6
main,linux,512,512,6,rgba8,candidate,cc,2,1112117.7,1102163.6,1123157.9,3fb58062a905a380,1123157.9;1102163.6;1116068.7;1103799.0;1116310.8;1103184.4;1112117.7
main,linux,512,512,6,rgba8,candidate,cc,3,1101040.5,1090475.6,1116471.5,3fb58062a905a380,1101040.5;1116471.5;1092721.1;1108494.5;1099246.0;1104349.3;1090475.6
main,linux,512,512,6,rgba8,candidate,cs,1,935828.8,933617.6,937954.1,3fb58062a905a380,933617.6;937954.1;934960.3;935828.8;935829.3;937756.1;933694.8
main,linux,512,512,6,rgba8,candidate,cs,2,932179.0,929803.1,935128.3,3fb58062a905a380,931417.7;929803.1;935122.1;932229.8;931455.6;932179.0;935128.3
main,linux,512,512,6,rgba8,candidate,cs,3,943405.0,938379.5,952131.9,3fb58062a905a380,952131.9;944888.7;943405.0;943228.5;939902.5;938379.5;945508.3
main,linux,512,512,6,rgba8,candidate,ss,1,1015035.1,1012201.5,1020523.1,3fb58062a905a380,1019850.8;1014327.7;1012201.5;1013798.9;1015035.1;1020523.1;1020335.6
main,linux,512,512,6,rgba8,candidate,ss,2,1017309.3,1014235.7,1019840.9,3fb58062a905a380,1018897.6;1019300.1;1017309.3;1016965.1;1014235.7;1019840.9;1016484.7
main,linux,512,512,6,rgba8,candidate,ss,3,1020504.2,1017001.8,1022812.8,3fb58062a905a380,1022264.5;1020504.2;1017001.8;1020364.0;1019604.0;1022812.8;1022659.3
main,linux,512,512,6,rgba8,compare,base,1,541438.0,536202.1,554577.7,3fb58062a905a380,552196.8;536890.2;537352.9;541438.0;536202.1;554156.1;554577.7
main,linux,512,512,6,rgba8,compare,base,2,559716.6,555334.9,575003.5,3fb58062a905a380,559716.6;555334.9;556618.2;561132.0;556003.3;566633.0;575003.5
main,linux,512,512,6,rgba8,compare,base,3,554698.2,551459.2,563743.4,3fb58062a905a380,551459.2;560256.3;554072.0;553077.1;554698.2;563743.4;559370.6
main,linux,512,512,6,rgba8,compare,cc,1,545897.9,537172.4,552363.6,3fb58062a905a380,544971.8;549651.2;545897.9;552024.6;552363.6;537172.4;545032.1
main,linux,512,512,6,rgba8,compare,cc,2,561081.6,554298.8,576579.1,3fb58062a905a380,561391.1;561708.7;576579.1;559458.2;561081.6;554298.8;558920.2
main,linux,512,512,6,rgba8,compare,cc,3,558820.3,552069.8,571640.6,3fb58062a905a380,554326.9;560354.3;558820.3;556053.0;561683.2;571640.6;552069.8
main,linux,512,512,6,rgba8,compare,cs,1,592432.8,590636.0,599323.0,3fb58062a905a380,594414.2;599323.0;592432.8;591408.2;593311.3;590636.0;592053.8
main,linux,512,512,6,rgba8,compare,cs,2,602235.2,600432.5,611163.3,3fb58062a905a380,602962.1;611163.3;600432.5;601165.7;601069.9;603440.6;602235.2
main,linux,512,512,6,rgba8,compare,cs,3,594248.7,593429.5,606363.2,3fb58062a905a380,594100.8;593992.5;596417.3;594248.7;593429.5;595110.5;606363.2
main,linux,512,512,6,rgba8,compare,ss,1,692717.7,690863.2,695806.9,3fb58062a905a380,695806.9;694196.3;692211.0;691283.1;692717.7;690863.2;692892.7
main,linux,512,512,6,rgba8,compare,ss,2,700797.7,697644.7,701852.4,3fb58062a905a380,701039.3;701272.4;700797.7;700079.9;701852.4;697644.7;698801.8
main,linux,512,512,6,rgba8,compare,ss,3,693324.6,691893.3,747797.6,3fb58062a905a380,691893.3;692968.1;696374.1;692941.0;700879.2;747797.6;693324.6
main,linux,512,512,6,rgba8,pair,base,1,2048802.7,2035751.6,2108750.4,3fb58062a905a380,2065552.5;2044734.6;2108750.4;2048802.7;2051965.4;2035751.6;2042829.4
main,linux,512,512,6,rgba8,pair,base,2,2050884.3,2022483.7,2070445.3,3fb58062a905a380,2048150.1;2050583.4;2070445.3;2060652.2;2022483.7;2063606.1;2050884.3
main,linux,512,512,6,rgba8,pair,base,3,2064912.9,2026027.8,2078850.5,3fb58062a905a380,2065184.8;2063060.1;2026027.8;2074471.2;2064912.9;2055447.0;2078850.5
main,linux,512,512,6,rgba8,pair,cc,1,1649717.2,1638707.6,1694170.6,3fb58062a905a380,1694170.6;1685729.0;1644302.8;1649717.2;1658269.1;1646840.6;1638707.6
main,linux,512,512,6,rgba8,pair,cc,2,1650039.6,1638723.8,1719765.6,3fb58062a905a380,1719765.6;1691574.8;1650039.6;1657080.3;1638723.8;1647699.5;1645789.2
main,linux,512,512,6,rgba8,pair,cc,3,1647062.9,1630217.2,1716194.5,3fb58062a905a380,1716194.5;1639665.6;1647062.9;1630217.2;1649096.5;1671735.2;1640548.1
main,linux,512,512,6,rgba8,pair,cs,1,1361974.8,1357725.2,1389212.0,3fb58062a905a380,1370511.9;1389212.0;1357725.2;1360786.6;1359864.6;1361974.8;1362749.0
main,linux,512,512,6,rgba8,pair,cs,2,1365601.7,1362191.9,1377356.1,3fb58062a905a380,1377356.1;1369697.9;1365601.7;1362191.9;1364215.8;1366263.9;1364906.0
main,linux,512,512,6,rgba8,pair,cs,3,1359956.4,1352474.2,1373338.7,3fb58062a905a380,1373338.7;1365985.1;1359956.4;1352474.2;1359641.3;1355139.9;1364299.2
main,linux,512,512,6,rgba8,pair,ss,1,1334127.3,1326910.2,1343192.5,3fb58062a905a380,1343192.5;1334127.3;1337975.3;1326910.2;1333567.5;1335216.0;1332718.7
main,linux,512,512,6,rgba8,pair,ss,2,1337136.3,1333460.9,1342150.3,3fb58062a905a380,1337136.3;1341227.9;1333460.9;1333803.1;1337713.9;1334868.7;1342150.3
main,linux,512,512,6,rgba8,pair,ss,3,1333926.7,1325979.3,1335333.8,3fb58062a905a380,1335333.8;1325979.3;1327674.1;1334724.0;1328324.7;1333926.7;1334843.8
post_creation,mac,3840,2160,1,rgba8,candidate,newcc,1,105282542.0,104848583.0,109427791.0,3fb3e9db32af9790,108740958.0;105282542.0;105082708.0;105373458.0;104848583.0;109427791.0;105054167.0
post_creation,mac,3840,2160,1,rgba8,candidate,newcc,2,108401041.0,104809083.0,111321750.0,3fb3e9db32af9790,110579167.0;108401041.0;109872042.0;111321750.0;107735167.0;105671708.0;104809083.0
post_creation,mac,3840,2160,1,rgba8,candidate,newcc,3,105680375.0,104821875.0,109489792.0,3fb3e9db32af9790,106237792.0;105771791.0;109489792.0;105680375.0;105073917.0;105431834.0;104821875.0
post_creation,mac,3840,2160,1,rgba8,candidate,newcs,1,107783250.0,107699291.0,108226542.0,3fb3e9db32af9790,108122708.0;107699291.0;107783250.0;107747625.0;108226542.0;107789666.0;107765042.0
post_creation,mac,3840,2160,1,rgba8,candidate,newcs,2,107973625.0,107736625.0,111803917.0,3fb3e9db32af9790,111803917.0;107922667.0;107736625.0;107973625.0;108262041.0;108402167.0;107751583.0
post_creation,mac,3840,2160,1,rgba8,candidate,newcs,3,108338125.0,107858333.0,110153667.0,3fb3e9db32af9790,110153667.0;108215375.0;108668500.0;107992708.0;108338125.0;108707417.0;107858333.0
post_creation,mac,3840,2160,1,rgba8,candidate,newss,1,131513541.0,130981917.0,131841250.0,3fb3e9db32af9790,131513541.0;131652583.0;131841250.0;131496042.0;131379833.0;130981917.0;131698000.0
post_creation,mac,3840,2160,1,rgba8,candidate,newss,2,133471958.0,132101125.0,133848416.0,3fb3e9db32af9790,132331750.0;133614458.0;133523708.0;133471958.0;133848416.0;132101125.0;133280542.0
post_creation,mac,3840,2160,1,rgba8,candidate,newss,3,132939792.0,132354584.0,135993333.0,3fb3e9db32af9790,133983000.0;132752459.0;132939792.0;133790125.0;132354584.0;132415541.0;135993333.0
post_creation,mac,3840,2160,1,rgba8,candidate,oldcc,1,107448250.0,104376750.0,110337708.0,3fb3e9db32af9790,107930667.0;104376750.0;110337708.0;105488083.0;105731917.0;109546167.0;107448250.0
post_creation,mac,3840,2160,1,rgba8,candidate,oldcc,2,105314166.0,104613333.0,110268291.0,3fb3e9db32af9790,106481000.0;104613333.0;110053750.0;105271542.0;110268291.0;105314166.0;105170917.0
post_creation,mac,3840,2160,1,rgba8,candidate,oldcc,3,106235875.0,104607875.0,110307833.0,3fb3e9db32af9790,105432084.0;104607875.0;110307833.0;106235875.0;108627125.0;106750875.0;104790917.0
post_creation,mac,3840,2160,1,rgba8,candidate,oldcs,1,108224417.0,107999583.0,108435791.0,3fb3e9db32af9790,108121167.0;108184250.0;107999583.0;108435791.0;108237500.0;108224417.0;108248458.0
post_creation,mac,3840,2160,1,rgba8,candidate,oldcs,2,108394292.0,108037333.0,110773584.0,3fb3e9db32af9790,108834417.0;110773584.0;108773209.0;108282625.0;108070375.0;108037333.0;108394292.0
post_creation,mac,3840,2160,1,rgba8,candidate,oldcs,3,108128750.0,107943625.0,109093375.0,3fb3e9db32af9790,107960833.0;109093375.0;108942250.0;108128750.0;108118916.0;107943625.0;108320000.0
post_creation,mac,3840,2160,1,rgba8,candidate,oldss,1,131782917.0,131540709.0,132088625.0,3fb3e9db32af9790,131769542.0;131707125.0;132072375.0;131986417.0;131540709.0;132088625.0;131782917.0
post_creation,mac,3840,2160,1,rgba8,candidate,oldss,2,132971958.0,132275292.0,136782625.0,3fb3e9db32af9790,136782625.0;135598792.0;132275292.0;132445834.0;132374667.0;133344125.0;132971958.0
post_creation,mac,3840,2160,1,rgba8,candidate,oldss,3,133790666.0,132283084.0,134371000.0,3fb3e9db32af9790,133790666.0;134050167.0;133150458.0;134366459.0;132283084.0;132794958.0;134371000.0
post_creation,mac,3840,2160,1,rgba8,compare,newcc,1,42539333.0,42304041.5,45240604.0,3fb3e9db32af9790,42591792.0;42498146.0;42485500.0;42568521.0;42539333.0;45240604.0;42304041.5
post_creation,mac,3840,2160,1,rgba8,compare,newcc,2,45699708.5,45644562.5,47880854.0,3fb3e9db32af9790,47608041.5;45675646.0;45648937.5;45644562.5;45699708.5;45718687.5;47880854.0
post_creation,mac,3840,2160,1,rgba8,compare,newcc,3,42980000.0,42949687.5,45499666.5,3fb3e9db32af9790,43033187.5;45499666.5;42949687.5;42964812.5;43133562.5;42974083.0;42980000.0
post_creation,mac,3840,2160,1,rgba8,compare,newcs,1,70200708.0,70000084.0,70607292.0,3fb3e9db32af9790,70000084.0;70244792.0;70200708.0;70127250.0;70607292.0;70243125.0;70164625.0
post_creation,mac,3840,2160,1,rgba8,compare,newcs,2,70178584.0,70068292.0,70498792.0,3fb3e9db32af9790,70198625.0;70121458.0;70178584.0;70068292.0;70072917.0;70498792.0;70448250.0
post_creation,mac,3840,2160,1,rgba8,compare,newcs,3,70594000.0,70158416.0,74677250.0,3fb3e9db32af9790,70579709.0;74677250.0;70381417.0;70594000.0;71320208.0;72154709.0;70158416.0
post_creation,mac,3840,2160,1,rgba8,compare,newss,1,93793375.0,93530250.0,93985833.0,3fb3e9db32af9790,93985833.0;93793375.0;93963667.0;93530250.0;93706459.0;93639291.0;93923166.0
post_creation,mac,3840,2160,1,rgba8,compare,newss,2,93996625.0,93870333.0,94385167.0,3fb3e9db32af9790,94213666.0;93940166.0;93996625.0;93876416.0;93870333.0;94385167.0;94102375.0
post_creation,mac,3840,2160,1,rgba8,compare,newss,3,93543375.0,93419666.0,94047209.0,3fb3e9db32af9790,93481916.0;93869125.0;94047209.0;93748292.0;93443041.0;93543375.0;93419666.0
post_creation,mac,3840,2160,1,rgba8,compare,oldcc,1,41973604.0,41925792.0,44316354.0,3fb3e9db32af9790,44316354.0;41925792.0;41940625.0;41973604.0;42078625.0;41949146.0;44212812.5
post_creation,mac,3840,2160,1,rgba8,compare,oldcc,2,42003458.5,41960812.5,44278729.5,3fb3e9db32af9790,42003458.5;41960812.5;42027875.0;41975916.5;41964396.0;44278729.5;42115500.0
post_creation,mac,3840,2160,1,rgba8,compare,oldcc,3,41922708.5,41816895.5,44164125.0,3fb3e9db32af9790,41902458.5;42144187.5;44164125.0;41922708.5;41816895.5;41840666.5;42042791.5
post_creation,mac,3840,2160,1,rgba8,compare,oldcs,1,69970375.0,69849042.0,70285834.0,3fb3e9db32af9790,69970375.0;70285834.0;69897584.0;69912209.0;69849042.0;70057500.0;70227209.0
post_creation,mac,3840,2160,1,rgba8,compare,oldcs,2,70018875.0,69929083.0,70761500.0,3fb3e9db32af9790,70761500.0;69997291.0;70136084.0;70018875.0;69929083.0;70049459.0;69966709.0
post_creation,mac,3840,2160,1,rgba8,compare,oldcs,3,72089291.0,71956000.0,74030083.0,3fb3e9db32af9790,72580542.0;72413292.0;74030083.0;72089291.0;71989917.0;71956000.0;72077542.0
post_creation,mac,3840,2160,1,rgba8,compare,oldss,1,93660000.0,93534958.0,93816542.0,3fb3e9db32af9790,93546667.0;93816542.0;93637125.0;93660000.0;93534958.0;93756750.0;93813250.0
post_creation,mac,3840,2160,1,rgba8,compare,oldss,2,93655500.0,93462708.0,93763375.0,3fb3e9db32af9790,93763375.0;93462708.0;93655500.0;93565459.0;93519417.0;93716250.0;93690750.0
post_creation,mac,3840,2160,1,rgba8,compare,oldss,3,95350917.0,94646417.0,95903000.0,3fb3e9db32af9790,95903000.0;95495250.0;95350917.0;95302000.0;95815625.0;94666375.0;94646417.0
post_creation,mac,3840,2160,1,rgba8,pair,newcc,1,169628250.0,168212875.0,172133958.0,3fb3e9db32af9790,172124333.0;168480500.0;169882083.0;172133958.0;168212875.0;169628250.0;168664916.0
post_creation,mac,3840,2160,1,rgba8,pair,newcc,2,170173083.0,168264042.0,172988417.0,3fb3e9db32af9790,170956292.0;172988417.0;170173083.0;169842167.0;170172000.0;172917500.0;168264042.0
post_creation,mac,3840,2160,1,rgba8,pair,newcc,3,168834917.0,168134250.0,174370333.0,3fb3e9db32af9790,174370333.0;168834917.0;168671334.0;172231666.0;168396000.0;169237750.0;168134250.0
post_creation,mac,3840,2160,1,rgba8,pair,newcs,1,171460708.0,170571833.0,174085125.0,3fb3e9db32af9790,170736125.0;174085125.0;171767417.0;170571833.0;171460708.0;171864291.0;171143958.0
post_creation,mac,3840,2160,1,rgba8,pair,newcs,2,171513083.0,170736125.0,174096458.0,3fb3e9db32af9790,174096458.0;172180000.0;171513083.0;171118667.0;171352791.0;173906709.0;170736125.0
post_creation,mac,3840,2160,1,rgba8,pair,newcs,3,173331750.0,171372166.0,174847709.0,3fb3e9db32af9790,173331750.0;174388750.0;172481084.0;171387541.0;174475083.0;174847709.0;171372166.0
post_creation,mac,3840,2160,1,rgba8,pair,newss,1,169453208.0,169279208.0,169743125.0,3fb3e9db32af9790,169279208.0;169743125.0;169453208.0;169317958.0;169317292.0;169703750.0;169727167.0
post_creation,mac,3840,2160,1,rgba8,pair,newss,2,169876750.0,169385583.0,170647500.0,3fb3e9db32af9790,170647500.0;169626208.0;170380500.0;169876750.0;169385583.0;169638917.0;169983000.0
post_creation,mac,3840,2160,1,rgba8,pair,newss,3,170039375.0,169681584.0,170682583.0,3fb3e9db32af9790,169832042.0;170682583.0;170039375.0;170561709.0;170502458.0;170024125.0;169681584.0
post_creation,mac,3840,2160,1,rgba8,pair,oldcc,1,167535833.0,166981541.0,173927708.0,3fb3e9db32af9790,167535833.0;167057542.0;173927708.0;170876667.0;166981541.0;170415792.0;167445833.0
post_creation,mac,3840,2160,1,rgba8,pair,oldcc,2,173001333.0,167921625.0,178398833.0,3fb3e9db32af9790,174888000.0;171740542.0;173001333.0;178398833.0;172001583.0;173424542.0;167921625.0
post_creation,mac,3840,2160,1,rgba8,pair,oldcc,3,167944458.0,167337584.0,173088667.0,3fb3e9db32af9790,170649625.0;167337584.0;170398917.0;173088667.0;167944458.0;167567792.0;167563000.0
post_creation,mac,3840,2160,1,rgba8,pair,oldcs,1,171046792.0,170770333.0,174196375.0,3fb3e9db32af9790,173247416.0;170938291.0;170995875.0;171783125.0;170770333.0;171046792.0;174196375.0
post_creation,mac,3840,2160,1,rgba8,pair,oldcs,2,171268458.0,170610250.0,172987750.0,3fb3e9db32af9790,172987750.0;170610250.0;170613709.0;171875084.0;170674125.0;171268458.0;171612209.0
post_creation,mac,3840,2160,1,rgba8,pair,oldcs,3,175755042.0,170966625.0,177063666.0,3fb3e9db32af9790,175943000.0;177063666.0;176701500.0;175755042.0;173609167.0;170966625.0;171189875.0
post_creation,mac,3840,2160,1,rgba8,pair,oldss,1,174363292.0,170048708.0,175017667.0,3fb3e9db32af9790,174702875.0;175017667.0;174071000.0;174363292.0;174681916.0;171329833.0;170048708.0
post_creation,mac,3840,2160,1,rgba8,pair,oldss,2,170898375.0,170152709.0,171781667.0,3fb3e9db32af9790,170152709.0;171781667.0;170898375.0;171131000.0;171347250.0;170394125.0;170548166.0
post_creation,mac,3840,2160,1,rgba8,pair,oldss,3,170500291.0,170255792.0,171800625.0,3fb3e9db32af9790,171800625.0;170440042.0;171484292.0;170500291.0;171593125.0;170255792.0;170406333.0
post_creation,mac,3840,2160,12,rgba8,candidate,newcc,1,34854312.5,33978250.0,37143062.5,3fb3e9db32af9790,35328270.5;33978250.0;35451250.0;34843750.0;37143062.5;34854312.5;34740625.0
post_creation,mac,3840,2160,12,rgba8,candidate,newcc,2,34683895.5,33908270.5,35650583.0,3fb3e9db32af9790,33908270.5;34683895.5;34062708.5;34444833.5;35650583.0;35451291.5;34886583.5
post_creation,mac,3840,2160,12,rgba8,candidate,newcc,3,35388729.5,33887812.5,37826208.5,3fb3e9db32af9790,36539229.5;35756854.0;37826208.5;34184312.5;34696000.0;35388729.5;33887812.5
post_creation,mac,3840,2160,12,rgba8,candidate,newcs,1,25388597.3,25251208.3,26208597.3,3fb3e9db32af9790,25296416.7;25388597.3;25251208.3;26208597.3;25368541.7;25939625.0;25756763.7
post_creation,mac,3840,2160,12,rgba8,candidate,newcs,2,26183736.0,25545958.3,27511639.0,3fb3e9db32af9790,25545958.3;26569180.7;26183736.0;27511639.0;25797194.3;25989277.7;26434403.0
post_creation,mac,3840,2160,12,rgba8,candidate,newcs,3,26285194.3,25740611.3,27143194.3,3fb3e9db32af9790,26114930.7;26285194.3;25740611.3;27143194.3;25764416.7;26863291.7;26903069.3
post_creation,mac,3840,2160,12,rgba8,candidate,newss,1,28189513.7,27903361.0,28891611.0,3fb3e9db32af9790,27903361.0;28891611.0;28023486.0;28092777.7;28247139.0;28189513.7;28770583.3
post_creation,mac,3840,2160,12,rgba8,candidate,newss,2,29035611.0,28463930.3,30243729.0,3fb3e9db32af9790,29035611.0;28463930.3;28646222.3;28966486.0;30243729.0;30190750.0;29185097.3
post_creation,mac,3840,2160,12,rgba8,candidate,newss,3,30348541.5,30054416.5,31645771.0,3fb3e9db32af9790,30348541.5;30054416.5;30704396.0;30171500.0;30196625.0;30389625.0;31645771.0
post_creation,mac,3840,2160,12,rgba8,candidate,oldcc,1,32629479.0,32180937.5,35272021.0,3fb3e9db32af9790,35272021.0;32180937.5;33772375.0;32267562.5;32629479.0;32363104.0;34240917.0
post_creation,mac,3840,2160,12,rgba8,candidate,oldcc,2,32765083.5,32096271.0,33843479.5,3fb3e9db32af9790,33843479.5;32737500.0;33331687.5;32765083.5;32096271.0;32675562.5;33269792.0
post_creation,mac,3840,2160,12,rgba8,candidate,oldcc,3,32871937.5,32262021.0,34675520.5,3fb3e9db32af9790,32923854.0;34675520.5;32479916.5;32406250.0;32262021.0;33783666.5;32871937.5
post_creation,mac,3840,2160,12,rgba8,candidate,oldcs,1,26102958.3,25506916.7,26832764.0,3fb3e9db32af9790,25506916.7;26008416.7;26135250.0;26601694.3;25555222.3;26832764.0;26102958.3
post_creation,mac,3840,2160,12,rgba8,candidate,oldcs,2,26133722.0,25608486.0,26693819.3,3fb3e9db32af9790,25895347.0;26283666.7;25772180.7;26133722.0;26303652.7;26693819.3;25608486.0
post_creation,mac,3840,2160,12,rgba8,candidate,oldcs,3,27178125.0,26580111.0,28381986.0,3fb3e9db32af9790,26665611.0;27393555.3;28381986.0;27235055.7;26678694.7;26580111.0;27178125.0
post_creation,mac,3840,2160,12,rgba8,candidate,oldss,1,28393680.7,27857750.0,29148625.0,3fb3e9db32af9790,28380389.0;28149278.0;28601444.7;27857750.0;29148625.0;28993764.0;28393680.7
post_creation,mac,3840,2160,12,rgba8,candidate,oldss,2,30020805.7,28931152.7,30247375.0,3fb3e9db32af9790,29319139.0;28931152.7;30115486.0;30020805.7;29860527.7;30247375.0;30132771.0
post_creation,mac,3840,2160,12,rgba8,candidate,oldss,3,31277875.0,30560395.5,32500229.0,3fb3e9db32af9790,30751361.0;31277875.0;31682042.0;30560395.5;32500229.0;31747875.0;30693062.5
post_creation,mac,3840,2160,12,rgba8,compare,newcc,1,18398073.0,18315260.2,18567406.2,3fb3e9db32af9790,18382333.2;18567406.2;18562031.2;18449802.0;18315260.2;18369510.5;18398073.0
post_creation,mac,3840,2160,12,rgba8,compare,newcc,2,18376385.2,18278083.2,18859895.8,3fb3e9db32af9790,18467718.8;18427875.0;18278083.2;18297718.8;18376385.2;18372489.5;18859895.8
post_creation,mac,3840,2160,12,rgba8,compare,newcc,3,18526593.8,18393250.0,19056604.2,3fb3e9db32af9790,18887812.5;18526593.8;18465646.0;18479312.5;18393250.0;18867177.0;19056604.2
post_creation,mac,3840,2160,12,rgba8,compare,newcs,1,17641989.5,17331614.5,17731343.8,3fb3e9db32af9790,17675427.0;17331614.5;17641989.5;17375177.0;17731343.8;17415968.8;17719635.5
post_creation,mac,3840,2160,12,rgba8,compare,newcs,2,17639989.5,17391021.0,17862531.2,3fb3e9db32af9790,17391021.0;17838916.8;17639989.5;17726979.0;17862531.2;17572989.5;17542114.5
post_creation,mac,3840,2160,12,rgba8,compare,newcs,3,17802083.5,17568281.2,18376031.2,3fb3e9db32af9790,17604500.0;17568281.2;17840385.2;18294198.0;18376031.2;17802083.5;17696875.0
post_creation,mac,3840,2160,12,rgba8,compare,newss,1,20124916.7,19895125.0,21305930.7,3fb3e9db32af9790,19895125.0;20007861.0;20300902.7;20124916.7;20046472.0;20332486.0;21305930.7
post_creation,mac,3840,2160,12,rgba8,compare,newss,2,21505153.0,21021777.7,22558277.7,3fb3e9db32af9790,21490597.3;21505153.0;21021777.7;21388638.7;21668305.7;22558277.7;21914819.7
post_creation,mac,3840,2160,12,rgba8,compare,newss,3,21894166.7,21795361.0,22473722.3,3fb3e9db32af9790,22473722.3;21795361.0;22435611.3;22058764.0;21865180.7;21797652.7;21894166.7
post_creation,mac,3840,2160,12,rgba8,compare,oldcc,1,18502354.0,18296822.8,20491639.0,3fb3e9db32af9790,19308885.5;18502354.0;19145062.5;18296822.8;20491639.0;18362750.0;18429583.2
post_creation,mac,3840,2160,12,rgba8,compare,oldcc,2,19516843.8,19374833.2,20926347.0,3fb3e9db32af9790,19374833.2;19678833.2;19516843.8;20764666.7;20926347.0;19490291.8;19408364.8
post_creation,mac,3840,2160,12,rgba8,compare,oldcc,3,18551520.8,18334083.2,21510569.7,3fb3e9db32af9790,18551520.8;18334083.2;21047625.0;18336500.0;20842444.3;21510569.7;18356645.8
post_creation,mac,3840,2160,12,rgba8,compare,oldcs,1,17451291.8,17315937.5,18031854.0,3fb3e9db32af9790,17424572.8;17451291.8;18031854.0;17315937.5;17330937.5;17669437.5;17954302.0
post_creation,mac,3840,2160,12,rgba8,compare,oldcs,2,17849823.0,17504385.2,18308406.2,3fb3e9db32af9790,17834021.0;17504385.2;17960802.0;17941312.5;17606093.8;17849823.0;18308406.2
post_creation,mac,3840,2160,12,rgba8,compare,oldcs,3,18260208.2,17609625.0,18606000.0,3fb3e9db32af9790,17637750.0;18499166.5;18606000.0;17927468.8;18280833.5;18260208.2;17609625.0
post_creation,mac,3840,2160,12,rgba8,compare,oldss,1,20097229.0,19959031.2,20642722.0,3fb3e9db32af9790,20642722.0;20097229.0;19959031.2;20532513.7;20336500.0;20023097.0;20073312.5
post_creation,mac,3840,2160,12,rgba8,compare,oldss,2,21484819.3,21073069.7,22101472.0,3fb3e9db32af9790,21073069.7;21091639.0;22101472.0;21522833.3;21484819.3;21448777.7;21655166.7
post_creation,mac,3840,2160,12,rgba8,compare,oldss,3,21956777.7,21632375.0,22859111.3,3fb3e9db32af9790,21829736.0;21961208.3;21632375.0;21956777.7;21661361.0;22859111.3;22321569.3
post_creation,mac,3840,2160,12,rgba8,pair,newcc,1,50949687.5,49908542.0,53104750.0,3fb3e9db32af9790,50660895.5;53104750.0;52319729.5;50949687.5;49908542.0;51975666.5;50806479.0
post_creation,mac,3840,2160,12,rgba8,pair,newcc,2,51334417.0,50254187.5,54557625.0,3fb3e9db32af9790,54557625.0;51045917.0;50254187.5;52606833.5;51334417.0;51923937.5;51093145.5
post_creation,mac,3840,2160,12,rgba8,pair,newcc,3,51367166.5,50637770.5,52937041.5,3fb3e9db32af9790,51147291.5;52937041.5;50637770.5;51675333.5;51801333.5;51367166.5;51032917.0
post_creation,mac,3840,2160,12,rgba8,pair,newcs,1,41529625.0,41001250.0,42626708.5,3fb3e9db32af9790,41529625.0;42164958.5;42383167.0;41465750.0;41001250.0;41367687.5;42626708.5
post_creation,mac,3840,2160,12,rgba8,pair,newcs,2,44325229.0,42660417.0,45201854.0,3fb3e9db32af9790,44325229.0;44127167.0;44479937.5;45201854.0;42660417.0;43480521.0;44624854.5
post_creation,mac,3840,2160,12,rgba8,pair,newcs,3,43443333.5,42522167.0,44518687.5,3fb3e9db32af9790,42522167.0;42802771.0;42921583.5;43927354.5;44518687.5;43496687.5;43443333.5
post_creation,mac,3840,2160,12,rgba8,pair,newss,1,36728167.0,35632687.5,38311791.5,3fb3e9db32af9790,36613125.0;35829791.5;36773520.5;36819958.5;36728167.0;38311791.5;35632687.5
post_creation,mac,3840,2160,12,rgba8,pair,newss,2,39410625.0,38737500.0,40118750.0,3fb3e9db32af9790,39247500.0;39410625.0;39858250.0;40118750.0;38737500.0;39172208.5;40094645.5
post_creation,mac,3840,2160,12,rgba8,pair,newss,3,38874437.5,37963333.5,39459625.0,3fb3e9db32af9790,38874500.0;39296666.5;37963333.5;38874437.5;38672291.5;39459625.0;38411395.5
post_creation,mac,3840,2160,12,rgba8,pair,oldcc,1,45988875.0,45658270.5,47783604.0,3fb3e9db32af9790,46443104.0;45988875.0;47783604.0;45658270.5;45678062.5;46615125.0;45931583.5
post_creation,mac,3840,2160,12,rgba8,pair,oldcc,2,48439542.0,46965000.0,49542708.0,3fb3e9db32af9790,49542708.0;48568979.0;47704271.0;48439542.0;48881729.5;47801479.0;46965000.0
post_creation,mac,3840,2160,12,rgba8,pair,oldcc,3,46874250.0,46201312.5,48593354.0,3fb3e9db32af9790,46669396.0;48593354.0;47649437.5;47567229.0;46517041.5;46874250.0;46201312.5
post_creation,mac,3840,2160,12,rgba8,pair,oldcs,1,39665417.0,39122187.5,40888562.5,3fb3e9db32af9790,39375833.5;40888562.5;39122187.5;39665417.0;39554646.0;39686020.5;40063625.0
post_creation,mac,3840,2160,12,rgba8,pair,oldcs,2,41577437.5,41280562.5,43212166.5,3fb3e9db32af9790,41874333.5;41354042.0;41438687.5;43212166.5;41280562.5;42661041.5;41577437.5
post_creation,mac,3840,2160,12,rgba8,pair,oldcs,3,41834041.5,40119104.0,43469812.5,3fb3e9db32af9790,42382229.0;40119104.0;41459750.0;43469812.5;41834041.5;42474270.5;41422854.5
post_creation,mac,3840,2160,12,rgba8,pair,oldss,1,36944062.5,35879646.0,37553125.0,3fb3e9db32af9790,36052229.0;35879646.0;37161083.5;36973791.5;36471062.5;36944062.5;37553125.0
post_creation,mac,3840,2160,12,rgba8,pair,oldss,2,39355937.5,38713062.5,40985041.5,3fb3e9db32af9790,40985041.5;38783646.0;38713062.5;39355937.5;40308958.5;39314917.0;39909958.0
post_creation,mac,3840,2160,12,rgba8,pair,oldss,3,39360000.0,38240062.5,40436458.5,3fb3e9db32af9790,38240062.5;40078708.5;39360000.0;38664958.0;39784021.0;40436458.5;38690104.0
post_creation,mac,3840,2160,6,rgba8,candidate,newcc,1,35393729.0,35044354.5,37606520.5,3fb3e9db32af9790,35393729.0;37606520.5;35995896.0;36933625.0;35044354.5;35385916.5;35186041.5
post_creation,mac,3840,2160,6,rgba8,candidate,newcc,2,35914062.5,35030875.0,39570125.0,3fb3e9db32af9790,35119271.0;37941167.0;36807292.0;39570125.0;35914062.5;35030875.0;35101958.0
post_creation,mac,3840,2160,6,rgba8,candidate,newcc,3,36136104.5,34996354.0,37347291.5,3fb3e9db32af9790,37347291.5;36303604.5;35557583.5;36136104.5;34996354.0;35603854.0;36458396.0
post_creation,mac,3840,2160,6,rgba8,candidate,newcs,1,30109187.5,29694416.7,30498958.0,3fb3e9db32af9790,29694416.7;30498958.0;29761583.3;30109187.5;30177833.0;30307208.5;29709708.3
post_creation,mac,3840,2160,6,rgba8,candidate,newcs,2,29874764.0,29567514.0,30458146.0,3fb3e9db32af9790,29567514.0;29783458.3;29874764.0;29780777.7;30184791.5;30458146.0;30098444.3
post_creation,mac,3840,2160,6,rgba8,candidate,newcs,3,32426979.5,31217062.5,33874604.0,3fb3e9db32af9790,32483000.0;32426979.5;31462625.0;31217062.5;33874604.0;32418958.0;32490250.0
post_creation,mac,3840,2160,6,rgba8,candidate,newss,1,33763458.0,33000521.0,34679583.5,3fb3e9db32af9790,33765687.5;33763458.0;34450875.0;33370791.5;34679583.5;33000521.0;33423729.0
post_creation,mac,3840,2160,6,rgba8,candidate,newss,2,34297437.5,33729917.0,34647104.0,3fb3e9db32af9790,34611437.5;34297437.5;33729917.0;34036479.5;34272375.0;34354812.5;34647104.0
post_creation,mac,3840,2160,6,rgba8,candidate,newss,3,37227875.0,36444583.5,39147458.5,3fb3e9db32af9790,36857854.0;36505895.5;37329771.0;36444583.5;37227875.0;39147458.5;38178687.5
post_creation,mac,3840,2160,6,rgba8,candidate,oldcc,1,34137625.0,33122146.0,34694646.0,3fb3e9db32af9790,34669312.5;34234687.5;33122146.0;34137625.0;34694646.0;33510396.0;33275812.5
post_creation,mac,3840,2160,6,rgba8,candidate,oldcc,2,34528520.5,33421042.0,35826271.0,3fb3e9db32af9790,34797937.5;33421042.0;33538521.0;35826271.0;33623125.0;34558167.0;34528520.5
post_creation,mac,3840,2160,6,rgba8,candidate,oldcc,3,34695000.0,33311479.0,36941521.0,3fb3e9db32af9790,35253479.0;34695000.0;33311479.0;36151562.5;34403104.0;36941521.0;34490042.0
post_creation,mac,3840,2160,6,rgba8,candidate,oldcs,1,29624152.7,29222388.7,30202521.0,3fb3e9db32af9790,29624152.7;29222388.7;29754472.3;29359486.0;29633569.3;29445444.7;30202521.0
post_creation,mac,3840,2160,6,rgba8,candidate,oldcs,2,30117208.5,29693111.0,30432875.0,3fb3e9db32af9790,30086583.5;30117208.5;30239791.7;30103722.3;29693111.0;30432875.0;30377562.5
post_creation,mac,3840,2160,6,rgba8,candidate,oldcs,3,32574937.5,32055104.5,34448812.5,3fb3e9db32af9790,34448812.5;32137479.5;32055104.5;33597208.5;32574937.5;32321271.0;32879375.0
post_creation,mac,3840,2160,6,rgba8,candidate,oldss,1,33646708.5,33453291.5,34381187.5,3fb3e9db32af9790,34381187.5;33646708.5;33545520.5;33453291.5;33852521.0;33663916.5;33493021.0
post_creation,mac,3840,2160,6,rgba8,candidate,oldss,2,35071916.5,33820646.0,35472729.0,3fb3e9db32af9790,34854521.0;34539062.5;35236542.0;35459916.5;35472729.0;35071916.5;33820646.0
post_creation,mac,3840,2160,6,rgba8,candidate,oldss,3,38434291.5,36743646.0,42199146.0,3fb3e9db32af9790,38015646.0;38501125.0;38687729.0;38272062.5;36743646.0;42199146.0;38434291.5
post_creation,mac,3840,2160,6,rgba8,compare,newcc,1,18880052.0,18634573.0,18961718.8,3fb3e9db32af9790,18888885.5;18925823.0;18880052.0;18961718.8;18634573.0;18742812.5;18647208.2
post_creation,mac,3840,2160,6,rgba8,compare,newcc,2,18786739.5,18366562.5,19607614.8,3fb3e9db32af9790,18838833.2;19607614.8;19065479.2;18366562.5;18786739.5;18773750.0;18654093.8
post_creation,mac,3840,2160,6,rgba8,compare,newcc,3,20210097.0,20078389.0,20336458.3,3fb3e9db32af9790,20078389.0;20193958.3;20219611.3;20210097.0;20117625.0;20237416.7;20336458.3
post_creation,mac,3840,2160,6,rgba8,compare,newcs,1,21023805.7,20795014.0,21516958.3,3fb3e9db32af9790,21516958.3;21237486.0;20859208.3;20795014.0;21326652.7;20811138.7;21023805.7
post_creation,mac,3840,2160,6,rgba8,compare,newcs,2,22836375.0,22114666.7,23166666.7,3fb3e9db32af9790,22693541.7;22951736.3;23166666.7;22836375.0;22303555.7;22114666.7;23127708.3
post_creation,mac,3840,2160,6,rgba8,compare,newcs,3,23004583.3,22746111.0,23163666.7,3fb3e9db32af9790,23143819.3;22746111.0;23163666.7;22853194.3;22970666.7;23004583.3;23045639.0
post_creation,mac,3840,2160,6,rgba8,compare,newss,1,25499805.7,25184333.3,26791777.7,3fb3e9db32af9790,25306041.7;25411500.0;25600694.7;25184333.3;25499805.7;26237097.3;26791777.7
post_creation,mac,3840,2160,6,rgba8,compare,newss,2,27611722.0,27139639.0,28834583.3,3fb3e9db32af9790,27464944.3;28834583.3;27414777.7;28312403.0;27611722.0;27139639.0;27882736.0
post_creation,mac,3840,2160,6,rgba8,compare,newss,3,28068333.3,26832014.0,30028791.7,3fb3e9db32af9790,28329569.3;27453736.0;28068333.3;27581653.0;26832014.0;28217833.3;30028791.7
post_creation,mac,3840,2160,6,rgba8,compare,oldcc,1,19150125.0,18753500.0,19510114.5,3fb3e9db32af9790,19510114.5;19117885.5;19102187.5;19439062.5;19150125.0;19288729.0;18753500.0
post_creation,mac,3840,2160,6,rgba8,compare,oldcc,2,19507281.2,19154750.0,20221041.7,3fb3e9db32af9790,19694229.0;19154750.0;19869146.0;20221041.7;19252906.2;19259333.2;19507281.2
post_creation,mac,3840,2160,6,rgba8,compare,oldcc,3,19311989.8,19026281.2,19974666.8,3fb3e9db32af9790,19974666.8;19026281.2;19733510.2;19128854.0;19311989.8;19521343.8;19196604.2
post_creation,mac,3840,2160,6,rgba8,compare,oldcs,1,21246847.0,20784778.0,21435861.0,3fb3e9db32af9790,20784778.0;21407652.7;21435861.0;21246847.0;21334861.0;21029666.7;21086305.7
post_creation,mac,3840,2160,6,rgba8,compare,oldcs,2,22681750.0,21445166.7,23055361.3,3fb3e9db32af9790,22478138.7;22681750.0;23055361.3;21445166.7;23023611.0;22900125.0;22220902.7
post_creation,mac,3840,2160,6,rgba8,compare,oldcs,3,22706861.0,22143486.0,23851222.0,3fb3e9db32af9790,22488153.0;22394986.0;22143486.0;22706861.0;23081278.0;23851222.0;23347041.7
post_creation,mac,3840,2160,6,rgba8,compare,oldss,1,26314569.3,25596625.0,27062027.7,3fb3e9db32af9790,25596625.0;27062027.7;26581014.0;26314569.3;26093750.0;25663041.7;26719875.0
post_creation,mac,3840,2160,6,rgba8,compare,oldss,2,27661694.3,27323291.7,28326777.7,3fb3e9db32af9790,28013875.0;27427986.0;27323291.7;27840527.7;28326777.7;27661694.3;27439680.7
post_creation,mac,3840,2160,6,rgba8,compare,oldss,3,28051541.7,27071944.3,28618513.7,3fb3e9db32af9790,27159083.3;27071944.3;28313347.3;28618513.7;28051541.7;27634763.7;28071514.0
post_creation,mac,3840,2160,6,rgba8,pair,newcc,1,53003333.5,51026271.0,54074917.0,3fb3e9db32af9790,54074917.0;53144083.5;54027458.5;53003333.5;52115833.5;51026271.0;51681729.0
post_creation,mac,3840,2160,6,rgba8,pair,newcc,2,52879270.5,51500042.0,54729854.5,3fb3e9db32af9790,54729854.5;53032437.5;52879270.5;52000687.5;53709000.0;52541416.5;51500042.0
post_creation,mac,3840,2160,6,rgba8,pair,newcc,3,53198479.0,51712771.0,54012146.0,3fb3e9db32af9790,51712771.0;53960417.0;54012146.0;52800791.5;53198479.0;53855937.5;51819645.5
post_creation,mac,3840,2160,6,rgba8,pair,newcs,1,46019833.0,45827021.0,46304354.0,3fb3e9db32af9790,46304354.0;45828187.5;46130416.5;46019833.0;45974146.0;46093416.5;45827021.0
post_creation,mac,3840,2160,6,rgba8,pair,newcs,2,46996729.5,46814520.5,48819708.5,3fb3e9db32af9790,46814520.5;46996729.5;48819708.5;46850687.5;46888333.5;48183958.5;48362958.0
post_creation,mac,3840,2160,6,rgba8,pair,newcs,3,48454375.0,47747708.5,49702583.5,3fb3e9db32af9790,48454375.0;47747708.5;49586521.0;49702583.5;48104208.5;48057104.0;48906500.0
post_creation,mac,3840,2160,6,rgba8,pair,newss,1,42977791.5,41598187.5,43192854.5,3fb3e9db32af9790,43192854.5;42402187.5;42219541.5;42977791.5;43011271.0;41598187.5;43127396.0
post_creation,mac,3840,2160,6,rgba8,pair,newss,2,44214396.0,43478604.0,45201271.0,3fb3e9db32af9790,44214396.0;45069500.0;44069229.0;45201271.0;44488833.5;43478604.0;43885771.0
post_creation,mac,3840,2160,6,rgba8,pair,newss,3,46208500.0,45413021.0,47220292.0,3fb3e9db32af9790,46412625.0;47220292.0;47147312.5;45784166.5;46208500.0;46072354.5;45413021.0
post_creation,mac,3840,2160,6,rgba8,pair,oldcc,1,49514708.5,48490417.0,51413583.0,3fb3e9db32af9790,49133270.5;49795812.5;48490417.0;51271750.0;51413583.0;49166812.5;49514708.5
post_creation,mac,3840,2160,6,rgba8,pair,oldcc,2,49526750.0,48235521.0,52069020.5,3fb3e9db32af9790,49897541.5;49526750.0;48655854.0;51646062.5;52069020.5;49444062.5;48235521.0
post_creation,mac,3840,2160,6,rgba8,pair,oldcc,3,50575187.5,49213250.0,51982791.5,3fb3e9db32af9790,50575187.5;49213250.0;51264396.0;51368125.0;50144083.0;50367083.5;51982791.5
post_creation,mac,3840,2160,6,rgba8,pair,oldcs,1,45568875.0,44999854.0,45814333.5,3fb3e9db32af9790,45137833.5;45223208.5;44999854.0;45608979.5;45568875.0;45665833.5;45814333.5
post_creation,mac,3840,2160,6,rgba8,pair,oldcs,2,46835104.0,45451042.0,47784042.0,3fb3e9db32af9790,46820583.5;47014291.5;45451042.0;46158270.5;46835104.0;47679354.0;47784042.0
post_creation,mac,3840,2160,6,rgba8,pair,oldcs,3,48032562.5,47481812.5,49234354.0,3fb3e9db32af9790,48088042.0;47718646.0;47481812.5;47705896.0;48632145.5;49234354.0;48032562.5
post_creation,mac,3840,2160,6,rgba8,pair,oldss,1,42365312.5,41928167.0,43582083.5,3fb3e9db32af9790,42365312.5;42678562.5;41928167.0;43582083.5;42163021.0;42651000.0;42233729.0
post_creation,mac,3840,2160,6,rgba8,pair,oldss,2,44603145.5,43529375.0,45900708.5,3fb3e9db32af9790,43698167.0;44603145.5;45499854.5;44655791.5;44312479.0;43529375.0;45900708.5
post_creation,mac,3840,2160,6,rgba8,pair,oldss,3,46320021.0,44655917.0,47511000.0,3fb3e9db32af9790,44655917.0;46397729.0;46320021.0;46139729.0;47511000.0;46016062.5;46366333.0
post_creation,mac,512,512,1,rgba8,candidate,newcc,1,3479972.2,3472192.2,3494956.0,3fb58063054aaa10,3494956.0;3479972.2;3480560.2;3476175.9;3479250.0;3480090.3;3472192.2
post_creation,mac,512,512,1,rgba8,candidate,newcc,2,3367770.8,3350717.6,3382634.3,3fb58063054aaa10,3376044.0;3382634.3;3377824.1;3367770.8;3367111.1;3350717.6;3351699.1
post_creation,mac,512,512,1,rgba8,candidate,newcc,3,3362682.9,3350671.3,3388544.0,3fb58063054aaa10,3372502.3;3388544.0;3371386.6;3360393.5;3362682.9;3359914.3;3350671.3
post_creation,mac,512,512,1,rgba8,candidate,newcs,1,3515261.6,3512240.7,3538019.6,3fb58063054aaa10,3520053.3;3515261.6;3512240.7;3513576.4;3515233.8;3538019.6;3520208.3
post_creation,mac,512,512,1,rgba8,candidate,newcs,2,3540857.9,3510428.2,3633053.9,3fb58063054aaa10,3515157.4;3510428.2;3538669.1;3540857.9;3633053.9;3610676.5;3609610.3
post_creation,mac,512,512,1,rgba8,candidate,newcs,3,3514078.7,3511532.4,3532678.9,3fb58063054aaa10,3513120.3;3532678.9;3514078.7;3515395.8;3530703.4;3511703.7;3511532.4
post_creation,mac,512,512,1,rgba8,candidate,newss,1,4445196.4,4419119.0,4544407.7,3fb58063054aaa10,4544407.7;4445196.4;4447598.2;4419119.0;4446705.4;4432253.0;4426279.8
post_creation,mac,512,512,1,rgba8,candidate,newss,2,4442247.1,4423136.9,4495651.8,3fb58063054aaa10,4424830.4;4423136.9;4445351.2;4449910.7;4495651.8;4442247.1;4423437.5
post_creation,mac,512,512,1,rgba8,candidate,newss,3,4424511.9,4422309.6,4452657.8,3fb58063054aaa10,4425961.3;4452657.8;4422309.6;4424511.9;4435824.4;4424476.2;4424437.5
post_creation,mac,512,512,1,rgba8,candidate,oldcc,1,4132255.6,4119069.5,4139636.1,3fb58063054aaa10,4136277.8;4132255.6;4128350.0;4127544.5;4139636.1;4134841.7;4119069.5
post_creation,mac,512,512,1,rgba8,candidate,oldcc,2,4122527.8,4109813.9,4145897.3,3fb58063054aaa10,4124569.5;4145897.3;4122436.1;4109813.9;4119158.3;4134513.9;4122527.8
post_creation,mac,512,512,1,rgba8,candidate,oldcc,3,4123075.0,4116380.6,4148622.2,3fb58063054aaa10,4128966.7;4148622.2;4123075.0;4123905.5;4122886.1;4116380.6;4118669.5
post_creation,mac,512,512,1,rgba8,candidate,oldcs,1,3716951.0,3618428.9,3728281.8,3fb58063054aaa10,3623855.4;3618428.9;3692438.7;3728281.8;3716951.0;3722879.9;3720433.8
post_creation,mac,512,512,1,rgba8,candidate,oldcs,2,3621568.6,3612556.4,3640058.8,3fb58063054aaa10,3618245.1;3640058.8;3612556.4;3621568.6;3626639.7;3627875.0;3619227.9
post_creation,mac,512,512,1,rgba8,candidate,oldcs,3,3628406.8,3620688.7,3638377.4,3fb58063054aaa10,3628406.8;3635009.8;3637411.8;3638377.4;3623350.5;3621892.2;3620688.7
post_creation,mac,512,512,1,rgba8,candidate,oldss,1,4429059.5,4421672.6,4453172.6,3fb58063054aaa10,4428160.7;4438678.6;4424910.7;4453172.6;4429059.5;4441782.8;4421672.6
post_creation,mac,512,512,1,rgba8,candidate,oldss,2,4441750.0,4435919.6,4457455.4,3fb58063054aaa10,4437497.1;4457455.4;4442767.9;4441750.0;4443568.5;4435919.6;4436648.8
post_creation,mac,512,512,1,rgba8,candidate,oldss,3,4439901.8,4432235.1,4461378.0,3fb58063054aaa10,4439901.8;4443318.5;4461378.0;4440324.4;4432235.1;4439470.2;4437505.9
post_creation,mac,512,512,1,rgba8,compare,newcc,1,1400896.3,1398401.2,1407549.4,3fb58063054aaa10,1400390.5;1403879.8;1407549.4;1398401.2;1400896.3;1400437.0;1405007.7
post_creation,mac,512,512,1,rgba8,compare,newcc,2,1504959.4,1501028.1,1508361.4,3fb58063054aaa10,1501028.1;1508361.4;1501936.4;1506468.8;1503078.1;1504959.4;1507225.0
post_creation,mac,512,512,1,rgba8,compare,newcc,3,1459660.7,1421114.3,1499425.8,3fb58063054aaa10,1431048.6;1426033.0;1421114.3;1459660.7;1499425.8;1481867.9;1486222.6
post_creation,mac,512,512,1,rgba8,compare,newcs,1,2339157.1,2333347.8,2355663.5,3fb58063054aaa10,2339157.1;2333347.8;2339184.3;2337065.7;2336117.0;2355663.5;2340443.9
post_creation,mac,512,512,1,rgba8,compare,newcs,2,2335040.1,2327224.3,2364421.5,3fb58063054aaa10,2334081.7;2334514.4;2335548.1;2336652.3;2335040.1;2327224.3;2364421.5
post_creation,mac,512,512,1,rgba8,compare,newcs,3,2402541.6,2398189.1,2416173.4,3fb58063054aaa10,2398189.1;2400873.4;2402905.0;2398403.8;2402831.6;2402541.6;2416173.4
post_creation,mac,512,512,1,rgba8,compare,newss,1,3137110.4,3133281.2,3153037.5,3fb58063054aaa10,3136500.0;3133281.2;3134572.9;3147460.4;3141327.1;3153037.5;3137110.4
post_creation,mac,512,512,1,rgba8,compare,newss,2,3140485.4,3138279.1,3153877.0,3fb58063054aaa10,3140485.4;3140395.9;3141762.5;3139181.2;3138279.1;3153877.0;3144995.9
post_creation,mac,512,512,1,rgba8,compare,newss,3,3229326.8,3143829.1,3234888.2,3fb58063054aaa10,3146725.0;3143829.1;3214256.6;3232986.8;3234888.2;3229486.8;3229326.8
post_creation,mac,512,512,1,rgba8,compare,oldcc,1,1443787.7,1441474.2,1452963.3,3fb58063054aaa10,1452963.3;1443787.7;1444688.5;1443129.0;1443047.6;1449780.8;1441474.2
post_creation,mac,512,512,1,rgba8,compare,oldcc,2,1443355.1,1440506.0,1449961.3,3fb58063054aaa10,1447458.3;1443355.1;1449961.3;1440506.0;1443065.5;1440553.6;1444467.3
post_creation,mac,512,512,1,rgba8,compare,oldcc,3,1477103.7,1476369.9,1480219.5,3fb58063054aaa10,1480219.5;1476369.9;1478281.5;1478425.8;1476702.2;1477004.1;1477103.7
post_creation,mac,512,512,1,rgba8,compare,oldcs,1,2330250.0,2327083.3,2347266.0,3fb58063054aaa10,2332690.7;2330250.0;2330884.6;2328482.4;2327083.3;2327548.1;2347266.0
post_creation,mac,512,512,1,rgba8,compare,oldcs,2,2323165.1,2320687.5,2338527.3,3fb58063054aaa10,2320687.5;2322810.9;2326960.0;2322301.3;2324314.1;2323165.1;2338527.3
post_creation,mac,512,512,1,rgba8,compare,oldcs,3,2329943.9,2326671.5,2347046.5,3fb58063054aaa10,2326671.5;2329294.9;2332527.2;2330721.2;2329943.9;2328346.2;2347046.5
post_creation,mac,512,512,1,rgba8,compare,oldss,1,3144752.1,3136300.0,3160967.1,3fb58063054aaa10,3144204.1;3144752.1;3136300.0;3159230.3;3141943.8;3160967.1;3147527.1
post_creation,mac,512,512,1,rgba8,compare,oldss,2,3140431.3,3137558.4,3153202.1,3fb58063054aaa10,3140133.3;3138329.1;3140618.8;3137558.4;3140431.3;3153202.1;3140595.8
post_creation,mac,512,512,1,rgba8,compare,oldss,3,3152810.4,3147487.5,3237030.7,3fb58063054aaa10,3237030.7;3189725.9;3151910.5;3147487.5;3152810.4;3148829.1;3165940.8
post_creation,mac,512,512,1,rgba8,pair,newcc,1,5407399.3,5392170.1,5416246.6,3fb58063054aaa10,5412753.4;5399257.0;5416246.6;5407399.3;5415857.6;5392170.1;5399152.8
post_creation,mac,512,512,1,rgba8,pair,newcc,2,5286451.4,5272152.8,5304065.9,3fb58063054aaa10,5304065.9;5286451.4;5293701.4;5296333.3;5285454.8;5272152.8;5281944.5
post_creation,mac,512,512,1,rgba8,pair,newcc,3,5273670.1,5258045.2,5292336.8,3fb58063054aaa10,5282361.2;5292336.8;5275086.8;5273670.1;5267024.3;5258045.2;5268211.8
post_creation,mac,512,512,1,rgba8,pair,newcs,1,5419100.7,5387947.9,5435392.3,3fb58063054aaa10,5406076.4;5387947.9;5391791.7;5419100.7;5435392.3;5427697.9;5425777.8
post_creation,mac,512,512,1,rgba8,pair,newcs,2,5415670.1,5402149.3,5441326.3,3fb58063054aaa10,5415670.1;5441326.3;5412816.0;5402149.3;5415232.6;5420895.8;5430534.8
post_creation,mac,512,512,1,rgba8,pair,newcs,3,5412437.5,5397691.0,5420090.2,3fb58063054aaa10,5402361.1;5417347.3;5408406.2;5397691.0;5412437.5;5416684.0;5420090.2
post_creation,mac,512,512,1,rgba8,pair,newss,1,5599181.8,5596306.8,5608314.5,3fb58063054aaa10,5608314.5;5607367.5;5597715.9;5599178.0;5599181.8;5596306.8;5599950.7
post_creation,mac,512,512,1,rgba8,pair,newss,2,5605371.2,5597344.7,5627685.6,3fb58063054aaa10,5610435.5;5627685.6;5605261.4;5614257.6;5601333.4;5605371.2;5597344.7
post_creation,mac,512,512,1,rgba8,pair,newss,3,5601083.3,5596204.5,5624515.2,3fb58063054aaa10,5624515.2;5601784.1;5601083.3;5596204.5;5601655.3;5599443.2;5599553.0
post_creation,mac,512,512,1,rgba8,pair,oldcc,1,6109637.5,6104375.0,6131404.2,3fb58063054aaa10,6131404.2;6106295.9;6114970.9;6113804.1;6104754.2;6104375.0;6109637.5
post_creation,mac,512,512,1,rgba8,pair,oldcc,2,6029666.7,6010770.9,6056975.0,3fb58063054aaa10,6049204.1;6010770.9;6013616.7;6032358.4;6029666.7;6056975.0;6024566.7
post_creation,mac,512,512,1,rgba8,pair,oldcc,3,6026995.8,6021233.3,6044920.8,3fb58063054aaa10,6044920.8;6026995.8;6029912.5;6021233.3;6030304.2;6022308.3;6022704.1
post_creation,mac,512,512,1,rgba8,pair,oldcs,1,5685621.3,5581280.3,6103591.7,3fb58063054aaa10,5581280.3;5680943.2;5676738.6;5710931.8;5685621.3;5693405.4;6103591.7
post_creation,mac,512,512,1,rgba8,pair,oldcs,2,5528265.2,5525356.0,5552412.9,3fb58063054aaa10,5534200.8;5552412.9;5527144.0;5528265.2;5525356.0;5543007.6;5526170.5
post_creation,mac,512,512,1,rgba8,pair,oldcs,3,5528837.1,5520083.3,5534337.1,3fb58063054aaa10,5522973.5;5528837.1;5523984.8;5520083.3;5532212.1;5529083.3;5534337.1
post_creation,mac,512,512,1,rgba8,pair,oldss,1,5601666.7,5591011.4,5617859.8,3fb58063054aaa10,5597272.7;5601666.7;5591011.4;5601818.2;5617859.8;5604651.5;5600969.7
post_creation,mac,512,512,1,rgba8,pair,oldss,2,5626496.2,5617833.4,5647018.9,3fb58063054aaa10,5634397.7;5637973.5;5620125.0;5617833.4;5647018.9;5626496.2;5624935.6
post_creation,mac,512,512,1,rgba8,pair,oldss,3,5618412.9,5617549.3,5630734.9,3fb58063054aaa10,5630734.9;5618412.9;5622272.7;5617549.3;5618011.4;5621723.5;5618193.2
post_creation,mac,512,512,12,rgba8,candidate,newcc,1,1584779.6,1525961.4,1647434.7,3fb58063054aaa10,1525961.4;1531421.9;1584779.6;1635653.2;1647434.7;1540561.9;1586128.3
post_creation,mac,512,512,12,rgba8,candidate,newcc,2,1414704.5,1385844.7,1447106.1,3fb58063054aaa10,1447106.1;1429118.0;1417037.8;1407812.0;1412405.0;1414704.5;1385844.7
post_creation,mac,512,512,12,rgba8,candidate,newcc,3,1494160.6,1429824.4,1624608.1,3fb58063054aaa10,1522951.1;1624608.1;1493809.0;1429824.4;1444729.2;1494160.6;1526613.6
post_creation,mac,512,512,12,rgba8,candidate,newcs,1,1155423.1,1139302.7,1174512.8,3fb58063054aaa10,1145601.4;1139302.7;1156118.6;1151765.7;1174512.8;1155423.1;1167741.2
post_creation,mac,512,512,12,rgba8,candidate,newcs,2,1148309.8,1130521.6,1171539.3,3fb58063054aaa10,1132003.9;1148309.8;1130521.6;1155897.4;1171539.3;1154654.6;1139468.5
post_creation,mac,512,512,12,rgba8,candidate,newcs,3,1147006.3,1124119.6,1166197.1,3fb58063054aaa10,1151682.4;1128786.3;1147006.3;1166197.1;1124119.6;1130064.8;1155632.2
post_creation,mac,512,512,12,rgba8,candidate,newss,1,1245370.7,1201915.0,1258922.8,3fb58063054aaa10,1243849.5;1258215.3;1201915.0;1246727.0;1258922.8;1245370.7;1242449.8
post_creation,mac,512,512,12,rgba8,candidate,newss,2,1263820.3,1247401.4,1306182.1,3fb58063054aaa10,1247401.4;1251955.7;1263820.3;1306182.1;1263171.0;1274021.7;1289239.4
post_creation,mac,512,512,12,rgba8,candidate,newss,3,1272536.5,1242312.1,1291447.7,3fb58063054aaa10,1242312.1;1268334.2;1269650.2;1291447.7;1279398.0;1272536.5;1281112.6
post_creation,mac,512,512,12,rgba8,candidate,oldcc,1,1388204.5,1303953.0,1428990.3,3fb58063054aaa10,1366667.6;1428990.3;1346324.1;1388204.5;1400005.8;1405863.4;1303953.0
post_creation,mac,512,512,12,rgba8,candidate,oldcc,2,1341200.0,1310039.0,1408352.7,3fb58063054aaa10,1325089.7;1408352.7;1364938.9;1341200.0;1360347.2;1315008.2;1310039.0
post_creation,mac,512,512,12,rgba8,candidate,oldcc,3,1259210.1,1244636.9,1295346.6,3fb58063054aaa10,1280262.4;1259347.2;1244636.9;1259210.1;1251467.9;1253805.6;1295346.6
post_creation,mac,512,512,12,rgba8,candidate,oldcs,1,1151640.7,1137642.3,1178347.2,3fb58063054aaa10,1137642.3;1151640.7;1150842.8;1164524.0;1145139.2;1178347.2;1154074.5
post_creation,mac,512,512,12,rgba8,candidate,oldcs,2,1149942.6,1143042.5,1179864.4,3fb58063054aaa10,1143042.5;1144236.6;1155563.3;1145641.5;1149942.6;1179864.4;1158348.6
post_creation,mac,512,512,12,rgba8,candidate,oldcs,3,1156802.7,1146255.5,1174829.3,3fb58063054aaa10,1146255.5;1161086.5;1173388.6;1174829.3;1156802.7;1152938.7;1150625.8
post_creation,mac,512,512,12,rgba8,candidate,oldss,1,1251660.6,1238460.9,1296959.2,3fb58063054aaa10,1282543.4;1251660.6;1244577.4;1245163.3;1296959.2;1268244.8;1238460.9
post_creation,mac,512,512,12,rgba8,candidate,oldss,2,1284577.1,1232112.2,1301175.5,3fb58063054aaa10,1232112.2;1290809.4;1278546.1;1291575.4;1301175.5;1279204.9;1284577.1
post_creation,mac,512,512,12,rgba8,candidate,oldss,3,1293880.3,1276149.3,1308487.3,3fb58063054aaa10,1276149.3;1284401.6;1305959.2;1298190.6;1293880.3;1278285.4;1308487.3
post_creation,mac,512,512,12,rgba8,compare,newcc,1,734510.7,723023.8,739232.2,3fb58063054aaa10,734586.4;725702.3;734510.7;738209.9;729929.7;723023.8;739232.2
post_creation,mac,512,512,12,rgba8,compare,newcc,2,817506.2,797030.7,916381.3,3fb58063054aaa10,866798.2;811538.3;797030.7;829122.7;817506.2;811599.1;916381.3
post_creation,mac,512,512,12,rgba8,compare,newcc,3,792023.6,781489.2,817469.0,3fb58063054aaa10,785451.8;792023.6;797495.1;797013.2;781489.2;817469.0;790516.4
post_creation,mac,512,512,12,rgba8,compare,newcs,1,744008.7,738598.6,748327.2,3fb58063054aaa10,738669.7;748327.2;738598.6;744008.7;745475.8;746565.3;738986.8
post_creation,mac,512,512,12,rgba8,compare,newcs,2,736289.1,724190.8,752204.2,3fb58063054aaa10,734919.2;751391.7;752204.2;724190.8;733761.7;736289.1;750744.3
post_creation,mac,512,512,12,rgba8,compare,newcs,3,738649.9,737163.1,742942.4,3fb58063054aaa10,742745.9;738631.1;738649.9;740966.6;742942.4;737794.7;737163.1
post_creation,mac,512,512,12,rgba8,compare,newss,1,839704.9,832581.0,849471.8,3fb58063054aaa10,833512.2;849471.8;838664.4;841063.1;832581.0;839704.9;844361.7
post_creation,mac,512,512,12,rgba8,compare,newss,2,841176.5,834813.1,846256.5,3fb58063054aaa10,835655.1;841176.5;843406.2;838503.5;834813.1;846256.5;844271.4
post_creation,mac,512,512,12,rgba8,compare,newss,3,838966.4,832300.8,846648.5,3fb58063054aaa10,843360.0;846648.5;835199.7;832300.8;838966.4;837262.7;841785.3
post_creation,mac,512,512,12,rgba8,compare,oldcc,1,732341.9,722026.8,744749.0,3fb58063054aaa10,727061.2;733783.5;742963.0;744749.0;732341.9;730345.4;722026.8
post_creation,mac,512,512,12,rgba8,compare,oldcc,2,780781.9,753176.6,813765.2,3fb58063054aaa10,776934.8;794100.9;813765.2;780781.9;792947.9;773046.5;753176.6
post_creation,mac,512,512,12,rgba8,compare,oldcc,3,860808.9,805478.9,898687.8,3fb58063054aaa10,898687.8;853620.9;805478.9;854161.4;879838.2;885407.5;860808.9
post_creation,mac,512,512,12,rgba8,compare,oldcs,1,736222.6,731291.7,745740.2,3fb58063054aaa10,731291.7;736222.6;745740.2;741350.8;731838.9;741024.2;734615.3
post_creation,mac,512,512,12,rgba8,compare,oldcs,2,727731.9,722430.6,738384.1,3fb58063054aaa10,735123.5;738384.1;738024.4;726291.2;727731.9;725957.8;722430.6
post_creation,mac,512,512,12,rgba8,compare,oldcs,3,736439.5,729846.9,738818.6,3fb58063054aaa10,736302.3;738105.7;736439.5;736520.8;738818.6;729846.9;733370.9
post_creation,mac,512,512,12,rgba8,compare,oldss,1,836740.7,834007.5,841742.5,3fb58063054aaa10,835153.3;834007.5;839691.5;840799.2;841742.5;836002.3;836740.7
post_creation,mac,512,512,12,rgba8,compare,oldss,2,836800.3,833858.8,842126.7,3fb58063054aaa10,835413.8;833858.8;836739.0;837349.5;839509.3;842126.7;836800.3
post_creation,mac,512,512,12,rgba8,compare,oldss,3,833352.4,828348.2,846909.0,3fb58063054aaa10,846909.0;828348.2;833352.4;832122.7;841839.1;842025.5;832167.2
post_creation,mac,512,512,12,rgba8,pair,newcc,1,2224601.9,2166497.0,2310301.3,3fb58063054aaa10,2195081.9;2224601.9;2214489.6;2231373.4;2166497.0;2250135.8;2310301.3
post_creation,mac,512,512,12,rgba8,pair,newcc,2,2180858.6,2144672.6,2242927.5,3fb58063054aaa10,2144672.6;2225753.0;2242927.5;2180858.6;2145997.0;2189464.3;2167806.6
post_creation,mac,512,512,12,rgba8,pair,newcc,3,2193495.5,2142237.1,2310895.1,3fb58063054aaa10,2193495.5;2225961.4;2294589.5;2142237.1;2161913.7;2310895.1;2186824.4
post_creation,mac,512,512,12,rgba8,pair,newcs,1,1893233.1,1837919.2,1962674.7,3fb58063054aaa10,1837919.2;1882891.9;1913224.0;1899076.8;1962674.7;1887293.0;1893233.1
post_creation,mac,512,512,12,rgba8,pair,newcs,2,1872304.3,1824027.8,1966821.3,3fb58063054aaa10,1857969.7;1824027.8;1897772.2;1872304.3;1857328.3;1940465.1;1966821.3
post_creation,mac,512,512,12,rgba8,pair,newcs,3,1866626.3,1821590.7,1882532.5,3fb58063054aaa10,1822354.8;1836417.9;1821590.7;1866626.3;1871820.7;1882532.5;1879433.6
post_creation,mac,512,512,12,rgba8,pair,newss,1,1653197.1,1636733.1,1673726.9,3fb58063054aaa10,1670341.2;1648632.9;1653197.1;1636733.1;1673726.9;1639561.9;1653599.1
post_creation,mac,512,512,12,rgba8,pair,newss,2,1688702.6,1653145.3,1735042.9,3fb58063054aaa10,1653145.3;1678335.6;1688702.6;1678829.9;1702880.8;1717359.5;1735042.9
post_creation,mac,512,512,12,rgba8,pair,newss,3,1714381.9,1677046.3,1744634.5,3fb58063054aaa10,1677046.3;1715380.8;1698459.5;1714381.9;1736377.4;1744634.5;1707483.8
post_creation,mac,512,512,12,rgba8,pair,oldcc,1,1882518.2,1814015.9,1974250.0,3fb58063054aaa10,1937391.1;1872255.0;1882518.2;1974250.0;1814015.9;1852136.4;1970216.4
post_creation,mac,512,512,12,rgba8,pair,oldcc,2,1910468.8,1790398.3,2082235.6,3fb58063054aaa10,2082235.6;1911716.2;1827362.4;1888121.1;2037215.3;1790398.3;1910468.8
post_creation,mac,512,512,12,rgba8,pair,oldcc,3,1914088.5,1822558.1,1948025.5,3fb58063054aaa10,1822558.1;1851558.1;1947154.6;1921888.0;1948025.5;1897363.3;1914088.5
post_creation,mac,512,512,12,rgba8,pair,oldcs,1,1737010.7,1704097.2,1752231.0,3fb58063054aaa10,1743057.1;1707968.8;1744484.5;1710044.0;1737010.7;1704097.2;1752231.0
post_creation,mac,512,512,12,rgba8,pair,oldcs,2,1751067.9,1725463.1,1793440.0,3fb58063054aaa10,1725463.1;1739279.8;1751067.9;1753283.3;1741776.2;1793440.0;1779144.6
post_creation,mac,512,512,12,rgba8,pair,oldcs,3,1787633.6,1728953.6,1849402.8,3fb58063054aaa10,1728953.6;1777279.4;1736890.5;1836824.5;1849402.8;1787633.6;1794676.5
post_creation,mac,512,512,12,rgba8,pair,oldss,1,1656458.3,1646266.9,1699924.8,3fb58063054aaa10,1646266.9;1656458.3;1656102.5;1653262.4;1657209.5;1699924.8;1674743.1
post_creation,mac,512,512,12,rgba8,pair,oldss,2,1676473.4,1658013.5,1743236.9,3fb58063054aaa10,1668054.4;1658013.5;1668106.5;1676473.4;1690615.8;1743236.9;1690794.0
post_creation,mac,512,512,12,rgba8,pair,oldss,3,1719365.5,1674637.8,1725739.3,3fb58063054aaa10,1677781.2;1674637.8;1719365.5;1683006.9;1723572.6;1719770.2;1725739.3
post_creation,mac,512,512,6,rgba8,candidate,newcc,1,1289582.4,1259986.1,1346645.4,3fb58063054aaa10,1337809.3;1289582.4;1259986.1;1279775.7;1346645.4;1325536.2;1288406.9
post_creation,mac,512,512,6,rgba8,candidate,newcc,2,1204785.8,1198843.1,1235871.6,3fb58063054aaa10,1213059.2;1198843.1;1203639.2;1204785.8;1201167.5;1235871.6;1212024.2
post_creation,mac,512,512,6,rgba8,candidate,newcc,3,1308085.1,1260744.0,1432734.1,3fb58063054aaa10,1432734.1;1294291.7;1326482.8;1308085.1;1316016.3;1291539.0;1260744.0
post_creation,mac,512,512,6,rgba8,candidate,newcs,1,1063422.5,1055263.2,1071462.7,3fb58063054aaa10,1068552.6;1071462.7;1065471.5;1062171.1;1061814.3;1063422.5;1055263.2
post_creation,mac,512,512,6,rgba8,candidate,newcs,2,1063277.1,1056032.9,1074415.2,3fb58063054aaa10,1065932.8;1060871.3;1062792.4;1063277.1;1073229.2;1056032.9;1074415.2
post_creation,mac,512,512,6,rgba8,candidate,newcs,3,1105837.1,1095492.4,1119795.5,3fb58063054aaa10,1105837.1;1119795.5;1095492.4;1113687.5;1105566.7;1110740.9;1098879.5
post_creation,mac,512,512,6,rgba8,candidate,newss,1,1240619.9,1230523.0,1251947.9,3fb58063054aaa10,1244384.3;1251947.9;1240619.9;1230523.0;1231955.8;1241193.9;1240137.8
post_creation,mac,512,512,6,rgba8,candidate,newss,2,1302541.7,1259802.1,1312254.5,3fb58063054aaa10,1305289.0;1259802.1;1312254.5;1307423.9;1302541.7;1289288.1;1297628.6
post_creation,mac,512,512,6,rgba8,candidate,newss,3,1314991.0,1273741.3,1324707.4,3fb58063054aaa10,1273741.3;1319037.1;1324707.4;1315953.8;1307634.1;1302007.1;1314991.0
post_creation,mac,512,512,6,rgba8,candidate,oldcc,1,1096787.1,1089816.2,1124792.4,3fb58063054aaa10,1124792.4;1096787.1;1089816.2;1094191.7;1104601.5;1111987.6;1092381.8
post_creation,mac,512,512,6,rgba8,candidate,oldcc,2,1230682.5,1156057.7,1288361.7,3fb58063054aaa10,1211372.5;1218355.8;1156057.7;1288361.7;1274230.0;1244591.8;1230682.5
post_creation,mac,512,512,6,rgba8,candidate,oldcc,3,1132084.1,1121836.4,1151283.8,3fb58063054aaa10,1128865.7;1132084.1;1127800.1;1148382.9;1151283.8;1145685.5;1121836.4
post_creation,mac,512,512,6,rgba8,candidate,oldcs,1,1075194.2,1061566.5,1088960.6,3fb58063054aaa10,1081715.0;1088960.6;1075194.2;1068936.4;1076044.6;1062979.5;1061566.5
post_creation,mac,512,512,6,rgba8,candidate,oldcs,2,1091593.0,1068814.3,1097778.0,3fb58063054aaa10,1068814.3;1089948.7;1091593.0;1096476.5;1089054.3;1097778.0;1094290.1
post_creation,mac,512,512,6,rgba8,candidate,oldcs,3,1111604.9,1105418.9,1128091.8,3fb58063054aaa10,1105418.9;1128091.8;1109793.2;1111509.3;1111604.9;1116394.3;1116199.1
post_creation,mac,512,512,6,rgba8,candidate,oldss,1,1244546.8,1240236.4,1256134.5,3fb58063054aaa10,1256134.5;1240236.4;1254515.6;1242807.0;1246455.8;1241447.3;1244546.8
post_creation,mac,512,512,6,rgba8,candidate,oldss,2,1303462.8,1297181.7,1316679.3,3fb58063054aaa10,1297181.7;1313266.3;1303462.8;1316679.3;1306911.2;1301558.5;1302336.9
post_creation,mac,512,512,6,rgba8,candidate,oldss,3,1318218.3,1308004.5,1334599.1,3fb58063054aaa10,1311442.9;1334599.1;1318694.7;1322285.3;1308004.5;1314820.7;1318218.3
post_creation,mac,512,512,6,rgba8,compare,newcc,1,635411.4,631760.4,641383.0,3fb58063054aaa10,635411.4;641383.0;633849.1;632679.8;631760.4;635458.3;638539.9
post_creation,mac,512,512,6,rgba8,compare,newcc,2,742228.9,643611.7,794901.9,3fb58063054aaa10,792627.7;742228.9;794901.9;792945.7;723160.7;643611.7;676106.3
post_creation,mac,512,512,6,rgba8,compare,newcc,3,640025.7,633089.0,642853.3,3fb58063054aaa10,642853.3;633089.0;640025.7;640792.6;641203.0;636202.2;636091.2
post_creation,mac,512,512,6,rgba8,compare,newcs,1,742773.1,737649.4,747037.0,3fb58063054aaa10,744103.4;743272.1;747037.0;740107.7;741247.9;737649.4;742773.1
post_creation,mac,512,512,6,rgba8,compare,newcs,2,739902.4,737630.6,743523.1,3fb58063054aaa10,742152.8;737630.6;740915.1;739315.5;739823.2;739902.4;743523.1
post_creation,mac,512,512,6,rgba8,compare,newcs,3,759327.6,754013.5,767267.4,3fb58063054aaa10,755229.7;754013.5;767267.4;759327.6;761457.3;763613.9;758402.6
post_creation,mac,512,512,6,rgba8,compare,newss,1,905957.1,901350.1,911099.1,3fb58063054aaa10,902908.6;911099.1;910830.2;902870.0;910205.2;901350.1;905957.1
post_creation,mac,512,512,6,rgba8,compare,newss,2,908622.5,905797.9,911162.2,3fb58063054aaa10,910857.3;906785.4;906771.1;905797.9;910008.8;908622.5;911162.2
post_creation,mac,512,512,6,rgba8,compare,newss,3,954264.6,942412.8,963238.8,3fb58063054aaa10,949900.4;956672.0;952470.9;961284.4;954264.6;942412.8;963238.8
post_creation,mac,512,512,6,rgba8,compare,oldcc,1,746219.1,719804.1,787381.0,3fb58063054aaa10,746219.1;732696.1;771653.8;787381.0;732056.2;767004.7;719804.1
post_creation,mac,512,512,6,rgba8,compare,oldcc,2,646896.5,644155.1,653752.7,3fb58063054aaa10,646045.7;646209.7;646896.5;649612.5;646960.1;653752.7;644155.1
post_creation,mac,512,512,6,rgba8,compare,oldcc,3,642389.2,636539.9,648650.1,3fb58063054aaa10,638464.1;648650.1;642389.2;642069.1;644375.0;636539.9;645552.0
post_creation,mac,512,512,6,rgba8,compare,oldcs,1,742177.0,739227.1,745941.9,3fb58063054aaa10,745941.9;741109.6;741494.9;742177.0;742236.1;739227.1;743548.4
post_creation,mac,512,512,6,rgba8,compare,oldcs,2,741914.1,737990.3,746201.6,3fb58063054aaa10,737990.3;744721.2;740776.4;742637.3;740401.4;746201.6;741914.1
post_creation,mac,512,512,6,rgba8,compare,oldcs,3,762480.5,753096.9,772024.0,3fb58063054aaa10,753096.9;765022.2;758527.6;760644.0;768303.8;772024.0;762480.5
post_creation,mac,512,512,6,rgba8,compare,oldss,1,906345.8,901786.7,910352.9,3fb58063054aaa10,910352.9;906345.8;906381.2;908670.4;902694.7;901786.7;906046.0
post_creation,mac,512,512,6,rgba8,compare,oldss,2,912433.1,907677.2,919332.7,3fb58063054aaa10,915662.2;919332.7;907677.2;911958.3;912433.1;914501.9;910847.2
post_creation,mac,512,512,6,rgba8,compare,oldss,3,979648.5,963629.6,991282.1,3fb58063054aaa10,963629.6;991282.1;979648.5;970036.3;985130.5;980943.5;970819.9
post_creation,mac,512,512,6,rgba8,pair,newcc,1,1886684.9,1819285.5,1941041.7,3fb58063054aaa10,1819285.5;1833433.1;1941041.7;1886684.9;1823580.8;1888967.4;1894769.5
post_creation,mac,512,512,6,rgba8,pair,newcc,2,1875406.2,1836806.8,1925772.1,3fb58063054aaa10,1836806.8;1893139.3;1861664.2;1925772.1;1875406.2;1848508.8;1881270.8
post_creation,mac,512,512,6,rgba8,pair,newcc,3,1864310.6,1837939.4,1943750.0,3fb58063054aaa10,1852609.8;1837939.4;1895681.0;1940486.5;1943750.0;1864310.6;1846627.5
post_creation,mac,512,512,6,rgba8,pair,newcs,1,1664761.2,1635076.6,1673269.7,3fb58063054aaa10,1670660.9;1649360.4;1664761.2;1635964.0;1673269.7;1635076.6;1669116.9
post_creation,mac,512,512,6,rgba8,pair,newcs,2,1684699.1,1657139.6,1704304.4,3fb58063054aaa10,1679435.2;1657139.6;1688512.7;1670319.4;1704304.4;1690753.5;1684699.1
post_creation,mac,512,512,6,rgba8,pair,newcs,3,1726276.2,1709783.6,1759900.0,3fb58063054aaa10,1709783.6;1734334.5;1725221.4;1721532.1;1746828.6;1726276.2;1759900.0
post_creation,mac,512,512,6,rgba8,pair,newss,1,1569744.7,1556714.7,1581762.1,3fb58063054aaa10,1578274.6;1573690.2;1556714.7;1562518.2;1568052.4;1569744.7;1581762.1
post_creation,mac,512,512,6,rgba8,pair,newss,2,1633567.6,1603966.0,1640545.0,3fb58063054aaa10,1603966.0;1639384.0;1608405.7;1633567.6;1634025.9;1606425.4;1640545.0
post_creation,mac,512,512,6,rgba8,pair,newss,3,1676333.3,1655985.4,1687231.5,3fb58063054aaa10,1672215.3;1687231.5;1676468.8;1661379.5;1676333.3;1681121.5;1655985.4
post_creation,mac,512,512,6,rgba8,pair,oldcc,1,1726535.7,1625406.5,1836572.0,3fb58063054aaa10,1836572.0;1753539.3;1625406.5;1647869.4;1726535.7;1823274.5;1688824.1
post_creation,mac,512,512,6,rgba8,pair,oldcc,2,1723665.5,1675531.2,1851484.8,3fb58063054aaa10,1750304.8;1700019.7;1723665.5;1789028.2;1694872.7;1675531.2;1851484.8
post_creation,mac,512,512,6,rgba8,pair,oldcc,3,1742733.3,1709400.4,1857290.4,3fb58063054aaa10,1742733.3;1857290.4;1765812.5;1709400.4;1740466.7;1796050.2;1724630.9
post_creation,mac,512,512,6,rgba8,pair,oldcs,1,1625950.5,1561371.8,1725940.5,3fb58063054aaa10,1625950.5;1646287.2;1725940.5;1660807.4;1595643.6;1561371.8;1573829.1
post_creation,mac,512,512,6,rgba8,pair,oldcs,2,1628427.9,1518299.0,1683663.2,3fb58063054aaa10,1628427.9;1683344.9;1614036.2;1683663.2;1645239.9;1574489.3;1518299.0
post_creation,mac,512,512,6,rgba8,pair,oldcs,3,1703806.7,1665568.7,1776600.5,3fb58063054aaa10,1719675.0;1685614.6;1703806.7;1665568.7;1668981.5;1745640.5;1776600.5
post_creation,mac,512,512,6,rgba8,pair,oldss,1,1579822.4,1567242.5,1587486.8,3fb58063054aaa10,1582641.4;1574517.1;1575043.8;1567242.5;1579822.4;1587486.8;1580536.2
post_creation,mac,512,512,6,rgba8,pair,oldss,2,1652559.7,1596360.8,1677629.6,3fb58063054aaa10,1596360.8;1654501.1;1677629.6;1652559.7;1656846.8;1643360.4;1647257.9
post_creation,mac,512,512,6,rgba8,pair,oldss,3,1671075.2,1648952.7,1695512.8,3fb58063054aaa10,1648952.7;1689570.6;1682642.4;1695512.8;1671075.2;1669285.9;1668059.0
post_creation,linux,3840,2160,1,rgba8,candidate,newcc,1,257208401.0,255532468.0,258128910.0,3fb3e9db342ea340,255532468.0;256680288.0;257435112.0;257490496.0;257208401.0;257175438.0;258128910.0
post_creation,linux,3840,2160,1,rgba8,candidate,newcc,2,259597839.0,256022689.0,260674984.0,3fb3e9db342ea340,256022689.0;257493622.0;259597839.0;260674984.0;258493101.0;259779544.0;259833707.0
post_creation,linux,3840,2160,1,rgba8,candidate,newcc,3,258609465.0,257065223.0,260310605.0,3fb3e9db342ea340,257492574.0;259613402.0;258746977.0;260310605.0;258609465.0;258416509.0;257065223.0
post_creation,linux,3840,2160,1,rgba8,candidate,newcs,1,140099169.0,139983019.0,140820189.0,3fb3e9db342ea340,140099169.0;140094531.0;140638233.0;140346028.0;140081796.0;140820189.0;139983019.0
post_creation,linux,3840,2160,1,rgba8,candidate,newcs,2,141835537.0,139994811.0,143247378.0,3fb3e9db342ea340,140994910.0;141835537.0;139994811.0;143247378.0;142449613.0;142190031.0;141460384.0
post_creation,linux,3840,2160,1,rgba8,candidate,newcs,3,141684066.0,140086942.0,143360209.0,3fb3e9db342ea340,140086942.0;140859781.0;143360209.0;141523551.0;141684066.0;142604775.0;142271020.0
post_creation,linux,3840,2160,1,rgba8,candidate,newss,1,145736405.0,145033199.0,146630453.0,3fb3e9db342ea340,145863747.0;146354248.0;145270571.0;145033199.0;146630453.0;145736405.0;145260611.0
post_creation,linux,3840,2160,1,rgba8,candidate,newss,2,145995076.0,145457876.0,147793141.0,3fb3e9db342ea340,146141073.0;145934591.0;145457876.0;147793141.0;145794756.0;146952834.0;145995076.0
post_creation,linux,3840,2160,1,rgba8,candidate,newss,3,145978491.0,145622525.0,147876345.0,3fb3e9db342ea340,145771248.0;145698960.0;145978491.0;145622525.0;146141631.0;147876345.0;146379863.0
post_creation,linux,3840,2160,1,rgba8,candidate,oldcc,1,295830204.0,295052968.0,296830925.0,3fb3e9db342ea340,295269950.0;295498414.0;295925134.0;295052968.0;296830925.0;295830204.0;296228080.0
post_creation,linux,3840,2160,1,rgba8,candidate,oldcc,2,296528811.0,294802252.0,298159277.0,3fb3e9db342ea340,296098634.0;295725726.0;298159277.0;296528811.0;294802252.0;297900636.0;297135493.0
post_creation,linux,3840,2160,1,rgba8,candidate,oldcc,3,296888845.0,294751335.0,298538447.0,3fb3e9db342ea340,294751335.0;298538447.0;295946475.0;295685519.0;296888845.0;297955059.0;297999373.0
post_creation,linux,3840,2160,1,rgba8,candidate,oldcs,1,156826966.0,155491570.0,157380517.0,3fb3e9db342ea340,157380517.0;156785587.0;157116605.0;155491570.0;157089103.0;156826966.0;156215885.0
post_creation,linux,3840,2160,1,rgba8,candidate,oldcs,2,155627307.0,155228761.0,158275176.0,3fb3e9db342ea340,158275176.0;155228761.0;155249039.0;156034221.0;155381060.0;157499873.0;155627307.0
post_creation,linux,3840,2160,1,rgba8,candidate,oldcs,3,156054154.0,154577600.0,157852219.0,3fb3e9db342ea340,156576617.0;157186945.0;155663813.0;154739728.0;157852219.0;154577600.0;156054154.0
post_creation,linux,3840,2160,1,rgba8,candidate,oldss,1,145496790.0,145100497.0,146115705.0,3fb3e9db342ea340,145663066.0;146115705.0;145444631.0;145471041.0;145496790.0;145100497.0;145503683.0
post_creation,linux,3840,2160,1,rgba8,candidate,oldss,2,146427887.0,145531064.0,148229940.0,3fb3e9db342ea340,148229940.0;146427887.0;146200546.0;146810014.0;145920164.0;146474507.0;145531064.0
post_creation,linux,3840,2160,1,rgba8,candidate,oldss,3,146275806.0,145258113.0,148432461.0,3fb3e9db342ea340,148432461.0;146275806.0;146728836.0;145674874.0;146283830.0;145258113.0;145941871.0
post_creation,linux,3840,2160,1,rgba8,compare,newcc,1,87171710.0,86492951.0,87666279.0,3fb3e9db342ea340,87452453.0;86492951.0;87665006.0;86628117.0;87666279.0;86679354.0;87171710.0
post_creation,linux,3840,2160,1,rgba8,compare,newcc,2,87092540.0,86948285.0,88185865.0,3fb3e9db342ea340,88185865.0;86985777.0;87092540.0;86948285.0;88024340.0;86963685.0;87515884.0
post_creation,linux,3840,2160,1,rgba8,compare,newcc,3,87642915.0,87155399.0,88948464.0,3fb3e9db342ea340,87498500.0;87155399.0;88165167.0;87642915.0;88948464.0;88276849.0;87389072.0
post_creation,linux,3840,2160,1,rgba8,compare,newcs,1,61488727.0,61105961.0,62391432.0,3fb3e9db342ea340,61488727.0;61105961.0;61413645.0;62098546.0;62391432.0;61203106.0;61791933.0
post_creation,linux,3840,2160,1,rgba8,compare,newcs,2,61480842.0,61137761.0,62401642.0,3fb3e9db342ea340,62401642.0;62032801.0;61137761.0;61480842.0;61489118.0;61150305.0;61460724.0
post_creation,linux,3840,2160,1,rgba8,compare,newcs,3,62398966.0,61177196.0,62605588.0,3fb3e9db342ea340,61221781.0;62605588.0;62561245.0;61177196.0;61822211.0;62525407.0;62398966.0
post_creation,linux,3840,2160,1,rgba8,compare,newss,1,70966136.0,70613245.0,71259492.0,3fb3e9db342ea340,70613245.0;70966136.0;71250976.0;70842892.0;70630458.0;71259492.0;71008586.0
post_creation,linux,3840,2160,1,rgba8,compare,newss,2,71078719.0,70810239.0,71571175.0,3fb3e9db342ea340,71451397.0;70810239.0;71571175.0;71078719.0;71067568.0;71010239.0;71319106.0
post_creation,linux,3840,2160,1,rgba8,compare,newss,3,71114206.0,71003377.0,71634123.0,3fb3e9db342ea340,71003377.0;71588517.0;71014396.0;71287565.0;71634123.0;71058170.0;71114206.0
post_creation,linux,3840,2160,1,rgba8,compare,oldcc,1,90662018.0,89928665.0,91457880.0,3fb3e9db342ea340,90662018.0;89928665.0;90688909.0;90087637.0;91457880.0;89949716.0;90926159.0
post_creation,linux,3840,2160,1,rgba8,compare,oldcc,2,90753672.0,90142892.0,92363870.0,3fb3e9db342ea340,92363870.0;90812894.0;90638273.0;90608937.0;91069031.0;90142892.0;90753672.0
post_creation,linux,3840,2160,1,rgba8,compare,oldcc,3,90915329.0,90403027.0,92051647.0,3fb3e9db342ea340,92051647.0;90403027.0;90713175.0;90627052.0;90915329.0;91051729.0;90994740.0
post_creation,linux,3840,2160,1,rgba8,compare,oldcs,1,61150455.0,61006371.0,61531929.0,3fb3e9db342ea340,61150455.0;61116601.0;61028163.0;61310379.0;61006371.0;61531929.0;61248892.0
post_creation,linux,3840,2160,1,rgba8,compare,oldcs,2,61494448.0,61431268.0,62063749.0,3fb3e9db342ea340,61649463.0;61435487.0;61494448.0;61496873.0;61431268.0;62063749.0;61433323.0
post_creation,linux,3840,2160,1,rgba8,compare,oldcs,3,61980321.0,61737851.0,62792544.0,3fb3e9db342ea340,62792544.0;61737851.0;61881884.0;62447167.0;62275772.0;61959602.0;61980321.0
post_creation,linux,3840,2160,1,rgba8,compare,oldss,1,71204338.0,70994088.0,71518714.0,3fb3e9db342ea340,71304468.0;71094419.0;71204338.0;71260003.0;71137401.0;71518714.0;70994088.0
post_creation,linux,3840,2160,1,rgba8,compare,oldss,2,71653661.0,71116270.0,72405518.0,3fb3e9db342ea340,71419656.0;71653661.0;71791212.0;72086794.0;72405518.0;71116270.0;71132943.0
post_creation,linux,3840,2160,1,rgba8,compare,oldss,3,71789639.0,71421019.0,73692603.0,3fb3e9db342ea340,73692603.0;71506782.0;71745575.0;71421019.0;72009487.0;72542078.0;71789639.0
post_creation,linux,3840,2160,1,rgba8,pair,newcc,1,343917272.0,337484586.0,348127988.0,3fb3e9db342ea340,337484586.0;343917272.0;343696032.0;343570223.0;344151367.0;348127988.0;346779056.0
post_creation,linux,3840,2160,1,rgba8,pair,newcc,2,343586384.0,336692963.0,348158245.0,3fb3e9db342ea340,336692963.0;343644174.0;343586384.0;342455546.0;343475834.0;348158245.0;347106900.0
post_creation,linux,3840,2160,1,rgba8,pair,newcc,3,344900320.0,339926665.0,357538831.0,3fb3e9db342ea340,339926665.0;344393999.0;345279921.0;344900320.0;344087446.0;352782268.0;357538831.0
post_creation,linux,3840,2160,1,rgba8,pair,newcs,1,199630199.0,198988742.0,218371880.0,3fb3e9db342ea340,218371880.0;216023150.0;199384863.0;198988742.0;199838936.0;199440861.0;199630199.0
post_creation,linux,3840,2160,1,rgba8,pair,newcs,2,199668281.0,199267911.0,218701727.0,3fb3e9db342ea340,218701727.0;215864839.0;199668281.0;199267911.0;199420732.0;199484773.0;199910572.0
post_creation,linux,3840,2160,1,rgba8,pair,newcs,3,201302300.0,199590058.0,225056950.0,3fb3e9db342ea340,225056950.0;216441810.0;199928641.0;200115486.0;201345542.0;201302300.0;199590058.0
post_creation,linux,3840,2160,1,rgba8,pair,newss,1,183366445.0,182775913.0,184161415.0,3fb3e9db342ea340,183366445.0;182775913.0;183435064.0;183198004.0;183724444.0;184161415.0;183297253.0
post_creation,linux,3840,2160,1,rgba8,pair,newss,2,182848261.0,181944945.0,183116670.0,3fb3e9db342ea340,183074259.0;181944945.0;182920788.0;182356457.0;182848261.0;182804067.0;183116670.0
post_creation,linux,3840,2160,1,rgba8,pair,newss,3,183990314.0,182513821.0,189668447.0,3fb3e9db342ea340,183473664.0;189668447.0;183990314.0;184941080.0;182513821.0;184132675.0;183877330.0
post_creation,linux,3840,2160,1,rgba8,pair,oldcc,1,385243320.0,255489367.0,389963584.0,3fb3e9db342ea340,389963584.0;385470031.0;386316429.0;385243320.0;362743332.0;257268626.0;255489367.0
post_creation,linux,3840,2160,1,rgba8,pair,oldcc,2,385581283.0,256181892.0,389870207.0,3fb3e9db342ea340,389870207.0;385581283.0;385795950.0;385656074.0;362882146.0;256181892.0;257769707.0
post_creation,linux,3840,2160,1,rgba8,pair,oldcc,3,386853349.0,257447469.0,392535599.0,3fb3e9db342ea340,392535599.0;388684596.0;387469438.0;386853349.0;365459973.0;258347377.0;257447469.0
post_creation,linux,3840,2160,1,rgba8,pair,oldcs,1,230040509.0,216308331.0,233648491.0,3fb3e9db342ea340,232778148.0;232478048.0;233648491.0;230040509.0;216706517.0;216321035.0;216308331.0
post_creation,linux,3840,2160,1,rgba8,pair,oldcs,2,230021914.0,215460201.0,234302082.0,3fb3e9db342ea340,234302082.0;233675071.0;233496592.0;230021914.0;216462915.0;215460201.0;216286941.0
post_creation,linux,3840,2160,1,rgba8,pair,oldcs,3,230235714.0,216705520.0,233283181.0,3fb3e9db342ea340,233194833.0;233283181.0;232624830.0;230235714.0;216705520.0;216978168.0;216895551.0
post_creation,linux,3840,2160,1,rgba8,pair,oldss,1,183176583.0,182354633.0,183594217.0,3fb3e9db342ea340,183594217.0;183554302.0;183481984.0;182354633.0;183176583.0;182574701.0;182914086.0
post_creation,linux,3840,2160,1,rgba8,pair,oldss,2,183394307.0,182442560.0,183775100.0,3fb3e9db342ea340,182442560.0;183775100.0;183394307.0;183764581.0;183382475.0;183404417.0;183336738.0
post_creation,linux,3840,2160,1,rgba8,pair,oldss,3,183463955.0,182910895.0,183852052.0,3fb3e9db342ea340,183438387.0;183741392.0;183728428.0;183852052.0;183463955.0;182910895.0;183285025.0
post_creation,linux,3840,2160,6,rgba8,candidate,newcc,1,115660390.0,109655948.0,124730374.0,3fb3e9db342ea340,111085482.0;115660390.0;110817123.0;120577678.0;124730374.0;109655948.0;119710361.0
post_creation,linux,3840,2160,6,rgba8,candidate,newcc,2,107649518.0,99141440.0,128314631.0,3fb3e9db342ea340,113249612.0;107458996.0;107649518.0;115326005.0;105369497.0;128314631.0;99141440.0
post_creation,linux,3840,2160,6,rgba8,candidate,newcc,3,106280245.0,87258082.0,121465882.0,3fb3e9db342ea340,121465882.0;106611764.0;92850171.0;103040702.0;106761548.0;106280245.0;87258082.0
post_creation,linux,3840,2160,6,rgba8,candidate,newcs,1,50419056.0,47692633.5,53882884.0,3fb3e9db342ea340,53776201.5;50419056.0;49866687.0;47692633.5;52119611.0;53882884.0;48672319.5
post_creation,linux,3840,2160,6,rgba8,candidate,newcs,2,51982104.5,48632093.0,56198837.0,3fb3e9db342ea340,56198837.0;48632093.0;51982104.5;54185699.5;51015163.5;50957950.0;55744284.0
post_creation,linux,3840,2160,6,rgba8,candidate,newcs,3,46217827.0,42373241.0,50640029.5,3fb3e9db342ea340,50640029.5;45486919.0;46217827.0;42373241.0;50491472.5;48625338.5;42553734.0
post_creation,linux,3840,2160,6,rgba8,candidate,newss,1,38593880.0,36965813.5,42354647.0,3fb3e9db342ea340,41837484.5;42352503.0;37541632.0;38593880.0;36965813.5;42354647.0;38029774.0
post_creation,linux,3840,2160,6,rgba8,candidate,newss,2,41568273.5,40948031.0,55749859.5,3fb3e9db342ea340,41566695.5;41343436.5;49420755.5;55563315.5;41568273.5;40948031.0;55749859.5
post_creation,linux,3840,2160,6,rgba8,candidate,newss,3,46874549.0,43282808.5,53732857.5,3fb3e9db342ea340,43955250.5;45369591.0;52652140.5;50011475.5;53732857.5;46874549.0;43282808.5
post_creation,linux,3840,2160,6,rgba8,candidate,oldcc,1,133232159.0,129870105.0,136221906.0,3fb3e9db342ea340,134249761.0;133232159.0;129870105.0;133369951.0;131409207.0;136221906.0;131124065.0
post_creation,linux,3840,2160,6,rgba8,candidate,oldcc,2,131590231.0,120292947.0,133485030.0,3fb3e9db342ea340,122695771.0;120330509.0;133485030.0;132484389.0;120292947.0;131963761.0;131590231.0
post_creation,linux,3840,2160,6,rgba8,candidate,oldcc,3,122086971.0,120625676.0,133236383.0,3fb3e9db342ea340,120638100.0;120638029.0;130106400.0;128899318.0;120625676.0;133236383.0;122086971.0
post_creation,linux,3840,2160,6,rgba8,candidate,oldcs,1,45812373.0,41602734.0,51546663.0,3fb3e9db342ea340,45812373.0;42166860.0;41602734.0;41665488.0;47269104.0;49142421.5;51546663.0
post_creation,linux,3840,2160,6,rgba8,candidate,oldcs,2,54416823.5,46790059.5,61184269.0,3fb3e9db342ea340,46790059.5;54416823.5;54289601.5;54133575.0;55598111.5;61184269.0;56218725.0
post_creation,linux,3840,2160,6,rgba8,candidate,oldcs,3,42257215.5,39318355.0,43749885.0,3fb3e9db342ea340,42420536.0;43125584.5;43749885.0;41028156.5;39877021.0;39318355.0;42257215.5
post_creation,linux,3840,2160,6,rgba8,candidate,oldss,1,48261754.5,46202969.5,53659059.0,3fb3e9db342ea340,46202969.5;47964174.5;53366002.5;46663900.0;53659059.0;52627139.5;48261754.5
post_creation,linux,3840,2160,6,rgba8,candidate,oldss,2,39228595.5,37960147.0,42650969.5,3fb3e9db342ea340,38332328.5;39228595.5;40920423.5;37960147.0;38070401.0;42573818.0;42650969.5
post_creation,linux,3840,2160,6,rgba8,candidate,oldss,3,47695347.5,44487576.0,49853160.5,3fb3e9db342ea340,49853160.5;47695347.5;46589813.5;48632637.5;49133388.5;45808455.0;44487576.0
post_creation,linux,3840,2160,6,rgba8,compare,newcc,1,44234552.0,43079137.5,48526266.5,3fb3e9db342ea340,48526266.5;43079137.5;47696882.0;43925720.5;43510006.0;47686988.0;44234552.0
post_creation,linux,3840,2160,6,rgba8,compare,newcc,2,50391759.0,45650581.0,57837188.5,3fb3e9db342ea340,55994869.5;57837188.5;45650581.0;53523176.0;47684458.0;47382018.5;50391759.0
post_creation,linux,3840,2160,6,rgba8,compare,newcc,3,53055792.0,48373250.0,58101133.5,3fb3e9db342ea340,54949042.5;51993129.5;48373250.0;53635122.5;53055792.0;58101133.5;52316433.0
post_creation,linux,3840,2160,6,rgba8,compare,newcs,1,22297580.0,21838976.0,22862546.3,3fb3e9db342ea340,22188409.3;21838976.0;22297580.0;22431187.0;22862546.3;22749651.7;22131307.7
post_creation,linux,3840,2160,6,rgba8,compare,newcs,2,22378210.0,21974319.3,22609055.0,3fb3e9db342ea340,22609055.0;22321909.7;21974319.3;22378210.0;22482578.0;22264754.3;22451091.3
post_creation,linux,3840,2160,6,rgba8,compare,newcs,3,22480346.7,22111730.0,22904772.3,3fb3e9db342ea340,22904772.3;22111730.0;22442868.7;22480346.7;22702892.3;22303260.0;22676652.7
post_creation,linux,3840,2160,6,rgba8,compare,newss,1,21411029.7,21283434.0,22195696.7,3fb3e9db342ea340,21862523.7;21367717.3;21615047.3;22195696.7;21411029.7;21384015.0;21283434.0
post_creation,linux,3840,2160,6,rgba8,compare,newss,2,21265981.0,21166048.0,21558092.3,3fb3e9db342ea340,21198569.7;21326068.3;21330697.3;21265981.0;21558092.3;21208835.7;21166048.0
post_creation,linux,3840,2160,6,rgba8,compare,newss,3,21707575.7,21050628.0,21929453.7,3fb3e9db342ea340,21920530.3;21642328.3;21050628.0;21454388.3;21707575.7;21929453.7;21900402.0
post_creation,linux,3840,2160,6,rgba8,compare,oldcc,1,52886557.0,46630171.0,58631311.5,3fb3e9db342ea340,57246892.5;58631311.5;52886557.0;48983790.5;53464580.0;50388152.5;46630171.0
post_creation,linux,3840,2160,6,rgba8,compare,oldcc,2,47910292.5,39110676.5,60054454.0,3fb3e9db342ea340,47559235.0;48622574.5;47910292.5;60054454.0;49202361.0;39110676.5;43045884.5
post_creation,linux,3840,2160,6,rgba8,compare,oldcc,3,43354199.0,39073790.5,52920274.5,3fb3e9db342ea340,45846632.0;47643449.0;52920274.5;39073790.5;43354199.0;42862114.5;42926036.0
post_creation,linux,3840,2160,6,rgba8,compare,oldcs,1,22422360.3,22205765.7,22745971.7,3fb3e9db342ea340,22205765.7;22281319.0;22332636.3;22491648.7;22431494.3;22422360.3;22745971.7
post_creation,linux,3840,2160,6,rgba8,compare,oldcs,2,22181917.0,21907034.7,22338501.0,3fb3e9db342ea340,22218439.7;22338501.0;21907034.7;22181917.0;22146720.0;21930736.7;22266835.0
post_creation,linux,3840,2160,6,rgba8,compare,oldcs,3,23423617.7,23264342.0,25944695.3,3fb3e9db342ea340,25386254.7;23342383.3;23264342.0;25944695.3;23423617.7;23655424.7;23288571.3
post_creation,linux,3840,2160,6,rgba8,compare,oldss,1,21383617.7,20886146.3,21809873.7,3fb3e9db342ea340,21366204.7;20929545.3;20886146.3;21736624.7;21383617.7;21711861.0;21809873.7
post_creation,linux,3840,2160,6,rgba8,compare,oldss,2,21458984.3,21119125.3,21992190.3,3fb3e9db342ea340,21727256.7;21119125.3;21458984.3;21992190.3;21425821.0;21856205.0;21132561.0
post_creation,linux,3840,2160,6,rgba8,compare,oldss,3,21603050.3,20890534.0,21917871.7,3fb3e9db342ea340,21917871.7;20956706.7;20890534.0;21650343.7;21603050.3;20908184.3;21634056.3
post_creation,linux,3840,2160,6,rgba8,pair,newcc,1,190692466.0,184763918.0,208036593.0,3fb3e9db342ea340,205803062.0;189634227.0;207251632.0;185908482.0;184763918.0;190692466.0;208036593.0
post_creation,linux,3840,2160,6,rgba8,pair,newcc,2,196532838.0,170449896.0,211916672.0,3fb3e9db342ea340,211916672.0;192590341.0;196532838.0;170449896.0;202951798.0;194550513.0;201719637.0
post_creation,linux,3840,2160,6,rgba8,pair,newcc,3,178037611.0,142921095.0,188463739.0,3fb3e9db342ea340,187051909.0;178037611.0;184748694.0;188463739.0;170854971.0;175928796.0;142921095.0
post_creation,linux,3840,2160,6,rgba8,pair,newcs,1,130791675.0,117604061.0,136184115.0,3fb3e9db342ea340,131530788.0;130791675.0;136184115.0;117604061.0;131505049.0;128455008.0;127424691.0
post_creation,linux,3840,2160,6,rgba8,pair,newcs,2,121135217.0,93337128.0,132604988.0,3fb3e9db342ea340,122740426.0;109305843.0;93337128.0;98606866.0;132604988.0;121135217.0;124910075.0
post_creation,linux,3840,2160,6,rgba8,pair,newcs,3,106997166.0,99356928.0,119279289.0,3fb3e9db342ea340,108760194.0;101308814.0;108216302.0;104446542.0;99356928.0;106997166.0;119279289.0
post_creation,linux,3840,2160,6,rgba8,pair,newss,1,66346583.0,57196146.0,76630181.0,3fb3e9db342ea340,76630181.0;57196146.0;70658160.0;69238235.0;66346583.0;61732315.0;62293867.0
post_creation,linux,3840,2160,6,rgba8,pair,newss,2,73385920.0,65092040.0,79342422.0,3fb3e9db342ea340,79342422.0;66603751.0;73385920.0;75906337.0;66092059.0;65092040.0;76564146.0
post_creation,linux,3840,2160,6,rgba8,pair,newss,3,63464028.0,58128595.0,79900921.0,3fb3e9db342ea340,61079259.0;79900921.0;72071493.0;58128595.0;60009086.0;63616547.0;63464028.0
post_creation,linux,3840,2160,6,rgba8,pair,oldcc,1,175695637.0,170992897.0,197203071.0,3fb3e9db342ea340,172432731.0;175695637.0;171800150.0;170992897.0;181048242.0;184912671.0;197203071.0
post_creation,linux,3840,2160,6,rgba8,pair,oldcc,2,203093928.0,193278106.0,209426824.0,3fb3e9db342ea340,203093928.0;206969577.0;193278106.0;205018842.0;209426824.0;196321757.0;199410142.0
post_creation,linux,3840,2160,6,rgba8,pair,oldcc,3,192926554.0,185314960.0,207988247.0,3fb3e9db342ea340,190711749.0;207363991.0;202700615.0;188552899.0;192926554.0;207988247.0;185314960.0
post_creation,linux,3840,2160,6,rgba8,pair,oldcs,1,117982660.0,96656933.0,125986320.0,3fb3e9db342ea340,123050554.0;118984121.0;115177754.0;109825319.0;96656933.0;125986320.0;117982660.0
post_creation,linux,3840,2160,6,rgba8,pair,oldcs,2,111812212.0,101846708.0,116048417.0,3fb3e9db342ea340,110979732.0;101846708.0;113215909.0;106493772.0;111812212.0;116048417.0;115441404.0
post_creation,linux,3840,2160,6,rgba8,pair,oldcs,3,116859925.0,106276037.0,131683174.0,3fb3e9db342ea340,119259753.0;131683174.0;115840149.0;116859925.0;106276037.0;129359532.0;113316467.0
post_creation,linux,3840,2160,6,rgba8,pair,oldss,1,59375459.5,55157975.5,76160549.0,3fb3e9db342ea340,65214452.0;60135277.0;76160549.0;55157975.5;55164463.0;59375459.5;56766750.5
post_creation,linux,3840,2160,6,rgba8,pair,oldss,2,64047868.0,61385743.0,68281612.5,3fb3e9db342ea340,61385743.0;68281612.5;67608865.0;62581072.0;63342769.0;64047868.0;66847614.0
post_creation,linux,3840,2160,6,rgba8,pair,oldss,3,69653651.0,60046507.5,78617774.0,3fb3e9db342ea340,78617774.0;70068879.0;69653651.0;74658435.0;60046507.5;60148305.5;63348889.0
post_creation,linux,512,512,1,rgba8,candidate,newcc,1,2994874.0,2967346.0,3019826.2,3fb58062a905a380,2967346.0;2986944.1;3019826.2;2994874.0;3006238.9;2989282.4;3004110.4
post_creation,linux,512,512,1,rgba8,candidate,newcc,2,3011390.6,2967018.7,3062931.5,3fb58062a905a380,2967018.7;2979864.0;2982966.1;3011390.6;3032184.6;3024652.4;3062931.5
post_creation,linux,512,512,1,rgba8,candidate,newcc,3,2971125.0,2949347.0,3044221.4,3fb58062a905a380,3044221.4;2951474.8;2961184.7;2982435.0;2949347.0;2971125.0;2972872.6
post_creation,linux,512,512,1,rgba8,candidate,newcs,1,3156853.9,3149950.8,3164797.4,3fb58062a905a380,3154902.2;3163089.9;3156853.9;3157417.5;3164797.4;3149950.8;3152654.4
post_creation,linux,512,512,1,rgba8,candidate,newcs,2,3163456.4,3147227.6,3228343.3,3fb58062a905a380,3155202.2;3147227.6;3173195.4;3163415.8;3191277.1;3228343.3;3163456.4
post_creation,linux,512,512,1,rgba8,candidate,newcs,3,3222095.0,3152298.7,4190318.0,3fb58062a905a380,3194655.0;3152298.7;3161514.2;3222095.0;3242437.4;4190318.0;3352675.6
post_creation,linux,512,512,1,rgba8,candidate,newss,1,3613693.1,3606221.2,3630858.0,3fb58062a905a380,3611260.1;3630858.0;3606221.2;3610855.9;3617457.8;3613693.1;3620874.3
post_creation,linux,512,512,1,rgba8,candidate,newss,2,3631684.8,3615094.5,3672942.0,3fb58062a905a380,3622587.6;3672942.0;3615094.5;3631684.8;3625485.4;3638467.1;3637561.3
post_creation,linux,512,512,1,rgba8,candidate,newss,3,3646951.4,3636553.4,3694377.9,3fb58062a905a380,3694377.9;3637688.5;3636553.4;3650998.5;3644370.0;3646951.4;3665957.5
post_creation,linux,512,512,1,rgba8,candidate,oldcc,1,2967709.5,2963686.6,2979481.4,3fb58062a905a380,2973045.8;2963686.6;2967709.5;2964607.0;2979481.4;2964645.6;2976347.3
post_creation,linux,512,512,1,rgba8,candidate,oldcc,2,2975445.1,2959609.3,3021028.5,3fb58062a905a380,2961363.2;2964842.1;3021028.5;2959609.3;2975445.1;2977439.4;2995466.0
post_creation,linux,512,512,1,rgba8,candidate,oldcc,3,2996051.9,2983476.5,3016936.6,3fb58062a905a380,2996051.9;2983476.5;3000993.8;3016936.6;2993165.4;2995688.8;3007149.5
post_creation,linux,512,512,1,rgba8,candidate,oldcs,1,3130715.8,3122664.5,3137729.6,3fb58062a905a380,3128229.0;3131192.1;3127954.5;3130715.8;3137729.6;3133821.6;3122664.5
post_creation,linux,512,512,1,rgba8,candidate,oldcs,2,3110706.3,3102171.5,3121153.6,3fb58062a905a380,3109033.1;3110394.1;3102171.5;3110706.3;3114590.6;3121153.6;3113919.4
post_creation,linux,512,512,1,rgba8,candidate,oldcs,3,3145523.8,3107070.3,3240053.3,3fb58062a905a380,3210264.2;3167728.1;3107070.3;3145523.8;3122127.4;3143881.2;3240053.3
post_creation,linux,512,512,1,rgba8,candidate,oldss,1,3604049.4,3572813.6,3614939.5,3fb58062a905a380,3572813.6;3608708.9;3612046.4;3602891.9;3614939.5;3604049.4;3603769.5
post_creation,linux,512,512,1,rgba8,candidate,oldss,2,3605699.0,3545682.7,3620798.8,3fb58062a905a380,3545682.7;3602684.4;3618594.1;3613077.8;3620798.8;3595391.8;3605699.0
post_creation,linux,512,512,1,rgba8,candidate,oldss,3,3657867.4,3570780.9,3733781.0,3fb58062a905a380,3570780.9;3733781.0;3712060.3;3665313.4;3640676.5;3657867.4;3637941.9
post_creation,linux,512,512,1,rgba8,compare,newcc,1,1152976.7,1149512.2,1158928.5,3fb58062a905a380,1152763.3;1152976.7;1152368.9;1157079.8;1149512.2;1158928.5;1154682.6
post_creation,linux,512,512,1,rgba8,compare,newcc,2,1156002.0,1153007.7,1167075.5,3fb58062a905a380,1154137.8;1153419.2;1156002.0;1157704.6;1160498.2;1167075.5;1153007.7
post_creation,linux,512,512,1,rgba8,compare,newcc,3,1179197.1,1171356.5,1203781.0,3fb58062a905a380,1203781.0;1181577.5;1171356.5;1174650.3;1180959.3;1179197.1;1172658.8
post_creation,linux,512,512,1,rgba8,compare,newcs,1,2082049.3,2081184.3,2098752.1,3fb58062a905a380,2093613.7;2081438.2;2081184.3;2082049.3;2098752.1;2081374.3;2096284.0
post_creation,linux,512,512,1,rgba8,compare,newcs,2,2089094.8,2073501.1,2108107.5,3fb58062a905a380,2086354.1;2108107.5;2089094.8;2085427.8;2093203.6;2098655.0;2073501.1
post_creation,linux,512,512,1,rgba8,compare,newcs,3,2123502.1,2104447.0,2177744.5,3fb58062a905a380,2110321.9;2126467.8;2162394.9;2177744.5;2118981.5;2104447.0;2123502.1
post_creation,linux,512,512,1,rgba8,compare,newss,1,2524077.4,2515247.3,2528832.7,3fb58062a905a380,2528832.7;2527105.6;2515247.3;2524077.4;2527027.6;2521009.5;2520133.2
post_creation,linux,512,512,1,rgba8,compare,newss,2,2536729.3,2522297.0,2558714.9,3fb58062a905a380,2542914.8;2522297.0;2558714.9;2536729.3;2525968.1;2543327.7;2525447.9
post_creation,linux,512,512,1,rgba8,compare,newss,3,2525897.9,2517970.3,2565402.5,3fb58062a905a380,2522102.4;2526593.0;2522531.1;2517970.3;2525897.9;2565402.5;2553365.9
post_creation,linux,512,512,1,rgba8,compare,oldcc,1,1138800.0,1136187.8,1145198.3,3fb58062a905a380,1136637.7;1138844.9;1136772.1;1136187.8;1143764.7;1145198.3;1138800.0
post_creation,linux,512,512,1,rgba8,compare,oldcc,2,1143671.1,1140056.9,1150190.1,3fb58062a905a380,1140056.9;1146976.4;1141569.9;1150190.1;1143671.1;1144218.5;1140608.1
post_creation,linux,512,512,1,rgba8,compare,oldcc,3,1159910.0,1152827.9,1168027.9,3fb58062a905a380,1161886.2;1161514.3;1159910.0;1152827.9;1158856.8;1168027.9;1155799.3
post_creation,linux,512,512,1,rgba8,compare,oldcs,1,2080789.0,2078357.5,2086718.2,3fb58062a905a380,2078357.5;2080789.0;2080144.3;2081323.1;2082779.4;2086718.2;2078611.4
post_creation,linux,512,512,1,rgba8,compare,oldcs,2,2084040.3,2075979.2,2089645.5,3fb58062a905a380,2076082.8;2084040.3;2082401.1;2085063.0;2084350.3;2089645.5;2075979.2
post_creation,linux,512,512,1,rgba8,compare,oldcs,3,2100210.3,2090720.2,2162829.3,3fb58062a905a380,2091770.2;2100210.3;2090720.2;2097739.4;2128988.4;2157166.4;2162829.3
post_creation,linux,512,512,1,rgba8,compare,oldss,1,2553278.2,2544905.3,2582500.0,3fb58062a905a380,2582500.0;2544905.3;2545336.1;2545980.7;2558517.8;2581938.5;2553278.2
post_creation,linux,512,512,1,rgba8,compare,oldss,2,2551036.1,2543049.3,2598528.0,3fb58062a905a380,2598528.0;2546742.1;2556158.4;2573967.5;2551036.1;2545738.5;2543049.3
post_creation,linux,512,512,1,rgba8,compare,oldss,3,2556747.8,2545005.0,2624638.1,3fb58062a905a380,2593942.9;2555910.7;2550510.0;2545005.0;2556747.8;2563041.8;2624638.1
post_creation,linux,512,512,1,rgba8,pair,newcc,1,5071673.6,5046859.8,5126099.5,3fb58062a905a380,5046859.8;5071673.6;5089030.8;5055390.2;5073729.2;5069726.7;5126099.5
post_creation,linux,512,512,1,rgba8,pair,newcc,2,5044634.8,5040148.8,5063786.2,3fb58062a905a380,5063786.2;5042101.7;5044634.8;5040148.8;5040791.7;5052979.0;5056962.4
post_creation,linux,512,512,1,rgba8,pair,newcc,3,5094925.3,5075964.3,5106078.2,3fb58062a905a380,5075964.3;5082859.9;5099844.7;5106078.2;5102882.9;5094925.3;5092130.0
post_creation,linux,512,512,1,rgba8,pair,newcs,1,4890554.9,4870941.5,4933757.7,3fb58062a905a380,4902878.3;4933757.7;4870941.5;4890554.9;4885093.7;4887406.6;4917298.8
post_creation,linux,512,512,1,rgba8,pair,newcs,2,4841916.4,4825467.5,4861957.5,3fb58062a905a380,4861957.5;4828154.8;4837812.4;4847481.6;4841916.4;4843215.0;4825467.5
post_creation,linux,512,512,1,rgba8,pair,newcs,3,4885982.3,4861976.0,5004282.3,3fb58062a905a380,4861976.0;4884185.2;4898042.9;4964940.8;5004282.3;4885982.3;4877861.6
post_creation,linux,512,512,1,rgba8,pair,newss,1,4646049.0,4639028.0,4656774.0,3fb58062a905a380,4649260.5;4652647.7;4639314.7;4639028.0;4646049.0;4642184.0;4656774.0
post_creation,linux,512,512,1,rgba8,pair,newss,2,4715797.7,4659938.5,4776650.9,3fb58062a905a380,4776650.9;4715797.7;4659938.5;4679375.5;4675860.2;4726957.3;4751690.5
post_creation,linux,512,512,1,rgba8,pair,newss,3,4670698.2,4643610.5,4683006.9,3fb58062a905a380,4643610.5;4670698.2;4652246.2;4683006.9;4643816.3;4677643.7;4678371.9
post_creation,linux,512,512,1,rgba8,pair,oldcc,1,4995259.1,4979309.6,5097729.0,3fb58062a905a380,4984017.8;4979309.6;4985371.8;4995259.1;5002791.2;5010798.1;5097729.0
post_creation,linux,512,512,1,rgba8,pair,oldcc,2,5043142.8,4991095.1,5161084.3,3fb58062a905a380,4993618.3;5161084.3;5097148.7;4991801.8;5045888.1;5043142.8;4991095.1
post_creation,linux,512,512,1,rgba8,pair,oldcc,3,5085393.0,5025765.6,5183990.2,3fb58062a905a380,5051163.8;5085393.0;5047593.8;5120431.2;5025765.6;5142181.8;5183990.2
post_creation,linux,512,512,1,rgba8,pair,oldcs,1,4851987.8,4837517.2,4897276.9,3fb58062a905a380,4851987.8;4881989.4;4843392.2;4872007.4;4849891.5;4837517.2;4897276.9
post_creation,linux,512,512,1,rgba8,pair,oldcs,2,4996272.6,4882890.4,5113933.9,3fb58062a905a380,4882890.4;4929949.8;4985981.5;4996272.6;5070116.5;5113933.9;5013515.8
post_creation,linux,512,512,1,rgba8,pair,oldcs,3,4878873.5,4861193.8,4985455.2,3fb58062a905a380,4864138.6;4877682.0;4879968.6;4878873.5;4861193.8;4964565.5;4985455.2
post_creation,linux,512,512,1,rgba8,pair,oldss,1,4671630.7,4646273.3,4717134.1,3fb58062a905a380,4656856.5;4674068.4;4717134.1;4656631.5;4671630.7;4646273.3;4690960.5
post_creation,linux,512,512,1,rgba8,pair,oldss,2,4711507.2,4669843.4,4787073.1,3fb58062a905a380,4776153.8;4787073.1;4772894.5;4671076.5;4683924.1;4711507.2;4669843.4
post_creation,linux,512,512,1,rgba8,pair,oldss,3,4692447.2,4651273.6,4778987.7,3fb58062a905a380,4663029.7;4673046.5;4692447.2;4717744.4;4651273.6;4697633.9;4778987.7
post_creation,linux,512,512,6,rgba8,candidate,newcc,1,1218587.1,1206019.0,1248552.4,3fb58062a905a380,1248552.4;1236127.4;1216897.9;1206019.0;1218587.1;1222963.0;1206752.2
post_creation,linux,512,512,6,rgba8,candidate,newcc,2,1254573.3,1242784.3,1323834.6,3fb58062a905a380,1255597.3;1274591.5;1323834.6;1242784.3;1249649.8;1254573.3;1250231.7
post_creation,linux,512,512,6,rgba8,candidate,newcc,3,1263161.6,1245735.2,1277495.7,3fb58062a905a380,1277495.7;1257382.8;1245735.2;1263161.6;1265329.1;1264686.4;1260793.2
post_creation,linux,512,512,6,rgba8,candidate,newcs,1,943371.8,939034.8,953278.2,3fb58062a905a380,953278.2;945310.8;943138.2;942157.8;945797.5;939034.8;943371.8
post_creation,linux,512,512,6,rgba8,candidate,newcs,2,934155.8,930287.4,971297.7,3fb58062a905a380,931908.2;939948.6;956459.0;971297.7;934155.8;930287.4;930627.9
post_creation,linux,512,512,6,rgba8,candidate,newcs,3,931066.7,929595.3,967819.6,3fb58062a905a380,946792.9;929828.2;931596.3;929595.3;931066.7;930055.9;967819.6
post_creation,linux,512,512,6,rgba8,candidate,newss,1,1021915.7,1017956.3,1025011.7,3fb58062a905a380,1017956.3;1020935.9;1023852.1;1025011.7;1020825.7;1021915.7;1024462.1
post_creation,linux,512,512,6,rgba8,candidate,newss,2,1016389.3,1013191.1,1040724.1,3fb58062a905a380,1014243.6;1022385.7;1040724.1;1036247.3;1016389.3;1013191.1;1013957.2
post_creation,linux,512,512,6,rgba8,candidate,newss,3,1016560.8,1010079.5,1064364.9,3fb58062a905a380,1064364.9;1011833.4;1016579.8;1019573.4;1010079.5;1012381.2;1016560.8
post_creation,linux,512,512,6,rgba8,candidate,oldcc,1,1099037.8,1085382.8,1105185.1,3fb58062a905a380,1089127.2;1105185.1;1101938.9;1097767.2;1104051.7;1085382.8;1099037.8
post_creation,linux,512,512,6,rgba8,candidate,oldcc,2,1136061.9,1123259.2,1145414.8,3fb58062a905a380,1145414.8;1141986.9;1127544.9;1123259.2;1136061.9;1128277.6;1139896.6
post_creation,linux,512,512,6,rgba8,candidate,oldcc,3,1122957.9,1111173.4,1131267.9,3fb58062a905a380,1131267.9;1122570.1;1125145.0;1129459.1;1122957.9;1116129.5;1111173.4
post_creation,linux,512,512,6,rgba8,candidate,oldcs,1,936817.5,933716.7,941048.2,3fb58062a905a380,941048.2;933716.7;936817.5;937051.3;936285.1;934328.2;937409.2
post_creation,linux,512,512,6,rgba8,candidate,oldcs,2,933146.2,929954.0,934273.4,3fb58062a905a380,933146.2;934273.4;929954.0;932530.1;930510.3;933445.5;933946.3
post_creation,linux,512,512,6,rgba8,candidate,oldcs,3,940287.6,938467.9,948690.6,3fb58062a905a380,938467.9;942809.8;948633.3;948690.6;940028.5;940287.6;938698.0
post_creation,linux,512,512,6,rgba8,candidate,oldss,1,1017399.5,1012693.6,1025622.2,3fb58062a905a380,1025622.2;1018373.6;1012693.6;1017844.6;1013850.8;1013457.4;1017399.5
post_creation,linux,512,512,6,rgba8,candidate,oldss,2,1017217.3,1012720.8,1049043.5,3fb58062a905a380,1021766.3;1015290.7;1012720.8;1019865.7;1049043.5;1013461.4;1017217.3
post_creation,linux,512,512,6,rgba8,candidate,oldss,3,1014980.3,1012534.6,1023388.5,3fb58062a905a380,1013400.9;1014881.9;1017834.4;1016016.9;1012534.6;1014980.3;1023388.5
post_creation,linux,512,512,6,rgba8,compare,newcc,1,544738.9,537027.6,556085.6,3fb58062a905a380,556085.6;537153.9;537027.6;537201.9;546957.5;544738.9;546952.3
post_creation,linux,512,512,6,rgba8,compare,newcc,2,550758.4,543183.0,581639.8,3fb58062a905a380,543183.0;547504.4;563093.3;581639.8;555819.4;550758.4;549586.3
post_creation,linux,512,512,6,rgba8,compare,newcc,3,556571.7,551385.5,577076.9,3fb58062a905a380,557663.5;553882.3;556571.7;551385.5;552935.7;563652.8;577076.9
post_creation,linux,512,512,6,rgba8,compare,newcs,1,603156.5,601965.2,604654.3,3fb58062a905a380,604398.3;603156.5;604654.3;602328.9;602529.9;601965.2;603356.9
post_creation,linux,512,512,6,rgba8,compare,newcs,2,595380.3,593716.0,636047.5,3fb58062a905a380,596320.5;595380.3;593716.0;594133.7;636047.5;613310.4;595269.9
post_creation,linux,512,512,6,rgba8,compare,newcs,3,607526.1,600083.4,636876.7,3fb58062a905a380,623791.1;607526.1;604686.6;600083.4;626053.1;636876.7;600246.0
post_creation,linux,512,512,6,rgba8,compare,newss,1,690711.1,689450.4,695707.4,3fb58062a905a380,689681.6;693759.5;690711.1;695707.4;689450.4;692810.6;690289.1
post_creation,linux,512,512,6,rgba8,compare,newss,2,693666.4,693167.6,726981.0,3fb58062a905a380,693666.4;693167.6;693302.1;720694.7;726981.0;698187.0;693545.7
post_creation,linux,512,512,6,rgba8,compare,newss,3,686789.4,685458.8,690486.6,3fb58062a905a380,687057.6;686581.2;690486.6;685458.8;686625.1;687258.0;686789.4
post_creation,linux,512,512,6,rgba8,compare,oldcc,1,546917.7,538470.1,559448.1,3fb58062a905a380,559448.1;544328.2;545771.5;558840.6;557631.7;546917.7;538470.1
post_creation,linux,512,512,6,rgba8,compare,oldcc,2,551074.2,542158.5,592768.6,3fb58062a905a380,551074.2;554044.6;551629.8;548964.6;542158.5;548299.9;592768.6
post_creation,linux,512,512,6,rgba8,compare,oldcc,3,554086.6,539531.0,568192.0,3fb58062a905a380,554086.6;559275.0;554974.2;552772.8;539531.0;549777.7;568192.0
post_creation,linux,512,512,6,rgba8,compare,oldcs,1,594063.3,593221.9,594825.9,3fb58062a905a380,594237.3;594825.9;594782.6;593221.9;594063.3;593631.9;593421.6
post_creation,linux,512,512,6,rgba8,compare,oldcs,2,591344.3,589550.2,599687.9,3fb58062a905a380,589550.2;591344.3;599687.9;592812.3;589874.0;590298.3;597361.4
post_creation,linux,512,512,6,rgba8,compare,oldcs,3,592604.4,591311.3,596182.1,3fb58062a905a380,591311.3;591406.6;593444.7;593566.1;596182.1;592604.4;591772.2
post_creation,linux,512,512,6,rgba8,compare,oldss,1,699807.2,698522.2,701476.6,3fb58062a905a380,698522.2;700048.0;699415.9;699558.8;700041.6;699807.2;701476.6
post_creation,linux,512,512,6,rgba8,compare,oldss,2,694500.7,687010.5,697738.5,3fb58062a905a380,696088.4;693868.5;694500.7;695755.5;697738.5;687010.5;689090.4
post_creation,linux,512,512,6,rgba8,compare,oldss,3,698915.7,696613.9,766795.9,3fb58062a905a380,698801.4;698915.7;696613.9;700087.9;697015.0;766795.9;705385.0
post_creation,linux,512,512,6,rgba8,pair,newcc,1,1926247.0,1896705.0,1967819.2,3fb58062a905a380,1930596.5;1967819.2;1926247.0;1912302.4;1943574.7;1896705.0;1912743.2
post_creation,linux,512,512,6,rgba8,pair,newcc,2,1920613.2,1897389.1,2003382.4,3fb58062a905a380,1925420.8;1920613.2;1938359.6;2003382.4;1918552.7;1897389.1;1901577.4
post_creation,linux,512,512,6,rgba8,pair,newcc,3,1905639.8,1898486.1,1955576.2,3fb58062a905a380,1955576.2;1904047.3;1922910.6;1926965.2;1898486.1;1905639.8;1901311.5
post_creation,linux,512,512,6,rgba8,pair,newcs,1,1491666.1,1486634.1,1505679.3,3fb58062a905a380,1505679.3;1500278.6;1491666.1;1487780.2;1495759.5;1491593.3;1486634.1
post_creation,linux,512,512,6,rgba8,pair,newcs,2,1492929.2,1482334.7,1510542.0,3fb58062a905a380,1510542.0;1482334.7;1487894.3;1499728.5;1489903.0;1492929.2;1497142.6
post_creation,linux,512,512,6,rgba8,pair,newcs,3,1499855.5,1494831.6,1508156.7,3fb58062a905a380,1507539.3;1498443.6;1508156.7;1499855.5;1497304.1;1503686.2;1494831.6
post_creation,linux,512,512,6,rgba8,pair,newss,1,1335291.7,1331964.6,1347443.0,3fb58062a905a380,1347443.0;1334111.7;1331964.6;1344940.7;1332904.0;1335291.7;1335478.3
post_creation,linux,512,512,6,rgba8,pair,newss,2,1331904.5,1330153.6,1338771.7,3fb58062a905a380,1330836.0;1338771.7;1338362.7;1331243.3;1330153.6;1331904.5;1334291.6
post_creation,linux,512,512,6,rgba8,pair,newss,3,1337167.9,1332881.5,1341950.6,3fb58062a905a380,1341950.6;1334557.6;1337299.7;1339055.8;1332931.4;1337167.9;1332881.5
post_creation,linux,512,512,6,rgba8,pair,oldcc,1,1658937.6,1636473.6,1732327.1,3fb58062a905a380,1732327.1;1663543.7;1661794.4;1636473.6;1638160.6;1658937.6;1654976.1
post_creation,linux,512,512,6,rgba8,pair,oldcc,2,1659316.5,1640939.7,1719854.6,3fb58062a905a380,1719854.6;1640939.7;1675482.0;1659316.5;1641690.5;1668060.2;1647474.3
post_creation,linux,512,512,6,rgba8,pair,oldcc,3,1639574.6,1624441.3,1683068.3,3fb58062a905a380,1653247.1;1635932.3;1639574.6;1683068.3;1624441.3;1650884.8;1632052.2
post_creation,linux,512,512,6,rgba8,pair,oldcs,1,1367176.7,1363005.5,1373606.9,3fb58062a905a380,1366545.5;1373606.9;1372434.0;1363005.5;1367176.7;1367482.1;1366901.9
post_creation,linux,512,512,6,rgba8,pair,oldcs,2,1359060.4,1352731.5,1373310.7,3fb58062a905a380,1373310.7;1359060.4;1354299.6;1362119.8;1356875.6;1362266.3;1352731.5
post_creation,linux,512,512,6,rgba8,pair,oldcs,3,1365026.9,1356853.1,1378936.3,3fb58062a905a380,1378936.3;1367646.2;1362047.2;1365026.9;1365422.5;1357273.9;1356853.1
post_creation,linux,512,512,6,rgba8,pair,oldss,1,1328908.8,1324837.2,1348917.0,3fb58062a905a380,1348917.0;1328908.8;1330809.4;1324837.2;1333360.3;1326670.2;1328387.2
post_creation,linux,512,512,6,rgba8,pair,oldss,2,1330396.0,1327989.0,1340529.0,3fb58062a905a380,1336451.5;1340529.0;1327989.0;1330396.0;1329645.9;1328605.8;1330893.7
post_creation,linux,512,512,6,rgba8,pair,oldss,3,1335841.6,1326864.7,1343432.5,3fb58062a905a380,1343432.5;1339846.8;1334978.9;1334726.0;1339128.3;1326864.7;1335841.6
construction,mac,3840,2160,1,rgba8,candidate,newcc,1,105200750.0,104390041.0,110166375.0,3fb3e9db32af9790,105325666.0;104550583.0;110166375.0;105200750.0;104390041.0;107628709.0;104495875.0
construction,mac,3840,2160,1,rgba8,candidate,newcc,2,104673750.0,104421750.0,109858542.0,3fb3e9db32af9790,105146125.0;104421750.0;109858542.0;105441500.0;104590292.0;104673750.0;104525792.0
construction,mac,3840,2160,1,rgba8,candidate,newcc,3,105167208.0,104666833.0,109993875.0,3fb3e9db32af9790,105167208.0;105776000.0;109993875.0;105236583.0;104800750.0;105109333.0;104666833.0
construction,mac,3840,2160,1,rgba8,candidate,newcs,1,107960584.0,107748709.0,108736375.0,3fb3e9db32af9790,108242000.0;107927375.0;108106042.0;107825250.0;108736375.0;107960584.0;107748709.0
construction,mac,3840,2160,1,rgba8,candidate,newcs,2,108016292.0,107868667.0,108336417.0,3fb3e9db32af9790,108196416.0;108336417.0;107868667.0;107900083.0;108016292.0;107992542.0;108301209.0
construction,mac,3840,2160,1,rgba8,candidate,newcs,3,108359417.0,107680708.0,108763708.0,3fb3e9db32af9790,108469459.0;107990917.0;108702166.0;108359417.0;108763708.0;108025208.0;107680708.0
construction,mac,3840,2160,1,rgba8,candidate,newss,1,131764334.0,131473833.0,131992541.0,3fb3e9db32af9790,131473833.0;131764334.0;131755042.0;131992541.0;131785292.0;131756417.0;131812166.0
construction,mac,3840,2160,1,rgba8,candidate,newss,2,133030041.0,132156375.0,133972708.0,3fb3e9db32af9790,133411375.0;133627750.0;132257208.0;133972708.0;132624125.0;133030041.0;132156375.0
construction,mac,3840,2160,1,rgba8,candidate,newss,3,133558958.0,131915417.0,136175208.0,3fb3e9db32af9790,136175208.0;135804167.0;133196334.0;134335542.0;133144125.0;131915417.0;133558958.0
construction,mac,3840,2160,1,rgba8,candidate,oldcc,1,105273250.0,104456833.0,110258958.0,3fb3e9db32af9790,106161459.0;104505542.0;110258958.0;105403083.0;104563625.0;105273250.0;104456833.0
construction,mac,3840,2160,1,rgba8,candidate,oldcc,2,105646125.0,104680375.0,111315792.0,3fb3e9db32af9790,106479834.0;104849292.0;111315792.0;105355625.0;104680375.0;105646125.0;107211125.0
construction,mac,3840,2160,1,rgba8,candidate,oldcc,3,105070375.0,104776792.0,110620834.0,3fb3e9db32af9790,105633417.0;104776792.0;110620834.0;105506750.0;104910917.0;105070375.0;104923125.0
construction,mac,3840,2160,1,rgba8,candidate,oldcs,1,108264625.0,108062250.0,108610458.0,3fb3e9db32af9790,108377833.0;108287500.0;108193417.0;108123791.0;108610458.0;108264625.0;108062250.0
construction,mac,3840,2160,1,rgba8,candidate,oldcs,2,108280500.0,108136000.0,108345042.0,3fb3e9db32af9790,108213125.0;108136000.0;108345042.0;108323041.0;108280500.0;108316583.0;108213291.0
construction,mac,3840,2160,1,rgba8,candidate,oldcs,3,109055042.0,108196333.0,111249875.0,3fb3e9db32af9790,109069292.0;108261250.0;108321208.0;108196333.0;109055042.0;111249875.0;109373500.0
construction,mac,3840,2160,1,rgba8,candidate,oldss,1,131754417.0,131632542.0,132135542.0,3fb3e9db32af9790,131632542.0;131778542.0;131930834.0;132135542.0;131669833.0;131648708.0;131754417.0
construction,mac,3840,2160,1,rgba8,candidate,oldss,2,133812500.0,132943042.0,136897209.0,3fb3e9db32af9790,134823833.0;136897209.0;133759709.0;132943042.0;133050583.0;135180000.0;133812500.0
construction,mac,3840,2160,1,rgba8,candidate,oldss,3,133037292.0,132405666.0,135503917.0,3fb3e9db32af9790,133037292.0;132881584.0;133251083.0;133748958.0;135503917.0;132989541.0;132405666.0
construction,mac,3840,2160,1,rgba8,compare,newcc,1,42514562.5,42315062.5,42811416.5,3fb3e9db32af9790,42492271.0;42515291.5;42570187.5;42514562.5;42811416.5;42315062.5;42465125.0
construction,mac,3840,2160,1,rgba8,compare,newcc,2,41986333.0,41937687.5,42254021.0,3fb3e9db32af9790,42254021.0;41937687.5;41968541.5;41939604.5;42123145.5;41986333.0;42138271.0
construction,mac,3840,2160,1,rgba8,compare,newcc,3,41940854.0,41894791.5,42228937.5,3fb3e9db32af9790,41975020.5;41898021.0;41940854.0;41894791.5;42228937.5;41966437.5;41912312.5
construction,mac,3840,2160,1,rgba8,compare,newcs,1,70092792.0,70031833.0,70305291.0,3fb3e9db32af9790,70092792.0;70222709.0;70305291.0;70088750.0;70031833.0;70111917.0;70043125.0
construction,mac,3840,2160,1,rgba8,compare,newcs,2,70052500.0,69749209.0,70366750.0,3fb3e9db32af9790,70260334.0;70019042.0;70366750.0;70015958.0;70052500.0;70078000.0;69749209.0
construction,mac,3840,2160,1,rgba8,compare,newcs,3,70016334.0,69659334.0,70308458.0,3fb3e9db32af9790,70201708.0;69659334.0;70016334.0;70308458.0;70107458.0;69976667.0;70015709.0
construction,mac,3840,2160,1,rgba8,compare,newss,1,93588167.0,93084792.0,93851500.0,3fb3e9db32af9790,93588167.0;93475084.0;93084792.0;93609542.0;93851500.0;93601750.0;93464209.0
construction,mac,3840,2160,1,rgba8,compare,newss,2,93738458.0,93359292.0,93891250.0,3fb3e9db32af9790,93891250.0;93743375.0;93866666.0;93359292.0;93573542.0;93388125.0;93738458.0
construction,mac,3840,2160,1,rgba8,compare,newss,3,96377250.0,96112959.0,96612333.0,3fb3e9db32af9790,96166500.0;96500333.0;96612333.0;96377250.0;96442875.0;96298375.0;96112959.0
construction,mac,3840,2160,1,rgba8,compare,oldcc,1,42048812.5,42024041.5,42307729.0,3fb3e9db32af9790,42128833.5;42024041.5;42029229.0;42048812.5;42307729.0;42035708.0;42076104.0
construction,mac,3840,2160,1,rgba8,compare,oldcc,2,41989896.0,41942479.0,42267354.5,3fb3e9db32af9790,42190416.5;41989896.0;41968541.5;42089979.0;41942479.0;41974875.0;42267354.5
construction,mac,3840,2160,1,rgba8,compare,oldcc,3,42041562.5,41955229.0,42273375.0,3fb3e9db32af9790,42018708.5;42034208.5;42061958.5;42056875.0;42041562.5;42273375.0;41955229.0
construction,mac,3840,2160,1,rgba8,compare,oldcs,1,70022875.0,69886791.0,70224708.0,3fb3e9db32af9790,70216333.0;69999958.0;70098125.0;69929333.0;70224708.0;70022875.0;69886791.0
construction,mac,3840,2160,1,rgba8,compare,oldcs,2,71980833.0,71496584.0,72212959.0,3fb3e9db32af9790,72068167.0;71704750.0;71873166.0;71496584.0;71992542.0;72212959.0;71980833.0
construction,mac,3840,2160,1,rgba8,compare,oldcs,3,70065500.0,69923417.0,70462875.0,3fb3e9db32af9790,70105417.0;70049750.0;69923417.0;70069667.0;69993000.0;70462875.0;70065500.0
construction,mac,3840,2160,1,rgba8,compare,oldss,1,93597500.0,93374000.0,94125125.0,3fb3e9db32af9790,93892375.0;94125125.0;93574083.0;93580333.0;93374000.0;94063959.0;93597500.0
construction,mac,3840,2160,1,rgba8,compare,oldss,2,93567708.0,93472041.0,93959792.0,3fb3e9db32af9790,93568250.0;93739334.0;93959792.0;93476833.0;93567708.0;93472041.0;93526042.0
construction,mac,3840,2160,1,rgba8,compare,oldss,3,93570084.0,93506708.0,93980292.0,3fb3e9db32af9790,93599042.0;93508334.0;93527250.0;93506708.0;93784375.0;93980292.0;93570084.0
construction,mac,3840,2160,1,rgba8,pair,newcc,1,171227542.0,167211833.0,174468209.0,3fb3e9db32af9790,174468209.0;171227542.0;171825500.0;172352333.0;168299000.0;169681916.0;167211833.0
construction,mac,3840,2160,1,rgba8,pair,newcc,2,168993292.0,167003750.0,174729459.0,3fb3e9db32af9790,174729459.0;170198375.0;171340916.0;168993292.0;167607792.0;167782583.0;167003750.0
construction,mac,3840,2160,1,rgba8,pair,newcc,3,168540667.0,167042583.0,170033042.0,3fb3e9db32af9790,170033042.0;167042583.0;168010500.0;169010000.0;168540667.0;170004709.0;167699416.0
construction,mac,3840,2160,1,rgba8,pair,newcs,1,170639667.0,170351500.0,171640292.0,3fb3e9db32af9790,171640292.0;170351500.0;170639667.0;170477041.0;170828250.0;170384917.0;170706000.0
construction,mac,3840,2160,1,rgba8,pair,newcs,2,170812709.0,170583166.0,173868791.0,3fb3e9db32af9790,173868791.0;170948625.0;170583166.0;171021167.0;170586083.0;170812709.0;170675625.0
construction,mac,3840,2160,1,rgba8,pair,newcs,3,173476958.0,171009875.0,174821875.0,3fb3e9db32af9790,174821875.0;171009875.0;171724750.0;174734792.0;171996875.0;173476958.0;174760834.0
construction,mac,3840,2160,1,rgba8,pair,newss,1,169548208.0,169317834.0,170003333.0,3fb3e9db32af9790,169565250.0;169548208.0;169799250.0;169447167.0;169317834.0;170003333.0;169508916.0
construction,mac,3840,2160,1,rgba8,pair,newss,2,170158708.0,169852917.0,170743083.0,3fb3e9db32af9790,169952584.0;170743083.0;169929792.0;170158708.0;170204375.0;169852917.0;170339667.0
construction,mac,3840,2160,1,rgba8,pair,newss,3,170637291.0,169838542.0,171073625.0,3fb3e9db32af9790,170705541.0;170235125.0;170421208.0;171073625.0;170910375.0;169838542.0;170637291.0
construction,mac,3840,2160,1,rgba8,pair,oldcc,1,167697208.0,167118541.0,169381042.0,3fb3e9db32af9790,167697208.0;167280917.0;167909250.0;169381042.0;167118541.0;168332667.0;167364458.0
construction,mac,3840,2160,1,rgba8,pair,oldcc,2,168310042.0,167166833.0,171331084.0,3fb3e9db32af9790,171331084.0;168310042.0;168722750.0;167930583.0;167780542.0;169188875.0;167166833.0
construction,mac,3840,2160,1,rgba8,pair,oldcc,3,168450458.0,167554875.0,171172417.0,3fb3e9db32af9790,168475792.0;168022875.0;167756708.0;170920375.0;171172417.0;168450458.0;167554875.0
construction,mac,3840,2160,1,rgba8,pair,oldcs,1,171087792.0,170656416.0,173226458.0,3fb3e9db32af9790,171087792.0;173226458.0;170728750.0;170656416.0;171491834.0;171008792.0;171550916.0
construction,mac,3840,2160,1,rgba8,pair,oldcs,2,171391500.0,171095500.0,172095583.0,3fb3e9db32af9790,171330333.0;171330000.0;171095500.0;171391500.0;171931458.0;171990500.0;172095583.0
construction,mac,3840,2160,1,rgba8,pair,oldcs,3,172026042.0,170881583.0,172568333.0,3fb3e9db32af9790,170881583.0;172026042.0;172568333.0;171981917.0;171090959.0;172093750.0;172490708.0
construction,mac,3840,2160,1,rgba8,pair,oldss,1,170077083.0,169634458.0,170884000.0,3fb3e9db32af9790,170884000.0;170077083.0;169634458.0;170279125.0;169730750.0;170236583.0;169774167.0
construction,mac,3840,2160,1,rgba8,pair,oldss,2,171365791.0,170294750.0,175424958.0,3fb3e9db32af9790,170294750.0;171365791.0;170891583.0;170306709.0;172329125.0;175424958.0;174479416.0
construction,mac,3840,2160,1,rgba8,pair,oldss,3,170848958.0,170151209.0,171813750.0,3fb3e9db32af9790,170426750.0;170848958.0;171813750.0;170963000.0;170151209.0;170884417.0;170665917.0
construction,mac,3840,2160,12,rgba8,candidate,newcc,1,32692417.0,32145187.5,33347791.5,3fb3e9db32af9790,32145187.5;33009437.5;32692417.0;33347791.5;33240583.0;32653187.5;32314187.5
construction,mac,3840,2160,12,rgba8,candidate,newcc,2,32742458.5,32324396.0,34705875.0,3fb3e9db32af9790,32324396.0;34705875.0;32742458.5;32916792.0;34519687.5;32662437.5;32521271.0
construction,mac,3840,2160,12,rgba8,candidate,newcc,3,32805437.5,32494958.5,34593792.0,3fb3e9db32af9790,34593792.0;32805437.5;33249041.5;32667583.5;33508145.5;32550375.0;32494958.5
construction,mac,3840,2160,12,rgba8,candidate,newcs,1,25638111.0,25273680.7,25834013.7,3fb3e9db32af9790,25273680.7;25733847.3;25675111.0;25578111.0;25638111.0;25834013.7;25354736.3
construction,mac,3840,2160,12,rgba8,candidate,newcs,2,25641889.0,25333611.0,26080278.0,3fb3e9db32af9790,26080278.0;25492764.0;26030916.7;25624500.0;26067888.7;25333611.0;25641889.0
construction,mac,3840,2160,12,rgba8,candidate,newcs,3,26152611.0,25739278.0,26816194.7,3fb3e9db32af9790,26012153.0;26152611.0;26078375.0;25739278.0;26816194.7;26374694.3;26528875.0
construction,mac,3840,2160,12,rgba8,candidate,newss,1,28081944.3,27724111.0,28389708.3,3fb3e9db32af9790,28075972.3;28244014.0;27838847.0;27724111.0;28365736.3;28389708.3;28081944.3
construction,mac,3840,2160,12,rgba8,candidate,newss,2,28754375.0,28044430.3,29784250.0,3fb3e9db32af9790,28044430.3;28079708.3;28754375.0;29447333.3;29784250.0;29350736.0;28482139.0
construction,mac,3840,2160,12,rgba8,candidate,newss,3,30569104.0,30151854.0,31403896.0,3fb3e9db32af9790,30255937.5;30372937.5;30151854.0;31403896.0;30839500.0;31182687.5;30569104.0
construction,mac,3840,2160,12,rgba8,candidate,oldcc,1,32744562.5,32077729.0,35956271.0,3fb3e9db32af9790,32980854.0;32104166.5;32744562.5;34187687.5;32077729.0;35956271.0;32526666.5
construction,mac,3840,2160,12,rgba8,candidate,oldcc,2,32374437.5,31915458.5,38630437.5,3fb3e9db32af9790,32665187.5;32374437.5;32032708.5;38630437.5;32157916.5;32400416.5;31915458.5
construction,mac,3840,2160,12,rgba8,candidate,oldcc,3,33687917.0,32155458.5,34533354.0,3fb3e9db32af9790,33800583.5;34451770.5;33687917.0;32155458.5;34533354.0;32907146.0;33228396.0
construction,mac,3840,2160,12,rgba8,candidate,oldcs,1,25640972.3,25522180.7,26363180.7,3fb3e9db32af9790,26286069.7;26363180.7;25594833.3;25522180.7;25859569.7;25640972.3;25573111.3
construction,mac,3840,2160,12,rgba8,candidate,oldcs,2,26433402.7,25621028.0,27789180.3,3fb3e9db32af9790,25621028.0;26351291.7;27291069.7;26747153.0;27789180.3;26312277.7;26433402.7
construction,mac,3840,2160,12,rgba8,candidate,oldcs,3,27053208.3,26044861.0,27301291.7,3fb3e9db32af9790,26856194.3;27053208.3;26730791.7;27230194.3;27165972.3;26044861.0;27301291.7
construction,mac,3840,2160,12,rgba8,candidate,oldss,1,28417319.7,28169152.7,28682278.0,3fb3e9db32af9790,28169152.7;28209250.0;28682278.0;28346319.3;28430638.7;28500750.0;28417319.7
construction,mac,3840,2160,12,rgba8,candidate,oldss,2,28813319.3,28060722.3,31016104.0,3fb3e9db32af9790,28060722.3;28813319.3;28388333.3;29070847.3;28651666.7;30277555.3;31016104.0
construction,mac,3840,2160,12,rgba8,candidate,oldss,3,31255083.0,30407750.0,33295312.5,3fb3e9db32af9790,31660333.0;33295312.5;31255083.0;31260083.5;30407750.0;30840354.0;30410395.5
construction,mac,3840,2160,12,rgba8,compare,newcc,1,18382854.0,18279854.2,18544635.2,3fb3e9db32af9790,18382854.0;18364812.5;18544635.2;18535885.5;18279854.2;18319864.5;18513739.5
construction,mac,3840,2160,12,rgba8,compare,newcc,2,18871031.2,18594396.0,19280427.0,3fb3e9db32af9790,18871031.2;18821625.0;18594396.0;18865802.0;19263823.0;19280427.0;19071708.2
construction,mac,3840,2160,12,rgba8,compare,newcc,3,18585989.5,18348531.2,18858677.0,3fb3e9db32af9790,18694666.8;18540396.0;18858677.0;18474281.2;18348531.2;18585989.5;18642552.0
construction,mac,3840,2160,12,rgba8,compare,newcs,1,17452448.0,17418416.5,17799770.8,3fb3e9db32af9790,17799770.8;17450000.0;17668114.5;17418416.5;17689385.2;17427583.2;17452448.0
construction,mac,3840,2160,12,rgba8,compare,newcs,2,17688187.5,17557406.2,17945458.2,3fb3e9db32af9790,17720687.5;17688187.5;17592687.5;17714031.2;17611083.5;17557406.2;17945458.2
construction,mac,3840,2160,12,rgba8,compare,newcs,3,17906937.5,17549156.2,18093302.0,3fb3e9db32af9790,17648916.8;17721541.8;18093302.0;17985020.8;17906937.5;18006885.5;17549156.2
construction,mac,3840,2160,12,rgba8,compare,newss,1,20237222.3,19861760.5,20480194.3,3fb3e9db32af9790,20480194.3;19946521.0;20199041.7;20237222.3;20237395.8;20427166.7;19861760.5
construction,mac,3840,2160,12,rgba8,compare,newss,2,21179944.3,20517444.3,22466111.0,3fb3e9db32af9790,20517444.3;20551958.3;22466111.0;21563458.3;21179944.3;21995763.7;21108750.0
construction,mac,3840,2160,12,rgba8,compare,newss,3,22306583.3,21721125.0,23197639.0,3fb3e9db32af9790,21866389.0;22534416.7;22342278.0;23197639.0;21721125.0;22306583.3;22290555.3
construction,mac,3840,2160,12,rgba8,compare,oldcc,1,19755687.5,18305843.8,19860968.8,3fb3e9db32af9790,19540239.5;19755687.5;18305843.8;18742635.5;19860968.8;19832343.8;19763406.2
construction,mac,3840,2160,12,rgba8,compare,oldcc,2,18475500.0,18434198.0,18789135.2,3fb3e9db32af9790,18471604.0;18789135.2;18434198.0;18475500.0;18554750.0;18503666.8;18452510.5
construction,mac,3840,2160,12,rgba8,compare,oldcc,3,18476916.5,18264739.8,18640302.0,3fb3e9db32af9790,18640302.0;18346062.5;18498791.8;18419000.0;18518625.0;18264739.8;18476916.5
construction,mac,3840,2160,12,rgba8,compare,oldcs,1,17509406.2,17321437.5,17823760.2,3fb3e9db32af9790,17494416.5;17347531.2;17700322.8;17580645.8;17321437.5;17509406.2;17823760.2
construction,mac,3840,2160,12,rgba8,compare,oldcs,2,17495093.8,17373239.5,17864323.0,3fb3e9db32af9790,17373239.5;17413822.8;17490958.2;17495093.8;17644822.8;17512281.2;17864323.0
construction,mac,3840,2160,12,rgba8,compare,oldcs,3,17860271.0,17514885.5,18041885.5,3fb3e9db32af9790,17574885.2;18001520.8;17514885.5;17860271.0;17650531.2;18041885.5;17940989.5
construction,mac,3840,2160,12,rgba8,compare,oldss,1,20127250.0,19880406.2,20490722.3,3fb3e9db32af9790,20490722.3;19880406.2;19937552.0;20276861.3;20099944.7;20129528.0;20127250.0
construction,mac,3840,2160,12,rgba8,compare,oldss,2,21436666.7,20985166.7,21956541.7,3fb3e9db32af9790,20985166.7;21222666.7;21436666.7;21511764.0;21284805.3;21956541.7;21532278.0
construction,mac,3840,2160,12,rgba8,compare,oldss,3,21799819.7,21116278.0,22485319.7,3fb3e9db32af9790,21116278.0;21601750.0;21799819.7;22485319.7;21669555.7;22030333.3;22373514.0
construction,mac,3840,2160,12,rgba8,pair,newcc,1,46646458.5,45940708.5,47994333.5,3fb3e9db32af9790,46646458.5;46827104.5;47994333.5;46738042.0;45940708.5;46402958.5;46468916.5
construction,mac,3840,2160,12,rgba8,pair,newcc,2,48597146.0,47677979.0,49954396.0,3fb3e9db32af9790,49954396.0;48781729.5;47677979.0;48597146.0;49147166.5;48021104.5;48389812.5
construction,mac,3840,2160,12,rgba8,pair,newcc,3,48540604.0,47707958.5,51237979.0,3fb3e9db32af9790,47748771.0;48506062.5;48685458.5;48540604.0;51237979.0;47707958.5;50332333.5
construction,mac,3840,2160,12,rgba8,pair,newcs,1,39495562.5,39107312.5,39681583.5,3fb3e9db32af9790,39495562.5;39107312.5;39215854.0;39672500.0;39239521.0;39529375.0;39681583.5
construction,mac,3840,2160,12,rgba8,pair,newcs,2,42090729.0,41294125.0,43033604.5,3fb3e9db32af9790,41294125.0;41867896.0;43033604.5;41408166.5;42569541.5;42619771.0;42090729.0
construction,mac,3840,2160,12,rgba8,pair,newcs,3,42319104.0,41738521.0,42918875.0,3fb3e9db32af9790,41738521.0;41990708.0;41890729.0;42918875.0;42453500.0;42723500.0;42319104.0
construction,mac,3840,2160,12,rgba8,pair,newss,1,36457437.5,35907145.5,36987208.0,3fb3e9db32af9790,36074083.0;36525062.5;35907145.5;36987208.0;36457437.5;36000166.5;36543333.5
construction,mac,3840,2160,12,rgba8,pair,newss,2,39811395.5,38796458.0,40184958.5,3fb3e9db32af9790,38796458.0;39004604.5;39941896.0;39214583.5;40037395.5;40184958.5;39811395.5
construction,mac,3840,2160,12,rgba8,pair,newss,3,38891375.0,37857771.0,40461541.5,3fb3e9db32af9790,38758562.5;40461541.5;39645896.0;38165521.0;39121437.5;38891375.0;37857771.0
construction,mac,3840,2160,12,rgba8,pair,oldcc,1,46489791.5,46220187.5,52160708.5,3fb3e9db32af9790,50479937.5;46220187.5;46489791.5;52160708.5;46296083.5;46485062.5;48613250.0
construction,mac,3840,2160,12,rgba8,pair,oldcc,2,48738541.5,46863083.5,50983000.0,3fb3e9db32af9790,47440812.5;46863083.5;50004750.0;48738541.5;49646729.0;48665666.5;50983000.0
construction,mac,3840,2160,12,rgba8,pair,oldcc,3,47440604.0,46706083.5,48591625.0,3fb3e9db32af9790,46706083.5;48591625.0;47299500.0;46985666.5;47440604.0;48259041.5;47914958.5
construction,mac,3840,2160,12,rgba8,pair,oldcs,1,39676416.5,39031104.5,39939354.0,3fb3e9db32af9790,39676416.5;39693187.5;39361958.0;39811979.5;39939354.0;39031104.5;39503646.0
construction,mac,3840,2160,12,rgba8,pair,oldcs,2,41965333.0,41276520.5,46541208.0,3fb3e9db32af9790,42626562.5;41276520.5;41965333.0;42114042.0;41394625.0;46541208.0;41856042.0
construction,mac,3840,2160,12,rgba8,pair,oldcs,3,41846562.5,41269250.0,43096479.5,3fb3e9db32af9790,41781375.0;42749229.5;41278104.0;41846562.5;43096479.5;42164667.0;41269250.0
construction,mac,3840,2160,12,rgba8,pair,oldss,1,36662187.5,36094125.0,38716166.5,3fb3e9db32af9790,36662187.5;36094125.0;37194854.5;38716166.5;36582396.0;36137687.5;36669750.0
construction,mac,3840,2160,12,rgba8,pair,oldss,2,39899958.5,38734500.0,41417750.0,3fb3e9db32af9790,39899958.5;38734500.0;40452542.0;38910167.0;38972416.5;40973875.0;41417750.0
construction,mac,3840,2160,12,rgba8,pair,oldss,3,39479583.0,38794479.5,41089271.0,3fb3e9db32af9790,39476083.0;38794479.5;39686562.5;41089271.0;39088500.0;39613125.0;39479583.0
construction,mac,3840,2160,6,rgba8,candidate,newcc,1,33800792.0,33356229.0,34946354.0,3fb3e9db32af9790,33886145.5;34946354.0;33783604.0;33436125.0;33356229.0;33800792.0;33893708.0
construction,mac,3840,2160,6,rgba8,candidate,newcc,2,33972208.5,33686187.5,34930854.0,3fb3e9db32af9790,33836687.5;33972208.5;34483791.5;33902250.0;33686187.5;34863708.5;34930854.0
construction,mac,3840,2160,6,rgba8,candidate,newcc,3,34940500.0,34255979.0,36719104.0,3fb3e9db32af9790,34940500.0;35761937.5;34839917.0;34255979.0;35817166.5;34807667.0;36719104.0
construction,mac,3840,2160,6,rgba8,candidate,newcs,1,29684375.0,29268444.3,30040479.5,3fb3e9db32af9790,29710319.3;30040479.5;29268444.3;29383305.3;29720916.7;29664444.7;29684375.0
construction,mac,3840,2160,6,rgba8,candidate,newcs,2,29716972.3,29260958.3,30064875.0,3fb3e9db32af9790,29285652.7;29716972.3;29922569.3;30064875.0;29442277.7;29719513.7;29260958.3
construction,mac,3840,2160,6,rgba8,candidate,newcs,3,32610416.5,31362187.5,32877167.0,3fb3e9db32af9790,32610416.5;31362187.5;32063646.0;32877167.0;32754646.0;32499395.5;32784979.0
construction,mac,3840,2160,6,rgba8,candidate,newss,1,34452021.0,34141875.0,34765271.0,3fb3e9db32af9790,34194187.5;34765271.0;34392666.5;34554541.5;34452021.0;34141875.0;34734125.0
construction,mac,3840,2160,6,rgba8,candidate,newss,2,34534583.0,34148354.0,35648062.5,3fb3e9db32af9790,34534583.0;34176062.5;34423396.0;35648062.5;34544791.5;34148354.0;34818416.5
construction,mac,3840,2160,6,rgba8,candidate,newss,3,36934646.0,36387437.5,37393667.0,3fb3e9db32af9790,37014687.5;36387437.5;36923417.0;36934646.0;36930562.5;37336292.0;37393667.0
construction,mac,3840,2160,6,rgba8,candidate,oldcc,1,34118875.0,33558979.0,35559062.5,3fb3e9db32af9790,34583208.5;35556625.0;34118875.0;33558979.0;35559062.5;33727562.5;34007021.0
construction,mac,3840,2160,6,rgba8,candidate,oldcc,2,33959792.0,32934125.0,35362875.0,3fb3e9db32af9790,33959792.0;32934125.0;34473125.0;34525125.0;35362875.0;33720854.0;33374875.0
construction,mac,3840,2160,6,rgba8,candidate,oldcc,3,34889937.5,34136375.0,36584896.0,3fb3e9db32af9790,35014521.0;34136375.0;34889937.5;34808187.5;34508208.0;35216729.0;36584896.0
construction,mac,3840,2160,6,rgba8,candidate,oldcs,1,30025944.7,29424458.3,30155041.5,3fb3e9db32af9790,29657069.7;30079021.0;30025944.7;29467278.0;30127771.0;30155041.5;29424458.3
construction,mac,3840,2160,6,rgba8,candidate,oldcs,2,30006597.3,29518444.7,30344895.5,3fb3e9db32af9790,29849166.7;30118187.5;30344250.0;29700528.0;29518444.7;30344895.5;30006597.3
construction,mac,3840,2160,6,rgba8,candidate,oldcs,3,32630062.5,31477125.0,33555312.5,3fb3e9db32af9790,32032229.0;33555312.5;33325042.0;31814812.5;31477125.0;33456208.5;32630062.5
construction,mac,3840,2160,6,rgba8,candidate,oldss,1,33809646.0,33167041.5,34193604.0,3fb3e9db32af9790,33809646.0;34193604.0;34160208.0;33353500.0;33850083.0;33726854.0;33167041.5
construction,mac,3840,2160,6,rgba8,candidate,oldss,2,34624333.5,34158395.5,36800250.0,3fb3e9db32af9790,34547333.0;35211541.5;35180791.5;34624333.5;36800250.0;34537479.0;34158395.5
construction,mac,3840,2160,6,rgba8,candidate,oldss,3,38056562.5,36797187.5,38475229.5,3fb3e9db32af9790,37519375.0;37697958.5;36797187.5;38056562.5;38399062.5;38475229.5;38338229.5
construction,mac,3840,2160,6,rgba8,compare,newcc,1,18975052.0,18782291.8,19147489.5,3fb3e9db32af9790,19083333.2;18975052.0;19072645.8;18797541.8;18959385.5;19147489.5;18782291.8
construction,mac,3840,2160,6,rgba8,compare,newcc,2,20088604.2,19010239.8,21014194.7,3fb3e9db32af9790,21014194.7;20373736.0;20088604.2;19010239.8;20113885.2;19351895.8;19115552.2
construction,mac,3840,2160,6,rgba8,compare,newcc,3,20951486.0,20808361.3,21072736.0,3fb3e9db32af9790,20906583.3;21072736.0;20986069.3;20951486.0;20974833.3;20808361.3;20908708.3
construction,mac,3840,2160,6,rgba8,compare,newcs,1,20977528.0,20857347.0,21471263.7,3fb3e9db32af9790,20863014.0;21329847.3;20886319.3;20857347.0;21314153.0;20977528.0;21471263.7
construction,mac,3840,2160,6,rgba8,compare,newcs,2,22669180.7,21915333.3,23086791.7,3fb3e9db32af9790,22704291.7;22669180.7;21915333.3;22616041.7;23086791.7;22882347.3;22384055.7
construction,mac,3840,2160,6,rgba8,compare,newcs,3,21195166.7,20833416.7,21343639.0,3fb3e9db32af9790,21014764.0;21205847.0;21171514.0;21309277.7;21195166.7;20833416.7;21343639.0
construction,mac,3840,2160,6,rgba8,compare,newss,1,25232805.7,24860333.3,25613430.3,3fb3e9db32af9790,25529222.0;25613430.3;25041208.3;24930319.3;24860333.3;25382458.3;25232805.7
construction,mac,3840,2160,6,rgba8,compare,newss,2,27674347.3,26716541.7,28626694.3,3fb3e9db32af9790,27674347.3;27111611.3;28626694.3;27894847.0;26716541.7;27980291.7;27308514.0
construction,mac,3840,2160,6,rgba8,compare,newss,3,25998430.7,25230652.7,27805708.3,3fb3e9db32af9790,25230652.7;25622138.7;25469139.0;25998430.7;27805708.3;26532236.0;26140083.3
construction,mac,3840,2160,6,rgba8,compare,oldcc,1,19205989.8,18878739.5,19553687.5,3fb3e9db32af9790,19217114.5;19226187.5;18878739.5;19054687.5;19205989.8;19553687.5;19157468.8
construction,mac,3840,2160,6,rgba8,compare,oldcc,2,18961760.5,18736541.8,19324448.0,3fb3e9db32af9790,18961760.5;18948614.5;19187677.2;18828812.5;19324448.0;18736541.8;19315927.0
construction,mac,3840,2160,6,rgba8,compare,oldcc,3,20173527.7,19518010.5,21754958.3,3fb3e9db32af9790,19518010.5;19857729.2;21754958.3;20804083.3;20394014.0;20029152.7;20173527.7
construction,mac,3840,2160,6,rgba8,compare,oldcs,1,21089625.0,20999736.3,21321902.7,3fb3e9db32af9790,21031875.0;21108041.7;21244833.3;21321902.7;21007652.7;21089625.0;20999736.3
construction,mac,3840,2160,6,rgba8,compare,oldcs,2,22632777.7,22225653.0,22969972.3,3fb3e9db32af9790,22540125.0;22639361.0;22865000.0;22632777.7;22225653.0;22969972.3;22514041.7
construction,mac,3840,2160,6,rgba8,compare,oldcs,3,21298027.7,20874013.7,21523736.3,3fb3e9db32af9790,20874013.7;21298027.7;21426361.0;21100875.0;21471680.7;21523736.3;21257638.7
construction,mac,3840,2160,6,rgba8,compare,oldss,1,25657514.0,25236875.0,25817569.7,3fb3e9db32af9790,25257916.7;25817569.7;25689763.7;25714583.3;25236875.0;25512958.3;25657514.0
construction,mac,3840,2160,6,rgba8,compare,oldss,2,27766458.3,27188416.7,28303944.3,3fb3e9db32af9790,27766458.3;27619027.7;27188416.7;28227638.7;28303944.3;27976291.7;27661389.0
construction,mac,3840,2160,6,rgba8,compare,oldss,3,26653625.0,25649277.7,27573527.7,3fb3e9db32af9790,26351236.0;26653625.0;26576944.3;26769583.3;27205972.3;27573527.7;25649277.7
construction,mac,3840,2160,6,rgba8,pair,newcc,1,49653291.5,48886229.0,52185375.0,3fb3e9db32af9790,49653291.5;50486896.0;49175291.5;48886229.0;49859646.0;49037292.0;52185375.0
construction,mac,3840,2160,6,rgba8,pair,newcc,2,48714312.5,48105145.5,53447979.5,3fb3e9db32af9790,53447979.5;48105145.5;50784458.5;53084562.5;48714312.5;48303250.0;48600500.0
construction,mac,3840,2160,6,rgba8,pair,newcc,3,50169458.5,49200479.0,52104708.0,3fb3e9db32af9790,50908042.0;50082083.5;49200479.0;50169458.5;49613187.5;52104708.0;50531875.0
construction,mac,3840,2160,6,rgba8,pair,newcs,1,45053375.0,44622542.0,45393083.0,3fb3e9db32af9790,45287896.0;45053375.0;45393083.0;44783791.5;44821542.0;45091250.0;44622542.0
construction,mac,3840,2160,6,rgba8,pair,newcs,2,46307792.0,45797520.5,47256083.5,3fb3e9db32af9790,46716208.5;45948291.5;45797520.5;46307792.0;46015083.0;47208458.5;47256083.5
construction,mac,3840,2160,6,rgba8,pair,newcs,3,47778812.5,46724583.5,48261458.0,3fb3e9db32af9790,47001604.5;48261458.0;46724583.5;47934875.0;47279875.0;47778812.5;48160771.0
construction,mac,3840,2160,6,rgba8,pair,newss,1,42244437.5,41511833.5,42570979.0,3fb3e9db32af9790,42191458.0;42570979.0;42413000.0;42244437.5;41511833.5;42239750.0;42293104.5
construction,mac,3840,2160,6,rgba8,pair,newss,2,45323146.0,43990145.5,46030542.0,3fb3e9db32af9790,45429917.0;44220958.5;46030542.0;43990145.5;44007167.0;45694979.5;45323146.0
construction,mac,3840,2160,6,rgba8,pair,newss,3,44512375.0,42961708.5,45688187.5,3fb3e9db32af9790,42961708.5;44631312.5;44512375.0;43964937.5;44510792.0;44726875.0;45688187.5
construction,mac,3840,2160,6,rgba8,pair,oldcc,1,50003542.0,47935083.5,50795354.0,3fb3e9db32af9790,50795354.0;47935083.5;48788229.0;50574666.5;50418042.0;50003542.0;48512771.0
construction,mac,3840,2160,6,rgba8,pair,oldcc,2,49872833.5,48696291.5,50427750.0,3fb3e9db32af9790,48696291.5;49425729.5;50427750.0;49872833.5;49945021.0;50118625.0;49177500.0
construction,mac,3840,2160,6,rgba8,pair,oldcc,3,51363229.0,50386687.5,51798687.5,3fb3e9db32af9790,50500479.5;51363229.0;50386687.5;51794187.5;51403083.5;51798687.5;50753020.5
construction,mac,3840,2160,6,rgba8,pair,oldcs,1,45051208.5,44451375.0,45822041.5,3fb3e9db32af9790,45822041.5;44704333.5;44451375.0;45592854.5;45051208.5;45498104.5;44898791.5
construction,mac,3840,2160,6,rgba8,pair,oldcs,2,46247666.5,45257104.0,46961646.0,3fb3e9db32af9790,45476000.0;45257104.0;46537917.0;46375500.0;45934770.5;46247666.5;46961646.0
construction,mac,3840,2160,6,rgba8,pair,oldcs,3,47528375.0,46587250.0,48053791.5,3fb3e9db32af9790,46587250.0;47914146.0;46667229.0;47604354.0;46732791.5;47528375.0;48053791.5
construction,mac,3840,2160,6,rgba8,pair,oldss,1,42536041.5,41952500.0,43130687.5,3fb3e9db32af9790,42536041.5;43130687.5;42908729.0;43101458.5;42149875.0;41952500.0;42388708.0
construction,mac,3840,2160,6,rgba8,pair,oldss,2,45213333.5,44334875.0,46191833.5,3fb3e9db32af9790,44617666.5;45764625.0;46191833.5;44334875.0;45902312.5;45192187.5;45213333.5
construction,mac,3840,2160,6,rgba8,pair,oldss,3,44939666.5,43744000.0,46341312.5,3fb3e9db32af9790,44006062.5;44939666.5;44929146.0;43744000.0;46086937.5;46341312.5;45522771.0
construction,mac,512,512,1,rgba8,candidate,newcc,1,4118350.0,4104302.7,4163425.0,3fb58063054aaa10,4122827.7;4118350.0;4113361.1;4114041.7;4104302.7;4163425.0;4119255.6
construction,mac,512,512,1,rgba8,candidate,newcc,2,4123352.8,4107269.5,4146680.6,3fb58063054aaa10,4123352.8;4146680.6;4109141.7;4107269.5;4142136.1;4124052.7;4121608.3
construction,mac,512,512,1,rgba8,candidate,newcc,3,4126441.7,4108466.7,4141725.0,3fb58063054aaa10,4127644.5;4127355.5;4141725.0;4126441.7;4117216.7;4111936.1;4108466.7
construction,mac,512,512,1,rgba8,candidate,newcs,1,3611269.6,3606710.8,3627965.7,3fb58063054aaa10,3606710.8;3610916.7;3607693.6;3611269.6;3627965.7;3626053.9;3627291.6
construction,mac,512,512,1,rgba8,candidate,newcs,2,3615100.5,3611012.3,3631551.5,3fb58063054aaa10,3611031.8;3611012.3;3615100.5;3612674.0;3623921.5;3631551.5;3620806.4
construction,mac,512,512,1,rgba8,candidate,newcs,3,3617392.2,3605742.6,3627205.9,3fb58063054aaa10,3605742.6;3621522.1;3608551.5;3627205.9;3617392.2;3608926.5;3618095.6
construction,mac,512,512,1,rgba8,candidate,newss,1,4430133.9,4424562.5,4452476.1,3fb58063054aaa10,4434797.6;4429773.8;4424562.5;4430133.9;4428357.1;4452476.1;4431541.6
construction,mac,512,512,1,rgba8,candidate,newss,2,4429404.8,4423922.6,4448372.1,3fb58063054aaa10,4429404.8;4442645.9;4423922.6;4424196.4;4432878.0;4448372.1;4426008.9
construction,mac,512,512,1,rgba8,candidate,newss,3,4426220.2,4419217.2,4467062.5,3fb58063054aaa10,4432660.7;4429895.9;4467062.5;4426220.2;4424875.0;4419217.2;4424264.9
construction,mac,512,512,1,rgba8,candidate,oldcc,1,4123900.0,4117119.5,4155097.2,3fb58063054aaa10,4125952.8;4126408.3;4123900.0;4117869.5;4117450.0;4155097.2;4117119.5
construction,mac,512,512,1,rgba8,candidate,oldcc,2,4122350.0,4115891.7,4145744.4,3fb58063054aaa10,4124713.9;4122350.0;4145744.4;4117863.9;4141755.5;4119902.7;4115891.7
construction,mac,512,512,1,rgba8,candidate,oldcc,3,4121788.9,4116525.0,4145647.3,3fb58063054aaa10,4124175.0;4129613.9;4121788.9;4145647.3;4119752.8;4120069.5;4116525.0
construction,mac,512,512,1,rgba8,candidate,oldcs,1,3619553.9,3607897.1,3673666.6,3fb58063054aaa10,3619600.5;3673666.6;3619553.9;3607897.1;3618546.6;3624014.7;3616448.5
construction,mac,512,512,1,rgba8,candidate,oldcs,2,3620404.4,3617227.9,3644049.0,3fb58063054aaa10,3617227.9;3619056.4;3620152.0;3621742.6;3644049.0;3624235.3;3620404.4
construction,mac,512,512,1,rgba8,candidate,oldcs,3,3624632.4,3609370.1,3644264.7,3fb58063054aaa10,3609370.1;3620522.1;3619127.5;3644264.7;3627754.9;3624632.4;3626014.7
construction,mac,512,512,1,rgba8,candidate,oldss,1,4428967.3,4425181.6,4453485.1,3fb58063054aaa10,4429836.4;4428875.0;4426666.7;4425181.6;4431345.2;4453485.1;4428967.3
construction,mac,512,512,1,rgba8,candidate,oldss,2,4443104.1,4439425.6,4460547.6,3fb58063054aaa10,4440934.5;4443104.1;4439425.6;4440315.5;4460547.6;4443119.0;4443788.7
construction,mac,512,512,1,rgba8,candidate,oldss,3,4430372.0,4425312.5,4445696.4,3fb58063054aaa10,4429857.1;4430372.0;4427351.1;4445696.4;4433547.6;4431104.1;4425312.5
construction,mac,512,512,1,rgba8,compare,newcc,1,1439546.6,1437451.4,1456905.8,3fb58063054aaa10,1456905.8;1439546.6;1441253.0;1442495.0;1437485.1;1438126.0;1437451.4
construction,mac,512,512,1,rgba8,compare,newcc,2,1441097.2,1438540.7,1448675.6,3fb58063054aaa10,1441097.2;1448675.6;1444846.2;1440113.1;1439490.1;1443842.3;1438540.7
construction,mac,512,512,1,rgba8,compare,newcc,3,1442560.5,1436528.8,1453458.3,3fb58063054aaa10,1443352.2;1453458.3;1444242.1;1442314.5;1439261.9;1436528.8;1442560.5
construction,mac,512,512,1,rgba8,compare,newcs,1,2327121.8,2318778.8,2345022.4,3fb58063054aaa10,2325298.1;2327121.8;2328727.5;2331753.2;2318778.8;2322185.9;2345022.4
construction,mac,512,512,1,rgba8,compare,newcs,2,2329274.0,2319576.9,2339658.7,3fb58063054aaa10,2332041.7;2324977.6;2319576.9;2328076.9;2330730.8;2329274.0;2339658.7
construction,mac,512,512,1,rgba8,compare,newcs,3,2321331.7,2319032.0,2330386.2,3fb58063054aaa10,2326530.5;2319673.1;2319032.0;2330386.2;2321331.7;2320389.4;2323302.9
construction,mac,512,512,1,rgba8,compare,newss,1,3142520.9,3139902.0,3156883.3,3fb58063054aaa10,3142520.9;3142660.4;3142764.5;3140322.9;3142520.9;3139902.0;3156883.3
construction,mac,512,512,1,rgba8,compare,newss,2,3138785.5,3136387.5,3143581.2,3fb58063054aaa10,3143581.2;3138785.5;3140239.5;3137287.5;3137418.7;3140562.5;3136387.5
construction,mac,512,512,1,rgba8,compare,newss,3,3140231.2,3137283.3,3275107.5,3fb58063054aaa10,3138839.6;3153077.0;3148212.5;3140231.2;3138718.7;3137283.3;3275107.5
construction,mac,512,512,1,rgba8,compare,oldcc,1,1442769.8,1438262.9,1451150.8,3fb58063054aaa10,1451150.8;1445401.8;1443127.0;1441249.0;1438262.9;1442378.0;1442769.8
construction,mac,512,512,1,rgba8,compare,oldcc,2,1450290.7,1445342.3,1453541.7,3fb58063054aaa10,1453210.3;1453541.7;1451569.5;1450290.7;1448007.0;1449677.6;1445342.3
construction,mac,512,512,1,rgba8,compare,oldcc,3,1451125.0,1443267.9,1455581.4,3fb58063054aaa10,1453545.6;1452735.1;1455581.4;1451125.0;1446742.0;1443267.9;1446009.9
construction,mac,512,512,1,rgba8,compare,oldcs,1,2329410.3,2325665.0,2335161.9,3fb58063054aaa10,2327275.7;2329410.3;2333804.5;2334371.8;2335161.9;2325665.0;2328770.8
construction,mac,512,512,1,rgba8,compare,oldcs,2,2332423.1,2322817.3,2345693.9,3fb58063054aaa10,2337621.8;2332959.9;2345693.9;2327490.4;2323528.8;2322817.3;2332423.1
construction,mac,512,512,1,rgba8,compare,oldcs,3,2330352.6,2324568.9,2332849.3,3fb58063054aaa10,2331288.5;2332849.3;2330352.6;2332211.5;2324568.9;2328889.4;2328538.5
construction,mac,512,512,1,rgba8,compare,oldss,1,3156995.8,3154893.8,3169469.3,3fb58063054aaa10,3167467.1;3158250.0;3155120.8;3156995.8;3154893.8;3155491.7;3169469.3
construction,mac,512,512,1,rgba8,compare,oldss,2,3152725.0,3150456.2,3162022.9,3fb58063054aaa10,3154633.3;3151325.0;3150456.2;3153112.5;3152725.0;3150487.5;3162022.9
construction,mac,512,512,1,rgba8,compare,oldss,3,3136729.1,3134066.7,3139437.5,3fb58063054aaa10,3139437.5;3135387.5;3136331.2;3138089.6;3136729.1;3138772.9;3134066.7
construction,mac,512,512,1,rgba8,pair,newcc,1,5999947.0,5981909.1,6144012.5,3fb58063054aaa10,6144012.5;5995840.9;5999947.0;6002295.9;6007995.8;5981909.1;5994318.2
construction,mac,512,512,1,rgba8,pair,newcc,2,6042470.8,6028325.0,6060404.2,3fb58063054aaa10,6046445.8;6028325.0;6051558.4;6060404.2;6030200.0;6042470.8;6042000.0
construction,mac,512,512,1,rgba8,pair,newcc,3,6020787.5,6005183.3,6036229.2,3fb58063054aaa10,6023725.0;6008600.0;6020787.5;6036229.2;6009595.8;6005183.3;6026191.7
construction,mac,512,512,1,rgba8,pair,newcs,1,5520795.5,5501787.9,5594193.2,3fb58063054aaa10,5594193.2;5566878.8;5501787.9;5515632.5;5512405.3;5520795.5;5549106.0
construction,mac,512,512,1,rgba8,pair,newcs,2,5515712.1,5507284.1,5555681.8,3fb58063054aaa10,5555681.8;5519655.3;5515712.1;5546079.5;5507284.1;5512700.7;5515155.3
construction,mac,512,512,1,rgba8,pair,newcs,3,5514155.4,5507833.4,5548519.0,3fb58063054aaa10,5525511.4;5507833.4;5518352.3;5514155.4;5548519.0;5513753.8;5511075.7
construction,mac,512,512,1,rgba8,pair,newss,1,5602939.4,5595799.3,5632943.2,3fb58063054aaa10,5606628.7;5603621.2;5602939.4;5600712.1;5602018.9;5595799.3;5632943.2
construction,mac,512,512,1,rgba8,pair,newss,2,5604128.8,5603144.0,5629803.1,3fb58063054aaa10,5603803.1;5604348.5;5603144.0;5629803.1;5603435.5;5605678.1;5604128.8
construction,mac,512,512,1,rgba8,pair,newss,3,5610553.0,5602321.9,5625405.3,3fb58063054aaa10,5610553.0;5622776.5;5603189.4;5611125.0;5604075.7;5602321.9;5625405.3
construction,mac,512,512,1,rgba8,pair,oldcc,1,6011575.0,6003808.3,6032187.5,3fb58063054aaa10,6013700.0;6029845.8;6032187.5;6009775.0;6011575.0;6005733.3;6003808.3
construction,mac,512,512,1,rgba8,pair,oldcc,2,6031937.5,6021004.1,6058858.3,3fb58063054aaa10,6031937.5;6058858.3;6055575.0;6033154.2;6021004.1;6021191.6;6030479.2
construction,mac,512,512,1,rgba8,pair,oldcc,3,6190312.5,6026066.7,6301841.7,3fb58063054aaa10,6052266.7;6034779.1;6026066.7;6275929.1;6301841.7;6277770.9;6190312.5
construction,mac,512,512,1,rgba8,pair,oldcs,1,5532519.0,5528935.5,5535011.4,3fb58063054aaa10,5532519.0;5534405.3;5529912.9;5533416.6;5531181.8;5535011.4;5528935.5
construction,mac,512,512,1,rgba8,pair,oldcs,2,5526704.5,5520833.4,5541257.5,3fb58063054aaa10,5530780.4;5525731.0;5526704.5;5527314.4;5541257.5;5523541.7;5520833.4
construction,mac,512,512,1,rgba8,pair,oldcs,3,5588405.4,5525697.0,5706412.9,3fb58063054aaa10,5680977.3;5706412.9;5681678.1;5588405.4;5525697.0;5528583.4;5529109.8
construction,mac,512,512,1,rgba8,pair,oldss,1,5611969.7,5607394.0,5635954.5,3fb58063054aaa10,5619806.8;5607973.5;5611969.7;5607840.9;5607394.0;5620708.4;5635954.5
construction,mac,512,512,1,rgba8,pair,oldss,2,5627662.9,5622136.4,5658447.0,3fb58063054aaa10,5649583.4;5627662.9;5622136.4;5658447.0;5627378.7;5622863.6;5627833.3
construction,mac,512,512,1,rgba8,pair,oldss,3,5607090.9,5604227.3,5635125.0,3fb58063054aaa10,5604227.3;5628261.4;5609492.5;5607090.9;5635125.0;5605492.5;5606666.7
construction,mac,512,512,12,rgba8,candidate,newcc,1,1321612.3,1269851.6,1344513.9,3fb58063054aaa10,1344513.9;1312898.5;1326479.2;1335677.8;1286561.2;1321612.3;1269851.6
construction,mac,512,512,12,rgba8,candidate,newcc,2,1345510.2,1316786.2,1421961.3,3fb58063054aaa10,1345510.2;1377154.4;1327495.5;1359238.9;1321991.8;1421961.3;1316786.2
construction,mac,512,512,12,rgba8,candidate,newcc,3,1339413.0,1286012.4,1383839.0,3fb58063054aaa10,1383839.0;1339413.0;1351481.5;1343626.8;1335510.2;1286012.4;1316953.8
construction,mac,512,512,12,rgba8,candidate,newcs,1,1140303.5,1125293.2,1149406.5,3fb58063054aaa10,1128432.9;1148718.5;1125293.2;1140303.5;1135312.1;1145430.0;1149406.5
construction,mac,512,512,12,rgba8,candidate,newcs,2,1138255.5,1127155.9,1167807.7,3fb58063054aaa10,1138255.5;1152206.0;1159967.2;1127155.9;1128998.5;1167807.7;1135934.0
construction,mac,512,512,12,rgba8,candidate,newcs,3,1157198.7,1137926.1,1184567.8,3fb58063054aaa10,1145538.5;1184567.8;1137926.1;1157198.7;1180441.2;1169561.7;1152189.5
construction,mac,512,512,12,rgba8,candidate,newss,1,1251228.3,1224340.8,1551182.7,3fb58063054aaa10,1250452.4;1224340.8;1255776.0;1246884.4;1266039.1;1551182.7;1251228.3
construction,mac,512,512,12,rgba8,candidate,newss,2,1266167.5,1248412.4,1305325.4,3fb58063054aaa10,1255848.1;1248412.4;1262973.1;1277973.4;1305325.4;1266167.5;1279885.6
construction,mac,512,512,12,rgba8,candidate,newss,3,1279745.6,1224255.8,1287110.8,3fb58063054aaa10,1280671.1;1279745.6;1224255.8;1252140.6;1280793.4;1287110.8;1277500.0
construction,mac,512,512,12,rgba8,candidate,oldcc,1,1384054.0,1323018.1,1449317.8,3fb58063054aaa10,1384054.0;1347682.4;1404571.0;1399431.2;1449317.8;1323018.1;1328530.8
construction,mac,512,512,12,rgba8,candidate,oldcc,2,1282270.4,1262388.0,1339374.1,3fb58063054aaa10,1270470.5;1290046.1;1275201.4;1282270.4;1262388.0;1310605.1;1339374.1
construction,mac,512,512,12,rgba8,candidate,oldcc,3,1325783.5,1287948.6,1452300.6,3fb58063054aaa10,1372779.4;1325783.5;1322839.7;1287948.6;1307284.4;1452300.6;1335323.1
construction,mac,512,512,12,rgba8,candidate,oldcs,1,1144261.8,1124478.4,1147671.4,3fb58063054aaa10,1144261.8;1137746.1;1124478.4;1147671.4;1146135.2;1144996.9;1141931.6
construction,mac,512,512,12,rgba8,candidate,oldcs,2,1158183.5,1144871.9,1178343.0,3fb58063054aaa10,1171011.2;1148138.4;1145996.9;1178343.0;1144871.9;1158183.5;1171791.7
construction,mac,512,512,12,rgba8,candidate,oldcs,3,1150287.7,1129236.9,1175074.5,3fb58063054aaa10,1145708.3;1130445.2;1175074.5;1150287.7;1164628.2;1129236.9;1154800.5
construction,mac,512,512,12,rgba8,candidate,oldss,1,1252471.4,1245652.2,1281086.0,3fb58063054aaa10,1245652.2;1254630.2;1268107.6;1251055.3;1252471.4;1251376.8;1281086.0
construction,mac,512,512,12,rgba8,candidate,oldss,2,1269572.0,1251007.7,1320543.5,3fb58063054aaa10,1251007.7;1269572.0;1256388.0;1268138.9;1285967.2;1320543.5;1293842.2
construction,mac,512,512,12,rgba8,candidate,oldss,3,1287125.9,1271290.8,1311934.8,3fb58063054aaa10,1287125.9;1311934.8;1297821.8;1284666.7;1271290.8;1281910.5;1304370.6
construction,mac,512,512,12,rgba8,compare,newcc,1,739217.0,734253.0,765929.8,3fb58063054aaa10,734253.0;745565.8;765929.8;736073.2;739217.0;737578.8;742602.9
construction,mac,512,512,12,rgba8,compare,newcc,2,724350.9,718536.7,733393.8,3fb58063054aaa10,727528.6;724403.6;724350.9;733393.8;723542.7;720894.3;718536.7
construction,mac,512,512,12,rgba8,compare,newcc,3,722380.5,717417.2,745162.0,3fb58063054aaa10,720918.2;745162.0;726793.2;719831.8;725269.6;717417.2;722380.5
construction,mac,512,512,12,rgba8,compare,newcs,1,746893.5,742513.4,750726.6,3fb58063054aaa10,746893.5;744527.3;750726.6;750639.1;746009.3;742513.4;749033.4
construction,mac,512,512,12,rgba8,compare,newcs,2,734000.5,733005.6,737562.5,3fb58063054aaa10,734000.5;737562.5;737383.1;733882.6;735761.2;733606.7;733005.6
construction,mac,512,512,12,rgba8,compare,newcs,3,736875.5,729603.9,752415.1,3fb58063054aaa10,752415.1;735024.4;738663.6;745847.2;729603.9;733188.0;736875.5
construction,mac,512,512,12,rgba8,compare,newss,1,845144.7,839074.7,853000.0,3fb58063054aaa10,841375.0;853000.0;839074.7;845144.7;845561.9;844294.0;849267.0
construction,mac,512,512,12,rgba8,compare,newss,2,843285.9,829949.2,844485.5,3fb58063054aaa10,843285.9;843110.0;843584.5;829949.2;844485.5;839190.4;844380.2
construction,mac,512,512,12,rgba8,compare,newss,3,841767.4,831924.1,855308.1,3fb58063054aaa10,846382.6;841767.4;855308.1;840941.6;833940.4;831924.1;844078.1
construction,mac,512,512,12,rgba8,compare,oldcc,1,883581.5,849212.4,938421.2,3fb58063054aaa10,861054.6;849212.4;938421.2;875750.0;883581.5;910806.8;927009.0
construction,mac,512,512,12,rgba8,compare,oldcc,2,724130.5,712701.0,736852.6,3fb58063054aaa10,722892.4;736852.6;732521.3;726901.6;724130.5;712701.0;721627.0
construction,mac,512,512,12,rgba8,compare,oldcc,3,736335.9,720540.2,742864.2,3fb58063054aaa10,724976.9;740709.4;742864.2;736649.9;736335.9;720540.2;723090.9
construction,mac,512,512,12,rgba8,compare,oldcs,1,747021.6,740335.4,753938.6,3fb58063054aaa10,740742.9;740335.4;753938.6;750563.0;748592.1;747021.6;746089.5
construction,mac,512,512,12,rgba8,compare,oldcs,2,738134.1,731806.4,747389.9,3fb58063054aaa10,747389.9;738134.1;745843.6;732507.6;739675.8;731806.4;734834.3
construction,mac,512,512,12,rgba8,compare,oldcs,3,736766.3,726705.8,751360.9,3fb58063054aaa10,745794.2;751360.9;740327.2;726705.8;729726.9;732056.7;736766.3
construction,mac,512,512,12,rgba8,compare,oldss,1,840335.1,832726.6,847367.4,3fb58063054aaa10,847367.4;844146.4;846323.4;840335.1;836787.0;832726.6;839148.7
construction,mac,512,512,12,rgba8,compare,oldss,2,845606.2,838061.3,857923.2,3fb58063054aaa10,857923.2;838121.0;846569.3;838163.8;838061.3;849903.2;845606.2
construction,mac,512,512,12,rgba8,compare,oldss,3,844108.2,838126.2,853856.8,3fb58063054aaa10,853856.8;839583.3;843897.0;838126.2;848204.8;846235.3;844108.2
construction,mac,512,512,12,rgba8,pair,newcc,1,1918671.9,1849266.4,2017265.3,3fb58063054aaa10,2017265.3;1897868.5;1918671.9;1905780.0;1979349.5;1849266.4;1973969.1
construction,mac,512,512,12,rgba8,pair,newcc,2,1904226.6,1826847.2,1980732.5,3fb58063054aaa10,1880828.1;1884604.2;1826847.2;1950240.6;1904226.6;1941080.6;1980732.5
construction,mac,512,512,12,rgba8,pair,newcc,3,1946022.8,1924737.0,2046873.6,3fb58063054aaa10,1940131.7;1997737.9;1924737.0;2012572.2;1937154.6;2046873.6;1946022.8
construction,mac,512,512,12,rgba8,pair,newcs,1,1726838.1,1679994.2,1738772.6,3fb58063054aaa10,1729302.4;1726838.1;1679994.2;1709387.7;1708981.5;1727775.0;1738772.6
construction,mac,512,512,12,rgba8,pair,newcs,2,1729472.6,1696012.7,1772455.9,3fb58063054aaa10,1696012.7;1737644.1;1713012.7;1722965.5;1729472.6;1734466.7;1772455.9
construction,mac,512,512,12,rgba8,pair,newcs,3,1731589.3,1715190.5,1784017.1,3fb58063054aaa10,1731589.3;1761040.5;1728764.3;1784017.1;1715190.5;1778775.7;1723939.3
construction,mac,512,512,12,rgba8,pair,newss,1,1666291.7,1633159.9,1677135.4,3fb58063054aaa10,1670419.0;1677135.4;1654620.5;1666291.7;1648125.0;1666809.0;1633159.9
construction,mac,512,512,12,rgba8,pair,newss,2,1693712.9,1679934.0,1709490.8,3fb58063054aaa10,1693712.9;1679934.0;1702851.8;1706613.4;1709490.8;1693575.2;1691592.6
construction,mac,512,512,12,rgba8,pair,newss,3,1734319.0,1690745.4,1768553.9,3fb58063054aaa10,1690745.4;1728473.8;1734319.0;1727661.9;1763156.0;1766681.4;1768553.9
construction,mac,512,512,12,rgba8,pair,oldcc,1,1927919.3,1873378.8,2024495.8,3fb58063054aaa10,1927919.3;1873378.8;1944720.4;2024495.8;1903695.3;1937030.9;1875592.4
construction,mac,512,512,12,rgba8,pair,oldcc,2,1913386.7,1890128.9,2003591.4,3fb58063054aaa10,1972935.5;1965638.5;1897975.2;1913386.7;1890389.3;1890128.9;2003591.4
construction,mac,512,512,12,rgba8,pair,oldcc,3,1984357.5,1901279.9,2033647.2,3fb58063054aaa10,1949210.9;2033647.2;1901279.9;1987604.8;1989341.4;1984357.5;1975399.2
construction,mac,512,512,12,rgba8,pair,oldcs,1,1735085.7,1705003.5,1833765.9,3fb58063054aaa10,1766458.3;1833765.9;1735085.7;1726972.2;1718516.7;1705003.5;1785993.9
construction,mac,512,512,12,rgba8,pair,oldcs,2,1745839.3,1707053.2,1807906.9,3fb58063054aaa10,1722722.6;1766712.0;1750753.6;1745839.3;1732108.3;1807906.9;1707053.2
construction,mac,512,512,12,rgba8,pair,oldcs,3,1785131.1,1772109.1,1840965.9,3fb58063054aaa10,1783013.5;1785131.1;1772109.1;1793528.2;1840965.9;1774288.0;1806213.2
construction,mac,512,512,12,rgba8,pair,oldss,1,1689619.2,1650536.0,1700461.8,3fb58063054aaa10,1698175.9;1667114.6;1692858.8;1669593.8;1700461.8;1650536.0;1689619.2
construction,mac,512,512,12,rgba8,pair,oldss,2,1699620.4,1670140.1,1724161.9,3fb58063054aaa10,1686678.2;1670140.1;1698445.6;1716640.5;1699620.4;1702355.3;1724161.9
construction,mac,512,512,12,rgba8,pair,oldss,3,1709378.5,1667783.6,1722423.8,3fb58063054aaa10,1667783.6;1668603.6;1715166.7;1699063.7;1722423.8;1721275.4;1709378.5
construction,mac,512,512,6,rgba8,candidate,newcc,1,1245573.1,1167920.7,1310977.3,3fb58063054aaa10,1310977.3;1218247.5;1268074.6;1190009.0;1309763.6;1167920.7;1245573.1
construction,mac,512,512,6,rgba8,candidate,newcc,2,1124344.9,1102426.5,1133486.1,3fb58063054aaa10,1102426.5;1126897.4;1133486.1;1111970.7;1127349.5;1124344.9;1119814.8
construction,mac,512,512,6,rgba8,candidate,newcc,3,1216698.3,1136025.2,1283345.7,3fb58063054aaa10,1206115.0;1216698.3;1228098.7;1283345.7;1261449.7;1189143.8;1136025.2
construction,mac,512,512,6,rgba8,candidate,newcs,1,1074677.8,1070171.8,1083630.2,3fb58063054aaa10,1073939.7;1070171.8;1077055.8;1074677.8;1071285.8;1083630.2;1075101.9
construction,mac,512,512,6,rgba8,candidate,newcs,2,1062812.9,1058409.4,1069633.1,3fb58063054aaa10,1058409.4;1063179.1;1058918.1;1062296.1;1062812.9;1069633.1;1065206.1
construction,mac,512,512,6,rgba8,candidate,newcs,3,1120206.8,1078053.6,1315860.5,3fb58063054aaa10,1078053.6;1102756.8;1108132.6;1120206.8;1315860.5;1233986.4;1212972.5
construction,mac,512,512,6,rgba8,candidate,newss,1,1245363.1,1238501.7,1253435.8,3fb58063054aaa10,1253435.8;1243869.9;1245363.1;1247803.6;1240571.4;1247190.5;1238501.7
construction,mac,512,512,6,rgba8,candidate,newss,2,1297532.8,1277710.1,1314097.8,3fb58063054aaa10,1277710.1;1297532.8;1301372.3;1314097.8;1306406.7;1293445.0;1295813.8
construction,mac,512,512,6,rgba8,candidate,newss,3,1322326.1,1267671.9,1363595.4,3fb58063054aaa10,1267671.9;1274902.8;1321349.6;1332072.5;1353514.8;1363595.4;1322326.1
construction,mac,512,512,6,rgba8,candidate,oldcc,1,1096325.8,1090169.6,1124165.1,3fb58063054aaa10,1091375.0;1115686.7;1092378.0;1124165.1;1096325.8;1097573.5;1090169.6
construction,mac,512,512,6,rgba8,candidate,oldcc,2,1103547.0,1087562.5,1115369.6,3fb58063054aaa10,1113435.9;1115369.6;1100372.0;1114095.7;1103547.0;1091843.8;1087562.5
construction,mac,512,512,6,rgba8,candidate,oldcc,3,1120945.2,1095724.2,1123833.3,3fb58063054aaa10,1106081.1;1123833.3;1122562.5;1095724.2;1121384.3;1112057.9;1120945.2
construction,mac,512,512,6,rgba8,candidate,oldcs,1,1074967.2,1063728.1,1079276.8,3fb58063054aaa10,1074488.8;1079276.8;1078628.7;1074360.9;1074967.2;1063728.1;1076682.3
construction,mac,512,512,6,rgba8,candidate,oldcs,2,1092376.5,1077349.7,1107940.9,3fb58063054aaa10,1078362.3;1077349.7;1101556.1;1093250.0;1107940.9;1088401.0;1092376.5
construction,mac,512,512,6,rgba8,candidate,oldcs,3,1111137.1,1104122.7,1130804.8,3fb58063054aaa10,1104793.2;1104122.7;1107238.6;1111137.1;1116573.3;1111939.8;1130804.8
construction,mac,512,512,6,rgba8,candidate,oldss,1,1250677.1,1243689.6,1270191.9,3fb58063054aaa10,1243689.6;1249197.3;1250677.1;1253998.2;1270191.9;1257518.2;1250525.5
construction,mac,512,512,6,rgba8,candidate,oldss,2,1295283.7,1254304.7,1317387.7,3fb58063054aaa10,1254304.7;1317387.7;1301967.2;1295068.3;1299570.9;1293104.6;1295283.7
construction,mac,512,512,6,rgba8,candidate,oldss,3,1317807.1,1294233.1,1327397.6,3fb58063054aaa10,1327397.6;1317807.1;1317850.5;1294233.1;1311251.8;1322746.4;1307751.8
construction,mac,512,512,6,rgba8,compare,newcc,1,683920.0,677468.6,716799.6,3fb58063054aaa10,702620.6;677468.6;716799.6;683504.3;679724.7;683920.0;706435.8
construction,mac,512,512,6,rgba8,compare,newcc,2,650000.5,647527.8,651821.7,3fb58063054aaa10,651368.3;648922.0;650000.5;651679.7;647999.5;647527.8;651821.7
construction,mac,512,512,6,rgba8,compare,newcc,3,640969.4,638044.3,644363.9,3fb58063054aaa10,640969.4;638044.3;644363.9;640987.1;640604.6;640904.7;641904.7
construction,mac,512,512,6,rgba8,compare,newcs,1,739369.9,735260.7,742110.1,3fb58063054aaa10,738335.4;740012.7;742110.1;736722.0;739369.9;735260.7;740139.2
construction,mac,512,512,6,rgba8,compare,newcs,2,742916.1,736138.7,744916.7,3fb58063054aaa10,742022.6;743129.6;743948.6;738907.5;744916.7;736138.7;742916.1
construction,mac,512,512,6,rgba8,compare,newcs,3,765408.8,760343.9,772988.2,3fb58063054aaa10,760964.7;763386.6;769100.7;765408.8;771333.3;760343.9;772988.2
construction,mac,512,512,6,rgba8,compare,newss,1,912169.2,910750.0,915114.3,3fb58063054aaa10,912121.8;915114.3;910971.4;912169.2;910750.0;914815.0;914024.6
construction,mac,512,512,6,rgba8,compare,newss,2,910661.6,908037.3,917763.3,3fb58063054aaa10,911192.5;909852.3;917763.3;917340.9;910481.7;908037.3;910661.6
construction,mac,512,512,6,rgba8,compare,newss,3,964706.3,947430.3,975643.8,3fb58063054aaa10,959634.3;963590.0;966531.7;964706.3;966594.6;975643.8;947430.3
construction,mac,512,512,6,rgba8,compare,oldcc,1,657420.7,648173.4,661067.3,3fb58063054aaa10,660018.3;649371.0;653442.5;648173.4;659372.7;657420.7;661067.3
construction,mac,512,512,6,rgba8,compare,oldcc,2,643437.5,642211.0,647560.5,3fb58063054aaa10,642913.1;643437.5;642211.0;643711.4;647560.5;645206.1;642925.1
construction,mac,512,512,6,rgba8,compare,oldcc,3,640995.6,639777.5,643744.2,3fb58063054aaa10,641708.3;640156.9;640995.6;643002.7;639777.5;639831.1;643744.2
construction,mac,512,512,6,rgba8,compare,oldcs,1,739550.8,735903.0,742634.8,3fb58063054aaa10,742634.8;736386.7;736459.9;740015.2;735903.0;739550.8;740504.6
construction,mac,512,512,6,rgba8,compare,oldcs,2,745800.9,739484.8,749478.4,3fb58063054aaa10,739484.8;747983.0;749478.4;745510.8;744698.6;748151.2;745800.9
construction,mac,512,512,6,rgba8,compare,oldcs,3,762849.2,750240.6,768282.7,3fb58063054aaa10,750240.6;762849.2;755608.8;762734.2;764755.3;764252.1;768282.7
construction,mac,512,512,6,rgba8,compare,oldss,1,914889.5,907319.7,917132.6,3fb58063054aaa10,912214.7;913049.2;914889.5;916536.0;916784.7;917132.6;907319.7
construction,mac,512,512,6,rgba8,compare,oldss,2,908644.9,906270.5,916965.9,3fb58063054aaa10,908483.2;908644.9;912084.6;910375.0;916965.9;906270.5;906804.1
construction,mac,512,512,6,rgba8,compare,oldss,3,974967.1,952339.2,989552.6,3fb58063054aaa10,989552.6;952339.2;982758.7;974967.1;970673.4;966935.2;981177.4
construction,mac,512,512,6,rgba8,pair,newcc,1,1695988.4,1656971.8,1789876.2,3fb58063054aaa10,1699842.6;1734919.1;1695988.4;1683237.2;1667291.7;1789876.2;1656971.8
construction,mac,512,512,6,rgba8,pair,newcc,2,1622963.9,1598926.5,1655610.4,3fb58063054aaa10,1598926.5;1615641.4;1622963.9;1649630.6;1637110.4;1611478.1;1655610.4
construction,mac,512,512,6,rgba8,pair,newcc,3,1754175.0,1692603.0,1792937.5,3fb58063054aaa10,1792937.5;1723026.2;1714622.6;1789794.1;1779833.3;1692603.0;1754175.0
construction,mac,512,512,6,rgba8,pair,newcs,1,1626555.2,1559907.1,1671260.1,3fb58063054aaa10,1626555.2;1671260.1;1665342.4;1586126.1;1559907.1;1628300.7;1597349.8
construction,mac,512,512,6,rgba8,pair,newcs,2,1624488.8,1579815.8,1745702.4,3fb58063054aaa10,1579815.8;1590363.3;1659131.8;1583860.7;1640954.9;1745702.4;1624488.8
construction,mac,512,512,6,rgba8,pair,newcs,3,1704810.2,1652005.6,1758900.0,3fb58063054aaa10,1694623.9;1735415.5;1704810.2;1715475.0;1758900.0;1652005.6;1689376.2
construction,mac,512,512,6,rgba8,pair,newss,1,1581355.3,1558520.3,1581974.8,3fb58063054aaa10,1581922.2;1558520.3;1575019.2;1581355.3;1562519.2;1581936.4;1581974.8
construction,mac,512,512,6,rgba8,pair,newss,2,1628349.1,1576034.2,1643903.2,3fb58063054aaa10,1576034.2;1622727.5;1615159.0;1642211.7;1643903.2;1628349.1;1633909.9
construction,mac,512,512,6,rgba8,pair,newss,3,1684473.4,1670197.9,1705997.7,3fb58063054aaa10,1705997.7;1690998.8;1670197.9;1687248.8;1682000.0;1679891.2;1684473.4
construction,mac,512,512,6,rgba8,pair,oldcc,1,1708952.5,1607936.4,1773859.1,3fb58063054aaa10,1717719.1;1607936.4;1708952.5;1722373.8;1616280.7;1697987.3;1773859.1
construction,mac,512,512,6,rgba8,pair,oldcc,2,1730845.2,1656955.0,1793095.6,3fb58063054aaa10,1685973.4;1772163.0;1698466.4;1793095.6;1744451.2;1656955.0;1730845.2
construction,mac,512,512,6,rgba8,pair,oldcc,3,1756353.6,1711520.8,1875460.9,3fb58063054aaa10,1875460.9;1833573.2;1733607.1;1756353.6;1711520.8;1839294.2;1715029.8
construction,mac,512,512,6,rgba8,pair,oldcs,1,1634525.9,1597759.9,1698945.6,3fb58063054aaa10,1597759.9;1674586.8;1601561.4;1634525.9;1644165.5;1625210.6;1698945.6
construction,mac,512,512,6,rgba8,pair,oldcs,2,1640201.6,1610519.7,1693489.6,3fb58063054aaa10,1640201.6;1636049.6;1648502.3;1672094.9;1633320.9;1693489.6;1610519.7
construction,mac,512,512,6,rgba8,pair,oldcs,3,1678944.4,1650827.7,1789932.6,3fb58063054aaa10,1789932.6;1668412.0;1737701.2;1677976.4;1678944.4;1650827.7;1775518.4
construction,mac,512,512,6,rgba8,pair,oldss,1,1585865.1,1579794.9,1587068.0,3fb58063054aaa10,1585865.1;1586034.0;1587068.0;1580627.2;1579794.9;1586264.3;1582275.2
construction,mac,512,512,6,rgba8,pair,oldss,2,1641788.3,1604875.0,1658841.2,3fb58063054aaa10,1604875.0;1627247.7;1622534.9;1641975.2;1641788.3;1650337.8;1658841.2
construction,mac,512,512,6,rgba8,pair,oldss,3,1693561.3,1682343.8,1699614.6,3fb58063054aaa10,1693561.3;1694584.5;1698643.5;1682343.8;1699614.6;1682686.3;1684119.2
construction,linux,3840,2160,1,rgba8,candidate,newcc,1,296486569.0,296072213.0,297073033.0,3fb3e9db342ea340,296072213.0;297073033.0;296659538.0;296348357.0;296366431.0;296691690.0;296486569.0
construction,linux,3840,2160,1,rgba8,candidate,newcc,2,291170469.0,289887011.0,294048414.0,3fb3e9db342ea340,291170469.0;289887011.0;291016676.0;294048414.0;293701696.0;291173705.0;290707079.0
construction,linux,3840,2160,1,rgba8,candidate,newcc,3,292366841.0,291286619.0,293524349.0,3fb3e9db342ea340,291286619.0;292366841.0;293524349.0;292075588.0;291957112.0;292498782.0;292800694.0
construction,linux,3840,2160,1,rgba8,candidate,newcs,1,155513125.0,155132913.0,156777857.0,3fb3e9db342ea340,155598757.0;155132913.0;155450586.0;155602014.0;155513125.0;155294951.0;156777857.0
construction,linux,3840,2160,1,rgba8,candidate,newcs,2,155154852.0,154178719.0,156219735.0,3fb3e9db342ea340,155444383.0;154697213.0;155447078.0;155154852.0;154178719.0;154869701.0;156219735.0
construction,linux,3840,2160,1,rgba8,candidate,newcs,3,155965371.0,154829785.0,158930443.0,3fb3e9db342ea340,158930443.0;155530396.0;156142538.0;154829785.0;155965371.0;156513202.0;155712041.0
construction,linux,3840,2160,1,rgba8,candidate,newss,1,146122763.0,145496825.0,146982545.0,3fb3e9db342ea340,146982545.0;146235797.0;146050756.0;145598568.0;146332942.0;145496825.0;146122763.0
construction,linux,3840,2160,1,rgba8,candidate,newss,2,145786301.0,145363538.0,146417520.0,3fb3e9db342ea340,145936938.0;145786301.0;146417520.0;145774790.0;146387664.0;145363538.0;145607262.0
construction,linux,3840,2160,1,rgba8,candidate,newss,3,145889287.0,145428713.0,147397922.0,3fb3e9db342ea340,146749390.0;145428713.0;145728461.0;147397922.0;145889287.0;146383285.0;145720737.0
construction,linux,3840,2160,1,rgba8,candidate,oldcc,1,296346434.0,295817379.0,297664827.0,3fb3e9db342ea340,295858356.0;296346434.0;297043257.0;295883385.0;297664827.0;297613660.0;295817379.0
construction,linux,3840,2160,1,rgba8,candidate,oldcc,2,295485414.0,295079522.0,296566666.0,3fb3e9db342ea340,295485414.0;296500792.0;296566666.0;295298538.0;295596294.0;295126001.0;295079522.0
construction,linux,3840,2160,1,rgba8,candidate,oldcc,3,295706744.0,294559425.0,296206933.0,3fb3e9db342ea340,294559425.0;295865315.0;296206933.0;295706744.0;295457490.0;295687717.0;295904359.0
construction,linux,3840,2160,1,rgba8,candidate,oldcs,1,154695091.0,154279513.0,157348260.0,3fb3e9db342ea340,155858451.0;154279513.0;154759224.0;154317444.0;154695091.0;154370756.0;157348260.0
construction,linux,3840,2160,1,rgba8,candidate,oldcs,2,154907894.0,154305560.0,156075301.0,3fb3e9db342ea340,155564530.0;154305560.0;154750575.0;154629064.0;155028613.0;154907894.0;156075301.0
construction,linux,3840,2160,1,rgba8,candidate,oldcs,3,154944493.0,154665112.0,155879238.0,3fb3e9db342ea340,155422981.0;154711350.0;154665112.0;154724104.0;154944493.0;155617080.0;155879238.0
construction,linux,3840,2160,1,rgba8,candidate,oldss,1,145578840.0,145313536.0,146883167.0,3fb3e9db342ea340,145313536.0;146883167.0;146168630.0;145578840.0;146328955.0;145474552.0;145529867.0
construction,linux,3840,2160,1,rgba8,candidate,oldss,2,145655413.0,145296461.0,146017361.0,3fb3e9db342ea340,145392674.0;146017361.0;145667415.0;145296461.0;145655413.0;145770581.0;145624073.0
construction,linux,3840,2160,1,rgba8,candidate,oldss,3,145311399.0,145119104.0,147428169.0,3fb3e9db342ea340,147428169.0;145271113.0;145311399.0;145622911.0;145132240.0;145357016.0;145119104.0
construction,linux,3840,2160,1,rgba8,compare,newcc,1,90511919.0,89991782.0,91269318.0,3fb3e9db342ea340,91269318.0;90301200.0;90943289.0;89991782.0;91003773.0;90262646.0;90511919.0
construction,linux,3840,2160,1,rgba8,compare,newcc,2,90966958.0,89731432.0,91230308.0,3fb3e9db342ea340,90966958.0;90253182.0;91230308.0;90229347.0;90976135.0;89731432.0;91058001.0
construction,linux,3840,2160,1,rgba8,compare,newcc,3,90294641.0,89778852.0,90775234.0,3fb3e9db342ea340,90294641.0;90374242.0;90216783.0;89838876.0;90311313.0;89778852.0;90775234.0
construction,linux,3840,2160,1,rgba8,compare,newcs,1,60130496.0,60032289.5,62055872.0,3fb3e9db342ea340,60070001.0;60130496.0;60357117.0;60059902.0;60032289.5;61308363.0;62055872.0
construction,linux,3840,2160,1,rgba8,compare,newcs,2,62112483.0,61858170.0,62268469.0,3fb3e9db342ea340,62268469.0;62117632.0;62229345.0;61858170.0;62000070.0;62062618.0;62112483.0
construction,linux,3840,2160,1,rgba8,compare,newcs,3,61369341.0,61290712.0,63581572.0,3fb3e9db342ea340,61331540.0;61290712.0;61314618.0;61369341.0;61426590.0;63581572.0;62933082.0
construction,linux,3840,2160,1,rgba8,compare,newss,1,71002572.0,70396942.0,73254889.0,3fb3e9db342ea340,70917571.0;71002572.0;71030555.0;70396942.0;70955423.0;73254889.0;71122860.0
construction,linux,3840,2160,1,rgba8,compare,newss,2,71465134.0,71090552.0,71758952.0,3fb3e9db342ea340,71758952.0;71513676.0;71623915.0;71465134.0;71129616.0;71323986.0;71090552.0
construction,linux,3840,2160,1,rgba8,compare,newss,3,71107324.0,70963792.0,71499630.0,3fb3e9db342ea340,71499630.0;71107324.0;70963792.0;71145237.0;71354353.0;71009168.0;71095772.0
construction,linux,3840,2160,1,rgba8,compare,oldcc,1,90780860.0,90335826.0,91047256.0,3fb3e9db342ea340,91047256.0;90760071.0;90803042.0;90335826.0;90780860.0;90671893.0;90945874.0
construction,linux,3840,2160,1,rgba8,compare,oldcc,2,90429378.0,90048033.0,91801924.0,3fb3e9db342ea340,91454404.0;90429378.0;91801924.0;90048033.0;91115490.0;90353493.0;90328556.0
construction,linux,3840,2160,1,rgba8,compare,oldcc,3,90225991.0,89213429.0,90806373.0,3fb3e9db342ea340,90518837.0;89732464.0;90744546.0;89777359.0;90806373.0;89213429.0;90225991.0
construction,linux,3840,2160,1,rgba8,compare,oldcs,1,62432317.0,62142467.0,62883795.0,3fb3e9db342ea340,62142467.0;62305747.0;62883795.0;62729201.0;62717599.0;62384656.0;62432317.0
construction,linux,3840,2160,1,rgba8,compare,oldcs,2,61162839.0,60934736.0,61528063.0,3fb3e9db342ea340,61299248.0;61162839.0;61528063.0;61210981.0;60975304.0;60990092.0;60934736.0
construction,linux,3840,2160,1,rgba8,compare,oldcs,3,61196463.0,60941660.0,62549833.0,3fb3e9db342ea340,60941660.0;61196463.0;60992696.0;61270394.0;61105531.0;62036960.0;62549833.0
construction,linux,3840,2160,1,rgba8,compare,oldss,1,71367895.0,71259600.0,71672584.0,3fb3e9db342ea340,71259600.0;71340744.0;71672584.0;71615717.0;71377734.0;71263898.0;71367895.0
construction,linux,3840,2160,1,rgba8,compare,oldss,2,71481966.0,71028605.0,71834435.0,3fb3e9db342ea340,71028605.0;71313166.0;71107995.0;71614468.0;71834435.0;71572207.0;71481966.0
construction,linux,3840,2160,1,rgba8,compare,oldss,3,71014087.0,70801013.0,71512294.0,3fb3e9db342ea340,70801013.0;71512294.0;70967739.0;71014087.0;71098737.0;71020720.0;70991965.0
construction,linux,3840,2160,1,rgba8,pair,newcc,1,385907337.0,256268877.0,389996673.0,3fb3e9db342ea340,389996673.0;386046281.0;387706474.0;385907337.0;365321335.0;256893584.0;256268877.0
construction,linux,3840,2160,1,rgba8,pair,newcc,2,384279595.0,256600450.0,390103826.0,3fb3e9db342ea340,390103826.0;384279595.0;386612455.0;386385394.0;363164497.0;256600450.0;256988497.0
construction,linux,3840,2160,1,rgba8,pair,newcc,3,386671196.0,258175179.0,391999365.0,3fb3e9db342ea340,391999365.0;386671196.0;387032102.0;387740247.0;363037236.0;258264169.0;258175179.0
construction,linux,3840,2160,1,rgba8,pair,newcs,1,232047933.0,217147918.0,234231960.0,3fb3e9db342ea340,234034285.0;233775133.0;234231960.0;232047933.0;217771772.0;217147918.0;217844511.0
construction,linux,3840,2160,1,rgba8,pair,newcs,2,230936704.0,217431617.0,235076455.0,3fb3e9db342ea340,235076455.0;234478670.0;233948774.0;230936704.0;217431617.0;219568595.0;217580661.0
construction,linux,3840,2160,1,rgba8,pair,newcs,3,230956171.0,217027360.0,234465966.0,3fb3e9db342ea340,234465966.0;234273520.0;234041620.0;230956171.0;217027360.0;217547538.0;217082374.0
construction,linux,3840,2160,1,rgba8,pair,newss,1,185630918.0,183953623.0,187687965.0,3fb3e9db342ea340,187468408.0;183996674.0;184099270.0;185630918.0;187687965.0;186264691.0;183953623.0
construction,linux,3840,2160,1,rgba8,pair,newss,2,184334986.0,183230228.0,184993367.0,3fb3e9db342ea340,184310801.0;184641549.0;184147630.0;184993367.0;184334986.0;183230228.0;184733032.0
construction,linux,3840,2160,1,rgba8,pair,newss,3,183212253.0,182374293.0,183793247.0,3fb3e9db342ea340,183269873.0;183317424.0;182973761.0;183212253.0;182374293.0;182777558.0;183793247.0
construction,linux,3840,2160,1,rgba8,pair,oldcc,1,385931824.0,256790889.0,390252338.0,3fb3e9db342ea340,390252338.0;385931824.0;386017046.0;387729488.0;364590978.0;256790889.0;257408461.0
construction,linux,3840,2160,1,rgba8,pair,oldcc,2,385720542.0,257045405.0,390040134.0,3fb3e9db342ea340,390040134.0;385720542.0;386322454.0;386509660.0;363149448.0;257045405.0;258224704.0
construction,linux,3840,2160,1,rgba8,pair,oldcc,3,385853294.0,257204848.0,391836917.0,3fb3e9db342ea340,391836917.0;386228396.0;385853294.0;388026550.0;362550081.0;259118672.0;257204848.0
construction,linux,3840,2160,1,rgba8,pair,oldcs,1,229975057.0,221183742.0,233483809.0,3fb3e9db342ea340,232071778.0;231941772.0;233483809.0;229975057.0;221183742.0;221349507.0;221822114.0
construction,linux,3840,2160,1,rgba8,pair,oldcs,2,231568122.0,217062927.0,235220288.0,3fb3e9db342ea340,233443403.0;235220288.0;233810471.0;231568122.0;217062927.0;217423913.0;218023741.0
construction,linux,3840,2160,1,rgba8,pair,oldcs,3,230636954.0,217245193.0,233483510.0,3fb3e9db342ea340,232564515.0;233483510.0;233426753.0;230636954.0;217245193.0;217358038.0;217914765.0
construction,linux,3840,2160,1,rgba8,pair,oldss,1,187121779.0,185582486.0,189509724.0,3fb3e9db342ea340,186497243.0;186463388.0;187436217.0;189509724.0;187471192.0;187121779.0;185582486.0
construction,linux,3840,2160,1,rgba8,pair,oldss,2,183348983.0,182687207.0,184106863.0,3fb3e9db342ea340,183348983.0;184038573.0;182687207.0;183282146.0;183270395.0;184106863.0;183578570.0
construction,linux,3840,2160,1,rgba8,pair,oldss,3,183579321.0,182926511.0,184381213.0,3fb3e9db342ea340,183480874.0;183976085.0;183875453.0;184381213.0;183508517.0;182926511.0;183579321.0
construction,linux,3840,2160,6,rgba8,candidate,newcc,1,121197471.0,115318927.0,141810715.0,3fb3e9db342ea340,118287755.0;120721687.0;141810715.0;126331991.0;121891659.0;121197471.0;115318927.0
construction,linux,3840,2160,6,rgba8,candidate,newcc,2,130346260.0,119388431.0,136493213.0,3fb3e9db342ea340,136493213.0;131290223.0;134556696.0;119388431.0;120889311.0;130346260.0;128520202.0
construction,linux,3840,2160,6,rgba8,candidate,newcc,3,124775121.0,121155166.0,130888891.0,3fb3e9db342ea340,128425212.0;130888891.0;124775121.0;123498807.0;128283733.0;121155166.0;123372127.0
construction,linux,3840,2160,6,rgba8,candidate,newcs,1,54530917.5,52263607.5,63198181.0,3fb3e9db342ea340,63198181.0;52408833.0;57110932.5;57291354.5;52263607.5;53872973.0;54530917.5
construction,linux,3840,2160,6,rgba8,candidate,newcs,2,48055288.0,45714593.0,62459321.0,3fb3e9db342ea340,45714593.0;48052137.0;50633098.0;62459321.0;48055288.0;46684023.5;52546241.0
construction,linux,3840,2160,6,rgba8,candidate,newcs,3,61535618.0,46079716.5,62068930.0,3fb3e9db342ea340,61054484.0;61535618.0;46079716.5;46152379.5;62068930.0;61946648.0;61955064.0
construction,linux,3840,2160,6,rgba8,candidate,newss,1,38312564.5,37118211.5,48612484.0,3fb3e9db342ea340,38312564.5;39224806.5;38915985.5;38111137.0;37118211.5;37935884.0;48612484.0
construction,linux,3840,2160,6,rgba8,candidate,newss,2,39190614.0,37145384.5,48117361.0,3fb3e9db342ea340,48117361.0;39190614.0;41454858.5;38831927.5;38660086.5;40487055.5;37145384.5
construction,linux,3840,2160,6,rgba8,candidate,newss,3,47521284.0,45263536.5,50187883.0,3fb3e9db342ea340,45861016.0;48879418.0;45263536.5;48867410.5;50187883.0;46834469.5;47521284.0
construction,linux,3840,2160,6,rgba8,candidate,oldcc,1,129986741.0,123590956.0,132190506.0,3fb3e9db342ea340,132190506.0;129986741.0;128370913.0;123590956.0;124661058.0;130934090.0;130194316.0
construction,linux,3840,2160,6,rgba8,candidate,oldcc,2,121620049.0,117428238.0,124795850.0,3fb3e9db342ea340,117428238.0;119888261.0;120394902.0;124088707.0;124443751.0;121620049.0;124795850.0
construction,linux,3840,2160,6,rgba8,candidate,oldcc,3,131117374.0,122376826.0,140313358.0,3fb3e9db342ea340,131179804.0;140313358.0;130398259.0;131117374.0;122376826.0;133785832.0;123641968.0
construction,linux,3840,2160,6,rgba8,candidate,oldcs,1,58571080.0,55572961.5,65604141.0,3fb3e9db342ea340,60397899.0;55946431.0;55572961.5;56319338.5;62031917.0;65604141.0;58571080.0
construction,linux,3840,2160,6,rgba8,candidate,oldcs,2,56694023.0,55033224.5,61952469.0,3fb3e9db342ea340,61952469.0;58421584.0;55033224.5;55152305.5;56481594.5;61351934.0;56694023.0
construction,linux,3840,2160,6,rgba8,candidate,oldcs,3,52777370.5,50011919.0,65126075.0,3fb3e9db342ea340,52777370.5;50768114.5;50879521.0;50011919.0;63283216.0;61256497.0;65126075.0
construction,linux,3840,2160,6,rgba8,candidate,oldss,1,50785615.5,49282561.5,53166522.0,3fb3e9db342ea340,53166522.0;52584657.0;51186421.5;49282561.5;50186507.5;50785615.5;50356681.0
construction,linux,3840,2160,6,rgba8,candidate,oldss,2,50591414.5,45557885.5,64514464.0,3fb3e9db342ea340,64514464.0;49658217.0;45557885.5;50591414.5;50915610.0;61667819.0;50552721.0
construction,linux,3840,2160,6,rgba8,candidate,oldss,3,41096262.5,37403811.0,44681396.0,3fb3e9db342ea340,41003090.5;44681396.0;41096262.5;41649713.5;37403811.0;37632735.0;44283951.0
construction,linux,3840,2160,6,rgba8,compare,newcc,1,51771462.5,45826373.0,57667208.5,3fb3e9db342ea340,51304065.0;52124333.0;51771462.5;51601956.0;57667208.5;57145878.5;45826373.0
construction,linux,3840,2160,6,rgba8,compare,newcc,2,56107940.0,51302805.5,62209117.0,3fb3e9db342ea340,60098783.5;56107940.0;51302805.5;55474903.0;62209117.0;52285646.5;57548090.0
construction,linux,3840,2160,6,rgba8,compare,newcc,3,47229289.5,44908156.5,52354066.0,3fb3e9db342ea340,52354066.0;48289317.5;44908156.5;47229289.5;45880864.0;51527236.5;45294811.0
construction,linux,3840,2160,6,rgba8,compare,newcs,1,22648562.3,21930288.3,24909986.7,3fb3e9db342ea340,24909986.7;22006987.3;22257289.3;22648562.3;22775824.0;21930288.3;22782693.7
construction,linux,3840,2160,6,rgba8,compare,newcs,2,22495753.3,21881587.0,22725389.3,3fb3e9db342ea340,22465923.3;22548940.7;22624631.3;21881587.0;22725389.3;22450671.0;22495753.3
construction,linux,3840,2160,6,rgba8,compare,newcs,3,22634249.7,22315691.3,22858311.7,3fb3e9db342ea340,22526959.0;22634249.7;22690977.3;22841727.0;22395963.7;22858311.7;22315691.3
construction,linux,3840,2160,6,rgba8,compare,newss,1,29070951.7,27873347.3,30354212.0,3fb3e9db342ea340,28969181.7;28952189.3;29070951.7;27873347.3;29086544.3;30354212.0;29122843.3
construction,linux,3840,2160,6,rgba8,compare,newss,2,21176955.7,20867006.7,21991485.7,3fb3e9db342ea340,20867006.7;21138282.0;21176955.7;21991485.7;21584265.7;21173846.3;21183805.3
construction,linux,3840,2160,6,rgba8,compare,newss,3,26489918.3,21284112.3,30783764.0,3fb3e9db342ea340,21284112.3;21309206.7;22164156.7;26489918.3;28681800.7;30783764.0;29475888.7
construction,linux,3840,2160,6,rgba8,compare,oldcc,1,53537566.0,43776936.0,61725305.0,3fb3e9db342ea340,52257921.5;50464841.5;57376752.0;61725305.0;43776936.0;57981530.0;53537566.0
construction,linux,3840,2160,6,rgba8,compare,oldcc,2,48186086.5,46581634.5,52341467.5,3fb3e9db342ea340,52341467.5;51223895.0;47912512.0;48186086.5;46581634.5;50333609.5;47223308.0
construction,linux,3840,2160,6,rgba8,compare,oldcc,3,44696590.0,43615727.5,47153630.5,3fb3e9db342ea340,45298823.5;47153630.5;44696590.0;43668277.0;47141558.0;44432473.5;43615727.5
construction,linux,3840,2160,6,rgba8,compare,oldcs,1,22514451.0,22370501.0,22622346.0,3fb3e9db342ea340,22514451.0;22606552.7;22622346.0;22472007.0;22370501.0;22619580.7;22494643.3
construction,linux,3840,2160,6,rgba8,compare,oldcs,2,22262770.7,22196805.7,22502462.7,3fb3e9db342ea340,22502462.7;22262770.7;22238922.3;22287073.7;22244536.3;22381085.7;22196805.7
construction,linux,3840,2160,6,rgba8,compare,oldcs,3,22342602.3,21774981.3,22642879.0,3fb3e9db342ea340,22342602.3;21774981.3;22175592.0;22423890.0;22642879.0;22376206.3;22189495.0
construction,linux,3840,2160,6,rgba8,compare,oldss,1,24715484.3,23789659.0,25257082.7,3fb3e9db342ea340,25257082.7;23910966.3;24769783.7;24715484.3;24898414.7;23789659.0;24529056.7
construction,linux,3840,2160,6,rgba8,compare,oldss,2,20929154.7,20587670.0,21750872.0,3fb3e9db342ea340,21629207.7;20929154.7;20635477.0;20587670.0;21655855.0;21750872.0;20907063.0
construction,linux,3840,2160,6,rgba8,compare,oldss,3,21493159.3,20686083.3,21932754.3,3fb3e9db342ea340,21604390.7;21932754.3;20686083.3;21541140.7;21292561.7;21493159.3;21170937.3
construction,linux,3840,2160,6,rgba8,pair,newcc,1,185630567.0,178691069.0,196478077.0,3fb3e9db342ea340,181964746.0;178691069.0;196478077.0;193946549.0;182749046.0;186973347.0;185630567.0
construction,linux,3840,2160,6,rgba8,pair,newcc,2,204230979.0,199379716.0,219390527.0,3fb3e9db342ea340,212135630.0;219390527.0;206060153.0;199379716.0;204230979.0;200272201.0;201576298.0
construction,linux,3840,2160,6,rgba8,pair,newcc,3,214105351.0,199818410.0,218418881.0,3fb3e9db342ea340,207013904.0;210978412.0;199818410.0;218383094.0;214105351.0;216225798.0;218418881.0
construction,linux,3840,2160,6,rgba8,pair,newcs,1,108641718.0,93591668.0,118397303.0,3fb3e9db342ea340,118163860.0;93591668.0;105579723.0;106536811.0;108641718.0;109453880.0;118397303.0
construction,linux,3840,2160,6,rgba8,pair,newcs,2,100623456.0,94516168.0,116139792.0,3fb3e9db342ea340,116139792.0;114015889.0;101833123.0;94516168.0;100623456.0;96884646.0;97703691.0
construction,linux,3840,2160,6,rgba8,pair,newcs,3,113992794.0,105897812.0,123182476.0,3fb3e9db342ea340,115701379.0;113992794.0;107408691.0;123182476.0;105897812.0;110221173.0;116521166.0
construction,linux,3840,2160,6,rgba8,pair,newss,1,72603843.0,65275467.0,77582807.0,3fb3e9db342ea340,66368753.0;65275467.0;69658640.0;73017719.0;74588962.0;77582807.0;72603843.0
construction,linux,3840,2160,6,rgba8,pair,newss,2,59640082.5,54810160.5,64764981.0,3fb3e9db342ea340,64764981.0;58356164.5;63222661.0;61533623.0;56610434.5;54810160.5;59640082.5
construction,linux,3840,2160,6,rgba8,pair,newss,3,62828432.0,54760491.5,78192279.0,3fb3e9db342ea340,78192279.0;60525269.0;62828432.0;76972382.0;62931599.0;59570776.0;54760491.5
construction,linux,3840,2160,6,rgba8,pair,oldcc,1,171274666.0,163815140.0,191948525.0,3fb3e9db342ea340,191686638.0;191948525.0;164686405.0;163815140.0;172792037.0;171274666.0;168743439.0
construction,linux,3840,2160,6,rgba8,pair,oldcc,2,179472181.0,173080964.0,191794422.0,3fb3e9db342ea340,191794422.0;175642259.0;187095639.0;173080964.0;179472181.0;176740443.0;185573848.0
construction,linux,3840,2160,6,rgba8,pair,oldcc,3,178719383.0,170370177.0,189935602.0,3fb3e9db342ea340,183412234.0;189935602.0;178612459.0;184499578.0;175351947.0;170370177.0;178719383.0
construction,linux,3840,2160,6,rgba8,pair,oldcs,1,118343551.0,102975317.0,124356119.0,3fb3e9db342ea340,122390877.0;124356119.0;122789904.0;118343551.0;114643896.0;107359162.0;102975317.0
construction,linux,3840,2160,6,rgba8,pair,oldcs,2,114029975.0,99343074.0,122810349.0,3fb3e9db342ea340,122810349.0;102967327.0;113630347.0;114029975.0;117304073.0;99343074.0;114081353.0
construction,linux,3840,2160,6,rgba8,pair,oldcs,3,120336712.0,114497723.0,126668516.0,3fb3e9db342ea340,122853471.0;117459248.0;119645239.0;126668516.0;114497723.0;123345505.0;120336712.0
construction,linux,3840,2160,6,rgba8,pair,oldss,1,58766941.5,54138492.5,64315543.5,3fb3e9db342ea340,62619853.0;58766941.5;64315543.5;54800254.0;60241998.0;54138492.5;54881964.5
construction,linux,3840,2160,6,rgba8,pair,oldss,2,70485604.0,61391844.0,76089756.0,3fb3e9db342ea340,65434326.5;61856031.0;70938444.0;76089756.0;70485604.0;75951884.0;61391844.0
construction,linux,3840,2160,6,rgba8,pair,oldss,3,61956818.0,59369624.0,67960639.0,3fb3e9db342ea340,61291825.0;67275207.0;67960639.0;60980263.0;59369624.0;67384555.0;61956818.0
construction,linux,512,512,1,rgba8,candidate,newcc,1,2966717.0,2956751.0,2974241.8,3fb58062a905a380,2960950.9;2956751.0;2970640.2;2959147.4;2973500.4;2966717.0;2974241.8
construction,linux,512,512,1,rgba8,candidate,newcc,2,3008710.6,2993967.5,3027162.1,3fb58062a905a380,3002378.6;3022141.1;3027162.1;3000831.6;3008710.6;3011409.7;2993967.5
construction,linux,512,512,1,rgba8,candidate,newcc,3,2990427.0,2966036.4,2998458.4,3fb58062a905a380,2993915.5;2998458.4;2986867.4;2980843.0;2990427.0;2991537.2;2966036.4
construction,linux,512,512,1,rgba8,candidate,newcs,1,3134836.0,3126542.8,3141833.7,3fb58062a905a380,3126542.8;3130580.4;3137445.4;3126959.5;3136881.3;3141833.7;3134836.0
construction,linux,512,512,1,rgba8,candidate,newcs,2,3128650.4,3123497.6,3162815.7,3fb58062a905a380,3144982.9;3162815.7;3127783.8;3128650.4;3128675.5;3123783.1;3123497.6
construction,linux,512,512,1,rgba8,candidate,newcs,3,3116996.2,3102139.5,3148038.7,3fb58062a905a380,3116996.2;3147102.0;3132683.0;3102139.5;3148038.7;3116375.6;3105017.5
construction,linux,512,512,1,rgba8,candidate,newss,1,3591597.4,3546412.2,3603696.8,3fb58062a905a380,3546412.2;3603696.8;3584965.4;3595605.0;3592158.5;3585079.1;3591597.4
construction,linux,512,512,1,rgba8,candidate,newss,2,3608087.7,3562564.2,3619989.7,3fb58062a905a380,3562564.2;3618902.4;3603852.1;3619989.7;3606830.6;3610448.1;3608087.7
construction,linux,512,512,1,rgba8,candidate,newss,3,3615222.5,3565436.7,3634965.8,3fb58062a905a380,3565436.7;3617038.8;3634965.8;3608829.7;3615222.5;3605428.6;3616886.2
construction,linux,512,512,1,rgba8,candidate,oldcc,1,2996223.0,2983982.2,3034592.6,3fb58062a905a380,3006248.2;2986127.8;2996223.0;2983982.2;2995938.2;3034592.6;3031080.4
construction,linux,512,512,1,rgba8,candidate,oldcc,2,3010314.1,2982247.7,3019633.4,3fb58062a905a380,3000049.1;3012273.4;3016532.5;2993214.7;3010314.1;3019633.4;2982247.7
construction,linux,512,512,1,rgba8,candidate,oldcc,3,2987566.8,2968991.5,3010478.0,3fb58062a905a380,3010478.0;2994603.0;2968991.5;2986198.0;2987566.8;2984568.7;2991524.3
construction,linux,512,512,1,rgba8,candidate,oldcs,1,3109077.5,3098125.2,3120638.5,3fb58062a905a380,3098125.2;3120284.9;3115144.1;3120638.5;3105602.5;3109077.5;3103602.6
construction,linux,512,512,1,rgba8,candidate,oldcs,2,3115408.8,3111107.0,3127858.9,3fb58062a905a380,3126314.5;3126047.0;3112045.4;3127858.9;3115408.8;3114830.1;3111107.0
construction,linux,512,512,1,rgba8,candidate,oldcs,3,3104630.2,3097907.0,3150636.6,3fb58062a905a380,3150636.6;3104630.2;3100405.7;3101584.5;3124646.8;3145731.3;3097907.0
construction,linux,512,512,1,rgba8,candidate,oldss,1,3643599.1,3585992.6,3650195.7,3fb58062a905a380,3585992.6;3643599.1;3644480.2;3648400.0;3633247.1;3650195.7;3631769.0
construction,linux,512,512,1,rgba8,candidate,oldss,2,3625989.9,3583073.8,3642217.9,3fb58062a905a380,3583073.8;3639116.6;3621488.5;3637623.2;3625989.9;3642217.9;3619194.1
construction,linux,512,512,1,rgba8,candidate,oldss,3,3624510.7,3570801.0,3706285.4,3fb58062a905a380,3570801.0;3671618.9;3706285.4;3624510.7;3629639.8;3609651.9;3613510.9
construction,linux,512,512,1,rgba8,compare,newcc,1,1153872.1,1142108.8,1180204.9,3fb58062a905a380,1180204.9;1165495.4;1150643.9;1153872.1;1142108.8;1153715.8;1153924.7
construction,linux,512,512,1,rgba8,compare,newcc,2,1142463.5,1139010.0,1147005.2,3fb58062a905a380,1139010.0;1141856.9;1142312.5;1147005.2;1142463.5;1146421.6;1143577.2
construction,linux,512,512,1,rgba8,compare,newcc,3,1142515.9,1138288.4,1176996.9,3fb58062a905a380,1157354.4;1176996.9;1159708.5;1138966.1;1138288.4;1139989.4;1142515.9
construction,linux,512,512,1,rgba8,compare,newcs,1,2104382.4,2073577.0,2139863.5,3fb58062a905a380,2090309.8;2104382.4;2139863.5;2135621.7;2120981.1;2092862.2;2073577.0
construction,linux,512,512,1,rgba8,compare,newcs,2,2111236.6,2082736.9,2130325.9,3fb58062a905a380,2083708.8;2112165.5;2120851.3;2099504.9;2130325.9;2111236.6;2082736.9
construction,linux,512,512,1,rgba8,compare,newcs,3,2088459.5,2078796.3,2098890.7,3fb58062a905a380,2098890.7;2087260.3;2078796.3;2088459.5;2088042.5;2088565.9;2091088.6
construction,linux,512,512,1,rgba8,compare,newss,1,2544066.1,2535353.3,2590427.5,3fb58062a905a380,2590427.5;2544066.1;2538612.5;2535353.3;2580170.1;2547109.8;2543280.5
construction,linux,512,512,1,rgba8,compare,newss,2,2535646.1,2526576.8,2578386.8,3fb58062a905a380,2578386.8;2546082.1;2541360.7;2534955.2;2526716.6;2526576.8;2535646.1
construction,linux,512,512,1,rgba8,compare,newss,3,2560044.1,2546675.0,2607696.2,3fb58062a905a380,2607696.2;2550369.0;2576959.5;2560044.1;2546675.0;2552321.1;2565297.8
construction,linux,512,512,1,rgba8,compare,oldcc,1,1152131.9,1145630.3,1156529.2,3fb58062a905a380,1156529.2;1149737.9;1154187.4;1145630.3;1152219.6;1152131.9;1147053.2
construction,linux,512,512,1,rgba8,compare,oldcc,2,1152215.8,1147026.7,1157947.0,3fb58062a905a380,1151654.8;1151305.2;1157947.0;1154010.1;1147026.7;1152215.8;1153325.3
construction,linux,512,512,1,rgba8,compare,oldcc,3,1146265.7,1141156.1,1150322.8,3fb58062a905a380,1143734.2;1141156.1;1147146.4;1146265.7;1143438.0;1150322.8;1149061.7
construction,linux,512,512,1,rgba8,compare,oldcs,1,2083217.3,2076044.1,2096154.3,3fb58062a905a380,2096154.3;2083766.7;2076044.1;2088743.4;2082336.7;2083217.3;2079958.1
construction,linux,512,512,1,rgba8,compare,oldcs,2,2102415.0,2098424.9,2131169.6,3fb58062a905a380,2114969.8;2131169.6;2115884.7;2098424.9;2102415.0;2098642.9;2099492.5
construction,linux,512,512,1,rgba8,compare,oldcs,3,2097805.9,2082189.3,2115918.2,3fb58062a905a380,2086845.7;2102058.1;2108801.9;2093995.9;2082189.3;2097805.9;2115918.2
construction,linux,512,512,1,rgba8,compare,oldss,1,2564741.6,2552161.9,2596020.6,3fb58062a905a380,2596020.6;2562769.1;2577700.8;2564741.6;2553948.6;2552161.9;2568705.4
construction,linux,512,512,1,rgba8,compare,oldss,2,2560771.7,2546641.1,2603333.4,3fb58062a905a380,2603333.4;2560771.7;2555902.9;2558570.9;2546641.1;2568588.2;2564551.8
construction,linux,512,512,1,rgba8,compare,oldss,3,2555131.4,2549217.2,2740073.5,3fb58062a905a380,2740073.5;2560979.6;2552012.6;2555131.4;2549217.2;2553322.1;2571707.9
construction,linux,512,512,1,rgba8,pair,newcc,1,5021904.8,5002817.7,5064331.2,3fb58062a905a380,5021981.6;5010108.2;5064331.2;5021904.8;5013892.0;5046581.7;5002817.7
construction,linux,512,512,1,rgba8,pair,newcc,2,5047370.8,5009758.7,5105431.1,3fb58062a905a380,5080370.2;5105431.1;5033103.8;5047370.8;5022311.6;5048069.7;5009758.7
construction,linux,512,512,1,rgba8,pair,newcc,3,4994307.4,4984366.2,5049663.6,3fb58062a905a380,5049663.6;4994307.4;4991839.6;5010534.3;4984366.2;4989562.2;5007668.1
construction,linux,512,512,1,rgba8,pair,newcs,1,4865371.5,4833968.1,4978924.1,3fb58062a905a380,4978924.1;4865371.5;4874196.8;4840858.0;4833968.1;4881661.7;4850675.9
construction,linux,512,512,1,rgba8,pair,newcs,2,4860694.4,4840879.1,4873622.0,3fb58062a905a380,4869458.8;4873622.0;4861260.9;4850680.8;4840879.1;4841253.6;4860694.4
construction,linux,512,512,1,rgba8,pair,newcs,3,4887297.2,4838916.1,4945063.8,3fb58062a905a380,4894527.8;4945063.8;4878786.5;4838916.1;4888784.6;4887297.2;4839878.0
construction,linux,512,512,1,rgba8,pair,newss,1,4661989.9,4648150.5,4700103.1,3fb58062a905a380,4649389.8;4696638.0;4648150.5;4661989.9;4649837.6;4700103.1;4695493.5
construction,linux,512,512,1,rgba8,pair,newss,2,4634866.3,4624160.6,4673169.1,3fb58062a905a380,4628167.5;4649833.2;4673169.1;4634866.3;4635807.4;4628495.8;4624160.6
construction,linux,512,512,1,rgba8,pair,newss,3,4645234.5,4628716.2,4670726.7,3fb58062a905a380,4645234.5;4647674.5;4658256.9;4670726.7;4633526.2;4637868.9;4628716.2
construction,linux,512,512,1,rgba8,pair,oldcc,1,5009061.2,4977618.5,5042245.1,3fb58062a905a380,4979371.0;5039699.4;5032182.7;4995266.6;4977618.5;5009061.2;5042245.1
construction,linux,512,512,1,rgba8,pair,oldcc,2,5036213.1,5014061.8,5050910.1,3fb58062a905a380,5046675.4;5036213.1;5022801.8;5050910.1;5014425.8;5014061.8;5048131.5
construction,linux,512,512,1,rgba8,pair,oldcc,3,5010968.5,4988678.2,5035555.1,3fb58062a905a380,5025806.6;5009068.1;5035555.1;5024346.3;5010968.5;4988678.2;5005567.3
construction,linux,512,512,1,rgba8,pair,oldcs,1,4834038.9,4819724.8,4864654.0,3fb58062a905a380,4819724.8;4861568.2;4833210.5;4851993.8;4826376.7;4864654.0;4834038.9
construction,linux,512,512,1,rgba8,pair,oldcs,2,4882394.1,4853196.3,4897240.7,3fb58062a905a380,4888444.0;4876411.2;4853196.3;4883660.3;4882394.1;4897240.7;4853883.1
construction,linux,512,512,1,rgba8,pair,oldcs,3,4843661.3,4836337.4,4866464.6,3fb58062a905a380,4843661.3;4838220.9;4844076.0;4853764.3;4838095.3;4836337.4;4866464.6
construction,linux,512,512,1,rgba8,pair,oldss,1,4657746.5,4645492.5,4704168.5,3fb58062a905a380,4645492.5;4663193.0;4657741.1;4656715.2;4657746.5;4704168.5;4669518.8
construction,linux,512,512,1,rgba8,pair,oldss,2,4655909.4,4635986.9,4680817.4,3fb58062a905a380,4635986.9;4655909.4;4680817.4;4664253.7;4649424.8;4665254.8;4648495.3
construction,linux,512,512,1,rgba8,pair,oldss,3,4675765.5,4647245.2,4718415.0,3fb58062a905a380,4686956.0;4718415.0;4675765.5;4647245.2;4667049.7;4680850.5;4670947.2
construction,linux,512,512,6,rgba8,candidate,newcc,1,1114340.0,1100650.6,1132845.0,3fb58062a905a380,1112553.3;1132845.0;1116409.5;1100650.6;1106254.4;1117378.9;1114340.0
construction,linux,512,512,6,rgba8,candidate,newcc,2,1127974.6,1118068.2,1142745.4,3fb58062a905a380,1131316.9;1118068.2;1118717.6;1120053.9;1142745.4;1127974.6;1129369.3
construction,linux,512,512,6,rgba8,candidate,newcc,3,1117042.6,1116457.9,1130905.8,3fb58062a905a380,1125513.1;1130905.8;1116457.9;1116613.1;1122600.7;1117042.6;1116998.2
construction,linux,512,512,6,rgba8,candidate,newcs,1,930574.1,928688.5,933388.6,3fb58062a905a380,928688.5;930574.1;933169.0;930333.1;931314.2;929359.1;933388.6
construction,linux,512,512,6,rgba8,candidate,newcs,2,929489.4,927971.9,937700.2,3fb58062a905a380,928884.9;937700.2;929143.4;931995.4;929958.6;927971.9;929489.4
construction,linux,512,512,6,rgba8,candidate,newcs,3,944392.8,941911.7,948664.7,3fb58062a905a380,947370.5;941911.7;948028.3;944392.8;942204.7;942706.2;948664.7
construction,linux,512,512,6,rgba8,candidate,newss,1,1016148.5,1013331.3,1019823.1,3fb58062a905a380,1016148.5;1019052.6;1019733.1;1013331.3;1015690.4;1019823.1;1014224.3
construction,linux,512,512,6,rgba8,candidate,newss,2,1013680.7,1006571.2,1019661.8,3fb58062a905a380,1014459.8;1013680.7;1010990.1;1006571.2;1016323.9;1013100.1;1019661.8
construction,linux,512,512,6,rgba8,candidate,newss,3,1017252.9,1015902.4,1025358.2,3fb58062a905a380,1019448.5;1017252.9;1025358.2;1015902.4;1019373.8;1017002.5;1016558.0
construction,linux,512,512,6,rgba8,candidate,oldcc,1,1114634.2,1101084.6,1152053.9,3fb58062a905a380,1152053.9;1124780.4;1113050.3;1114634.2;1111233.0;1119424.6;1101084.6
construction,linux,512,512,6,rgba8,candidate,oldcc,2,1127559.4,1116146.1,1133949.6,3fb58062a905a380,1130190.5;1119367.0;1127559.4;1124223.4;1133949.6;1116146.1;1130297.4
construction,linux,512,512,6,rgba8,candidate,oldcc,3,1118977.7,1106586.5,1133779.1,3fb58062a905a380,1133779.1;1124645.9;1119595.6;1118977.7;1117343.5;1106586.5;1113590.3
construction,linux,512,512,6,rgba8,candidate,oldcs,1,935836.0,933312.6,936988.9,3fb58062a905a380,933312.6;936988.9;935836.0;936713.2;935909.0;935054.7;934941.7
construction,linux,512,512,6,rgba8,candidate,oldcs,2,929485.4,928222.9,931219.3,3fb58062a905a380,931004.6;930628.0;929158.0;928222.9;931219.3;928659.4;929485.4
construction,linux,512,512,6,rgba8,candidate,oldcs,3,931621.6,929824.4,939581.0,3fb58062a905a380,939581.0;934096.0;929869.4;931621.6;932758.1;931513.3;929824.4
construction,linux,512,512,6,rgba8,candidate,oldss,1,1014318.0,1013590.4,1017829.4,3fb58062a905a380,1015919.2;1013830.6;1013590.4;1017829.4;1014533.7;1013907.4;1014318.0
construction,linux,512,512,6,rgba8,candidate,oldss,2,1011991.6,1009969.9,1014853.2,3fb58062a905a380,1011480.3;1009969.9;1013649.8;1010860.3;1013623.2;1011991.6;1014853.2
construction,linux,512,512,6,rgba8,candidate,oldss,3,1016420.7,1012443.3,1020229.1,3fb58062a905a380,1015531.0;1016420.7;1018095.4;1020229.1;1017359.9;1012443.3;1012572.6
construction,linux,512,512,6,rgba8,compare,newcc,1,552726.7,551334.9,556097.4,3fb58062a905a380,552726.7;551465.8;551334.9;556097.4;553725.0;554810.3;551917.7
construction,linux,512,512,6,rgba8,compare,newcc,2,558087.0,551502.7,562175.1,3fb58062a905a380,562175.1;561364.4;553238.6;551502.7;558087.0;559846.2;556944.6
construction,linux,512,512,6,rgba8,compare,newcc,3,554784.4,549434.4,555773.7,3fb58062a905a380,555193.3;550108.9;554784.4;555773.7;553908.9;555707.8;549434.4
construction,linux,512,512,6,rgba8,compare,newcs,1,595405.6,594187.2,602935.3,3fb58062a905a380,594659.9;594187.2;594414.8;595953.9;595405.6;602935.3;602521.5
construction,linux,512,512,6,rgba8,compare,newcs,2,600990.8,599180.5,602221.7,3fb58062a905a380,599180.5;600990.8;602221.7;601035.8;600658.6;599648.3;602103.2
construction,linux,512,512,6,rgba8,compare,newcs,3,591334.1,588598.7,595003.7,3fb58062a905a380,595003.7;589947.5;591334.1;588598.7;591983.7;592615.5;589141.7
construction,linux,512,512,6,rgba8,compare,newss,1,697529.5,694487.7,722984.4,3fb58062a905a380,706668.5;711098.7;722984.4;694487.7;697529.5;697517.4;697110.9
construction,linux,512,512,6,rgba8,compare,newss,2,697295.4,695952.0,698624.3,3fb58062a905a380,695952.0;697426.6;698049.3;696890.6;698624.3;696835.4;697295.4
construction,linux,512,512,6,rgba8,compare,newss,3,691135.1,688670.9,702780.1,3fb58062a905a380,688670.9;691014.2;691135.1;702780.1;690824.0;693306.6;692327.5
construction,linux,512,512,6,rgba8,compare,oldcc,1,554825.3,550637.5,560810.4,3fb58062a905a380,551136.4;560810.4;550637.5;558410.8;554825.3;560432.3;554298.7
construction,linux,512,512,6,rgba8,compare,oldcc,2,546225.6,538765.1,556242.3,3fb58062a905a380,538765.1;547907.0;547845.4;546225.6;543565.5;556242.3;545997.8
construction,linux,512,512,6,rgba8,compare,oldcc,3,550572.7,547004.1,556323.4,3fb58062a905a380,553627.4;547004.1;548634.0;556323.4;550572.7;556172.7;549481.4
construction,linux,512,512,6,rgba8,compare,oldcs,1,597032.6,595209.3,600333.5,3fb58062a905a380,600333.5;599386.7;597032.6;595209.3;598179.2;596794.6;596340.1
construction,linux,512,512,6,rgba8,compare,oldcs,2,592467.6,591428.1,601155.1,3fb58062a905a380,601155.1;592379.2;592467.6;592155.9;593300.0;591428.1;593239.1
construction,linux,512,512,6,rgba8,compare,oldcs,3,594273.0,593400.6,602926.1,3fb58062a905a380,596217.1;594273.0;602926.1;594099.7;593400.6;594057.1;595611.7
construction,linux,512,512,6,rgba8,compare,oldss,1,697972.4,687213.8,699919.6,3fb58062a905a380,697972.4;699407.1;688572.5;687213.8;699919.6;698500.6;693321.9
construction,linux,512,512,6,rgba8,compare,oldss,2,693740.8,690220.1,715659.3,3fb58062a905a380,690656.4;715659.3;693740.8;698997.1;695187.7;690220.1;690675.7
construction,linux,512,512,6,rgba8,compare,oldss,3,696551.5,692526.6,706277.8,3fb58062a905a380,706277.8;698711.3;696551.5;695246.0;694104.2;692526.6;699291.8
construction,linux,512,512,6,rgba8,pair,newcc,1,1648151.1,1629701.0,1658289.6,3fb58062a905a380,1649846.0;1645650.2;1647942.4;1648151.1;1652980.8;1629701.0;1658289.6
construction,linux,512,512,6,rgba8,pair,newcc,2,1649576.4,1643321.0,1684856.8,3fb58062a905a380,1648026.1;1684856.8;1649576.4;1659323.5;1670799.0;1648155.3;1643321.0
construction,linux,512,512,6,rgba8,pair,newcc,3,1646474.5,1639437.1,1728951.6,3fb58062a905a380,1728951.6;1646474.5;1670280.5;1646258.4;1654253.6;1640085.1;1639437.1
construction,linux,512,512,6,rgba8,pair,newcs,1,1369331.5,1360472.4,1370816.8,3fb58062a905a380,1369405.2;1370816.8;1370089.5;1369331.5;1367733.2;1368016.9;1360472.4
construction,linux,512,512,6,rgba8,pair,newcs,2,1369724.3,1365138.1,1381872.4,3fb58062a905a380,1369724.3;1381872.4;1366619.1;1365138.1;1371879.8;1367866.0;1374076.0
construction,linux,512,512,6,rgba8,pair,newcs,3,1371020.9,1364308.1,1388382.7,3fb58062a905a380,1388382.7;1374824.0;1371101.7;1369334.9;1371020.9;1364308.1;1364642.2
construction,linux,512,512,6,rgba8,pair,newss,1,1334005.0,1330453.5,1369589.9,3fb58062a905a380,1347490.6;1333389.7;1334005.0;1369589.9;1337363.8;1332032.1;1330453.5
construction,linux,512,512,6,rgba8,pair,newss,2,1334354.8,1326415.6,1355497.0,3fb58062a905a380,1355497.0;1337249.0;1335539.8;1334350.4;1334354.8;1326415.6;1327081.9
construction,linux,512,512,6,rgba8,pair,newss,3,1341071.8,1335558.5,1364788.6,3fb58062a905a380,1357013.2;1364788.6;1349362.9;1341071.8;1339531.1;1337706.1;1335558.5
construction,linux,512,512,6,rgba8,pair,oldcc,1,1638853.2,1629985.6,1714681.9,3fb58062a905a380,1714681.9;1638191.9;1646257.3;1656102.5;1638853.2;1633551.2;1629985.6
construction,linux,512,512,6,rgba8,pair,oldcc,2,1644589.3,1627899.0,1701878.3,3fb58062a905a380,1701878.3;1636689.2;1644589.3;1657538.2;1646344.3;1627899.0;1635038.8
construction,linux,512,512,6,rgba8,pair,oldcc,3,1633675.9,1624673.9,1688855.2,3fb58062a905a380,1688855.2;1633675.9;1656205.2;1624673.9;1626525.5;1648461.8;1628420.8
construction,linux,512,512,6,rgba8,pair,oldcs,1,1367468.1,1360941.7,1378476.3,3fb58062a905a380,1378476.3;1369553.0;1367468.1;1375735.9;1365874.4;1360941.7;1362506.9
construction,linux,512,512,6,rgba8,pair,oldcs,2,1370997.9,1368623.8,1376946.7,3fb58062a905a380,1370997.9;1374806.5;1370418.6;1373970.3;1376946.7;1368623.8;1369373.0
construction,linux,512,512,6,rgba8,pair,oldcs,3,1364984.0,1358950.0,1374044.8,3fb58062a905a380,1364148.3;1358950.0;1369320.8;1374044.8;1368384.3;1364984.0;1359558.5
construction,linux,512,512,6,rgba8,pair,oldss,1,1332279.1,1327276.5,1344910.2,3fb58062a905a380,1344910.2;1332279.1;1329625.3;1330084.5;1334731.7;1344261.2;1327276.5
construction,linux,512,512,6,rgba8,pair,oldss,2,1339230.4,1333531.1,1348200.0,3fb58062a905a380,1348200.0;1339230.4;1340035.9;1339258.6;1333531.1;1333983.0;1334634.3
construction,linux,512,512,6,rgba8,pair,oldss,3,1332100.8,1329123.4,1351718.5,3fb58062a905a380,1351718.5;1330362.9;1341206.3;1334477.3;1332100.8;1331575.0;1329123.4
focused,linux,3840,2160,6,rgba8,pair,newcc,1,187013924.0,173512925.0,191241191.0,3fb3e9db342ea340,191241191.0;190831213.0;173512925.0;185858008.0;182891645.0;189026055.0;187013924.0
focused,linux,3840,2160,6,rgba8,pair,newcc,2,189135242.0,164518234.0,198688583.0,3fb3e9db342ea340,198688583.0;191201586.0;181037574.0;164518234.0;186918312.0;189135242.0;194512212.0
focused,linux,3840,2160,6,rgba8,pair,newcc,3,190093692.0,179692229.0,199728939.0,3fb3e9db342ea340,179692229.0;189737445.0;199728939.0;197675741.0;190093692.0;191446401.0;181860116.0
focused,linux,3840,2160,6,rgba8,pair,newcc,4,169485676.0,143885752.0,180360699.0,3fb3e9db342ea340,169485676.0;179864406.0;171634788.0;180360699.0;159362323.0;153172167.0;143885752.0
focused,linux,3840,2160,6,rgba8,pair,newcc,5,190420172.0,179206246.0,203124538.0,3fb3e9db342ea340,203124538.0;186802802.0;187534572.0;195983467.0;190420172.0;196998514.0;179206246.0
focused,linux,3840,2160,6,rgba8,pair,newcc,6,160604832.0,155368107.0,175205429.0,3fb3e9db342ea340,175205429.0;160604832.0;164528043.0;158054439.0;155368107.0;157945041.0;164237431.0
focused,linux,3840,2160,6,rgba8,pair,newcc,7,193300682.0,179431664.0,208455171.0,3fb3e9db342ea340,201802357.0;208455171.0;193300682.0;196209186.0;179431664.0;191964876.0;188741895.0
focused,linux,3840,2160,6,rgba8,pair,oldcc,1,185426118.0,177127169.0,192819278.0,3fb3e9db342ea340,184622783.0;177127169.0;192819278.0;178902329.0;191438636.0;190021094.0;185426118.0
focused,linux,3840,2160,6,rgba8,pair,oldcc,2,184759972.0,178699073.0,192884051.0,3fb3e9db342ea340,188382523.0;184327762.0;184135057.0;178699073.0;192884051.0;189266922.0;184759972.0
focused,linux,3840,2160,6,rgba8,pair,oldcc,3,170487790.0,165895589.0,182853643.0,3fb3e9db342ea340,182853643.0;166111299.0;175113184.0;168229121.0;170634619.0;165895589.0;170487790.0
focused,linux,3840,2160,6,rgba8,pair,oldcc,4,202376557.0,188297992.0,210468865.0,3fb3e9db342ea340,202376557.0;197807110.0;201547653.0;206416129.0;210468865.0;204887045.0;188297992.0
focused,linux,3840,2160,6,rgba8,pair,oldcc,5,187468897.0,180733427.0,197402040.0,3fb3e9db342ea340,183825749.0;190948996.0;197402040.0;184622482.0;187468897.0;192064334.0;180733427.0
focused,linux,3840,2160,6,rgba8,pair,oldcc,6,194648792.0,182548153.0,204117624.0,3fb3e9db342ea340,197938069.0;198081261.0;204117624.0;194648792.0;186755443.0;182548153.0;187862304.0
focused,linux,3840,2160,6,rgba8,pair,oldcc,7,169729230.0,154033342.0,189392721.0,3fb3e9db342ea340,189392721.0;169729230.0;167592843.0;154033342.0;158930682.0;180130412.0;176257978.0
focused,mac,512,512,6,rgba8,candidate,newcc,1,1114867.3,1093932.6,1132160.4,3fb58063054aaa10,1127780.9;1117821.0;1132160.4;1108809.9;1093932.6;1114867.3;1112450.6
focused,mac,512,512,6,rgba8,candidate,newcc,2,1216865.8,1144411.2,1231523.8,3fb58063054aaa10,1231523.8;1216865.8;1162445.5;1229360.0;1227466.8;1144411.2;1156372.6
focused,mac,512,512,6,rgba8,candidate,newcc,3,1225769.6,1208586.7,1296720.7,3fb58063054aaa10,1271430.5;1296720.7;1229102.9;1214981.7;1225769.6;1212448.3;1208586.7
focused,mac,512,512,6,rgba8,candidate,newcc,4,1135957.5,1098879.5,1201091.7,3fb58063054aaa10,1098879.5;1135957.5;1122825.6;1117851.9;1161529.6;1197568.6;1201091.7
focused,mac,512,512,6,rgba8,candidate,newcc,5,1114724.5,1101736.4,1129054.0,3fb58063054aaa10,1114724.5;1112029.3;1102380.3;1129054.0;1128547.1;1117468.4;1101736.4
focused,mac,512,512,6,rgba8,candidate,newcc,6,1221815.0,1176684.3,1320952.0,3fb58063054aaa10,1211503.3;1221815.0;1203744.2;1176684.3;1283282.1;1320952.0;1268943.6
focused,mac,512,512,6,rgba8,candidate,newcc,7,1204725.0,1181853.7,1292173.8,3fb58063054aaa10,1292173.8;1197852.9;1233215.1;1181853.7;1204725.0;1188461.6;1250219.6
focused,mac,512,512,6,rgba8,candidate,oldcc,1,1111966.0,1099590.2,1123027.8,3fb58063054aaa10,1099590.2;1123027.8;1114338.7;1114763.9;1111966.0;1109222.0;1111141.2
focused,mac,512,512,6,rgba8,candidate,oldcc,2,1152154.1,1116291.7,1205700.8,3fb58063054aaa10,1173233.2;1137705.2;1205700.8;1162951.1;1116291.7;1119133.5;1152154.1
focused,mac,512,512,6,rgba8,candidate,oldcc,3,1177995.1,1155404.7,1283008.9,3fb58063054aaa10,1283008.9;1155404.7;1171510.4;1192360.3;1174139.4;1177995.1;1238960.0
focused,mac,512,512,6,rgba8,candidate,oldcc,4,1220030.0,1171919.1,1288375.9,3fb58063054aaa10,1288375.9;1220030.0;1255473.1;1171919.1;1241657.3;1193405.2;1216669.2
focused,mac,512,512,6,rgba8,candidate,oldcc,5,1093029.5,1081220.2,1107138.6,3fb58063054aaa10,1083851.2;1105343.2;1107138.6;1091069.7;1093029.5;1104853.8;1081220.2
focused,mac,512,512,6,rgba8,candidate,oldcc,6,1097337.9,1080692.7,1117855.7,3fb58063054aaa10,1110152.3;1107018.9;1088491.8;1080692.7;1086187.5;1117855.7;1097337.9
focused,mac,512,512,6,rgba8,candidate,oldcc,7,1095347.0,1092897.0,1098179.5,3fb58063054aaa10,1096671.2;1092897.0;1096927.3;1098179.5;1095284.9;1094164.4;1095347.0
