host,width,height,workers,scenario,lineage,chunk,round,median_ns,min_ns,max_ns,score_bits,batch_ns
linux,256,256,1,candidate,current,1024,1,809419.6,807453.5,811622.8,3fb3c1b10f818460,808197.6;811622.8;807453.5;809552.8;808349.2;811345.9;809419.6
linux,256,256,1,candidate,current,1024,2,813770.2,809655.2,821059.2,3fb3c1b10f818460,817807.2;813770.2;821059.2;809944.4;814588.1;811762.6;809655.2
linux,256,256,1,candidate,current,1024,3,810966.0,808578.3,815556.1,3fb3c1b10f818460,808578.3;812395.9;810966.0;808772.3;815556.1;813725.3;809546.0
linux,256,256,1,candidate,current,2048,1,807789.1,804777.1,813465.3,3fb3c1b10f818460,812398.6;813465.3;804777.1;805888.1;806851.3;808251.7;807789.1
linux,256,256,1,candidate,current,2048,2,811950.4,805509.8,824384.4,3fb3c1b10f818460,814897.0;824384.4;811950.4;813534.3;805509.8;806930.5;808927.8
linux,256,256,1,candidate,current,2048,3,817508.0,815660.9,827679.3,3fb3c1b10f818460,815896.7;817072.2;820335.0;815660.9;818266.3;827679.3;817508.0
linux,256,256,1,candidate,current,4096,1,807124.6,804423.9,812545.5,3fb3c1b10f818460,808866.6;812545.5;805826.3;805372.5;807124.6;804423.9;808467.8
linux,256,256,1,candidate,current,4096,2,805873.9,801562.3,810538.4,3fb3c1b10f818460,805873.9;810538.4;807169.5;809050.8;802144.6;805199.9;801562.3
linux,256,256,1,candidate,current,4096,3,824915.0,821967.8,833743.0,3fb3c1b10f818460,821967.8;829375.4;824915.0;823456.9;833743.0;825240.3;822903.3
linux,256,256,1,candidate,current,8192,1,805698.0,804971.3,819052.0,3fb3c1b10f818460,819052.0;810880.0;809508.9;804971.3;805698.0;805469.2;805595.8
linux,256,256,1,candidate,current,8192,2,807422.9,805533.3,813701.9,3fb3c1b10f818460,813129.8;806947.3;813701.9;808413.6;806765.3;805533.3;807422.9
linux,256,256,1,candidate,current,8192,3,806618.1,803640.0,819698.5,3fb3c1b10f818460,803640.0;806618.1;808554.4;806527.9;807134.1;819698.5;805048.4
linux,256,256,1,compare,current,1024,1,286080.8,285697.0,287903.0,3fb3c1b10f818460,285957.2;285697.0;285707.0;286634.1;287903.0;287693.7;286080.8
linux,256,256,1,compare,current,1024,2,288644.3,287466.2,291616.6,3fb3c1b10f818460,289409.9;287466.2;288644.3;291616.6;288837.6;288224.1;288119.5
linux,256,256,1,compare,current,1024,3,287899.3,287416.8,289303.6,3fb3c1b10f818460,287963.9;288114.1;287899.3;289303.6;287896.7;287416.8;287820.4
linux,256,256,1,compare,current,2048,1,284473.1,282515.3,285603.6,3fb3c1b10f818460,284473.1;285077.0;284004.1;285472.1;285603.6;282976.6;282515.3
linux,256,256,1,compare,current,2048,2,284351.8,283372.7,290461.1,3fb3c1b10f818460,283372.7;283730.2;283872.2;290461.1;285196.0;284351.8;285084.1
linux,256,256,1,compare,current,2048,3,284212.6,283451.7,285071.7,3fb3c1b10f818460,284399.9;284574.4;283917.7;285071.7;283451.7;283742.8;284212.6
linux,256,256,1,compare,current,4096,1,283666.0,282201.7,288323.0,3fb3c1b10f818460,284251.4;283095.3;283413.4;283666.0;288323.0;284246.9;282201.7
linux,256,256,1,compare,current,4096,2,283019.3,281648.4,284598.5,3fb3c1b10f818460,283368.8;282671.5;281648.4;284207.6;284598.5;283019.3;282867.5
linux,256,256,1,compare,current,4096,3,282055.2,280451.2,283555.4,3fb3c1b10f818460,283213.5;283077.5;282055.2;281266.7;283555.4;280451.2;280919.3
linux,256,256,1,compare,current,8192,1,282633.1,281126.7,287050.5,3fb3c1b10f818460,287050.5;284419.4;281182.3;282633.1;286583.0;281126.7;281908.4
linux,256,256,1,compare,current,8192,2,283650.3,283128.8,287010.0,3fb3c1b10f818460,283650.3;283392.0;285099.8;284869.8;287010.0;283629.1;283128.8
linux,256,256,1,compare,current,8192,3,284247.2,283216.8,287807.0,3fb3c1b10f818460,284801.6;283772.9;284450.2;287807.0;283216.8;283275.1;284247.2
linux,256,256,1,pair,current,1024,1,1362750.3,1358941.8,1375221.8,3fb3c1b10f818460,1358941.8;1361498.2;1368902.8;1362750.3;1363951.1;1361016.2;1375221.8
linux,256,256,1,pair,current,1024,2,1382658.0,1365612.7,1395747.8,3fb3c1b10f818460,1365612.7;1379894.5;1382658.0;1395747.8;1388646.2;1383003.0;1375583.9
linux,256,256,1,pair,current,1024,3,1368156.1,1364387.1,1375138.7,3fb3c1b10f818460,1366206.3;1364387.1;1368156.1;1372086.8;1370940.2;1375138.7;1365842.9
linux,256,256,1,pair,current,2048,1,1372904.5,1365122.4,1381300.4,3fb3c1b10f818460,1372904.5;1372389.8;1365122.4;1366605.5;1375013.9;1377140.5;1381300.4
linux,256,256,1,pair,current,2048,2,1362034.1,1360266.3,1375226.4,3fb3c1b10f818460,1375226.4;1360574.4;1367779.3;1360415.9;1363220.6;1362034.1;1360266.3
linux,256,256,1,pair,current,2048,3,1378423.8,1372709.3,1397765.8,3fb3c1b10f818460,1376782.7;1372709.3;1376001.0;1378423.8;1397765.8;1389285.3;1379838.5
linux,256,256,1,pair,current,4096,1,1356630.3,1354884.1,1363793.2,3fb3c1b10f818460,1356630.3;1355668.2;1355364.1;1354884.1;1363793.2;1360277.6;1361265.5
linux,256,256,1,pair,current,4096,2,1365357.6,1360627.7,1384445.7,3fb3c1b10f818460,1384445.7;1365357.6;1360627.7;1364385.1;1367026.9;1363662.3;1367300.0
linux,256,256,1,pair,current,4096,3,1407269.0,1401255.2,1414838.0,3fb3c1b10f818460,1405966.5;1401255.2;1407598.0;1408203.7;1414838.0;1407269.0;1403430.3
linux,256,256,1,pair,current,8192,1,1352354.6,1345605.3,1379261.5,3fb3c1b10f818460,1356793.7;1345605.3;1348692.8;1346390.8;1352354.6;1362051.7;1379261.5
linux,256,256,1,pair,current,8192,2,1364553.6,1356342.8,1380885.5,3fb3c1b10f818460,1380885.5;1367131.7;1369779.2;1357528.2;1356342.8;1360820.2;1364553.6
linux,256,256,1,pair,current,8192,3,1369249.3,1365379.7,1373982.4,3fb3c1b10f818460,1369249.3;1366183.3;1365379.7;1368181.2;1369920.6;1372100.2;1373982.4
linux,256,256,6,candidate,current,1024,1,268576.4,267353.4,273068.0,3fb3c1b10f818460,269940.4;268576.4;267956.4;273068.0;269400.5;267797.7;267353.4
linux,256,256,6,candidate,current,1024,2,268323.3,267467.9,268891.4,3fb3c1b10f818460,268225.6;268891.4;267797.6;268323.3;267467.9;268412.6;268664.1
linux,256,256,6,candidate,current,1024,3,268607.7,268086.8,269655.5,3fb3c1b10f818460,269060.6;268607.7;268173.6;269655.5;269132.4;268293.1;268086.8
linux,256,256,6,candidate,current,2048,1,270510.1,265827.2,274988.9,3fb3c1b10f818460,267372.8;266392.3;265827.2;274988.9;272739.2;271012.0;270510.1
linux,256,256,6,candidate,current,2048,2,267516.2,266935.0,268818.3,3fb3c1b10f818460,268818.3;267696.9;267516.2;268124.5;266935.0;266994.3;266936.3
linux,256,256,6,candidate,current,2048,3,266796.4,265923.8,275520.8,3fb3c1b10f818460,267155.2;275520.8;266018.7;266921.8;266704.2;266796.4;265923.8
linux,256,256,6,candidate,current,4096,1,266373.1,265013.3,272776.2,3fb3c1b10f818460,266583.2;266373.1;265593.4;272776.2;268458.7;265013.3;266350.4
linux,256,256,6,candidate,current,4096,2,266227.1,265070.4,269210.9,3fb3c1b10f818460,266799.6;265437.5;269210.9;266227.1;267329.8;265070.4;266002.8
linux,256,256,6,candidate,current,4096,3,266880.1,265816.5,267586.0,3fb3c1b10f818460,266880.1;266671.3;267586.0;267574.7;265816.5;266403.4;267307.7
linux,256,256,6,candidate,current,8192,1,267475.2,266720.3,269937.6,3fb3c1b10f818460,267897.8;267475.2;269937.6;267249.2;266720.3;266809.9;267566.7
linux,256,256,6,candidate,current,8192,2,268080.6,267039.6,270742.5,3fb3c1b10f818460,269565.1;268080.6;270742.5;268653.8;267406.4;267816.1;267039.6
linux,256,256,6,candidate,current,8192,3,266863.1,266254.7,267389.2,3fb3c1b10f818460,267363.5;266863.1;266755.6;266887.1;266677.6;267389.2;266254.7
linux,256,256,6,compare,current,1024,1,135450.2,132641.6,136951.4,3fb3c1b10f818460,136951.4;136387.5;135450.2;132715.4;132641.6;135013.5;136488.1
linux,256,256,6,compare,current,1024,2,134209.5,133702.4,137494.1,3fb3c1b10f818460,133702.4;134029.2;134209.5;133991.5;136218.0;137494.1;136765.1
linux,256,256,6,compare,current,1024,3,135946.9,135580.3,137076.5,3fb3c1b10f818460,135666.1;135580.3;135946.9;137076.5;136841.2;136927.7;135763.2
linux,256,256,6,compare,current,2048,1,135141.9,133684.8,135765.2,3fb3c1b10f818460,133684.8;135208.7;135141.9;135765.2;135588.5;134045.1;134363.1
linux,256,256,6,compare,current,2048,2,135838.1,133079.7,136704.4,3fb3c1b10f818460,135594.7;136202.8;133809.3;133079.7;135838.1;136704.4;136173.2
linux,256,256,6,compare,current,2048,3,132866.7,132391.2,134375.4,3fb3c1b10f818460,132450.9;132391.2;132733.5;132866.7;134375.4;133749.0;133961.2
linux,256,256,6,compare,current,4096,1,135405.9,132042.0,135758.5,3fb3c1b10f818460,132042.0;133208.4;135306.3;135405.9;135527.4;135758.5;135735.5
linux,256,256,6,compare,current,4096,2,135850.7,134572.0,136941.2,3fb3c1b10f818460,135450.1;135460.9;134572.0;135873.6;136941.2;135850.7;136130.5
linux,256,256,6,compare,current,4096,3,137005.0,135502.2,144536.9,3fb3c1b10f818460,143093.5;135502.2;135529.7;137005.0;136845.5;139214.1;144536.9
linux,256,256,6,compare,current,8192,1,136906.4,133824.9,137525.7,3fb3c1b10f818460,136733.5;136906.4;137525.7;137501.7;137434.6;133824.9;134061.1
linux,256,256,6,compare,current,8192,2,135100.4,134049.7,136846.3,3fb3c1b10f818460,134381.5;134049.7;134054.1;135100.4;135793.6;136846.3;135766.7
linux,256,256,6,compare,current,8192,3,136176.7,133924.1,136585.2,3fb3c1b10f818460,136585.2;136581.8;136294.4;135983.6;136176.7;135486.7;133924.1
linux,256,256,6,pair,current,1024,1,396006.8,395606.7,406349.0,3fb3c1b10f818460,395606.7;395947.4;406349.0;396302.7;395749.7;396006.8;396425.8
linux,256,256,6,pair,current,1024,2,398659.5,397752.4,403639.8,3fb3c1b10f818460,398673.4;403639.8;398665.8;397752.4;398377.9;398102.6;398659.5
linux,256,256,6,pair,current,1024,3,397921.9,396514.2,405021.8,3fb3c1b10f818460,399409.4;399477.1;397921.9;397742.0;397882.1;396514.2;405021.8
linux,256,256,6,pair,current,2048,1,395307.5,394294.1,397262.2,3fb3c1b10f818460,396615.6;397262.2;394294.1;394974.5;396324.9;395137.9;395307.5
linux,256,256,6,pair,current,2048,2,397331.7,396385.6,403586.5,3fb3c1b10f818460,403586.5;398303.7;398091.9;397221.6;396715.6;397331.7;396385.6
linux,256,256,6,pair,current,2048,3,398100.2,396412.0,401544.3,3fb3c1b10f818460,399926.8;396412.0;401544.3;398464.6;397270.2;398100.2;397882.5
linux,256,256,6,pair,current,4096,1,394521.8,393089.2,450363.7,3fb3c1b10f818460,394842.9;393928.6;393089.2;450363.7;394551.4;393694.2;394521.8
linux,256,256,6,pair,current,4096,2,398946.9,397491.4,399776.7,3fb3c1b10f818460,399379.5;399535.6;399776.7;397491.4;398946.9;398945.4;397732.1
linux,256,256,6,pair,current,4096,3,397921.6,396239.8,398944.8,3fb3c1b10f818460,398944.8;397554.6;397182.1;398396.4;398748.8;397921.6;396239.8
linux,256,256,6,pair,current,8192,1,395682.7,395052.2,396564.7,3fb3c1b10f818460,396564.7;396419.8;395368.2;395052.2;395682.7;396522.1;395556.1
linux,256,256,6,pair,current,8192,2,398285.6,397153.6,410182.2,3fb3c1b10f818460,410182.2;397689.9;399742.6;398285.6;397153.6;397384.8;398418.9
linux,256,256,6,pair,current,8192,3,397696.8,395956.4,400590.4,3fb3c1b10f818460,400590.4;397307.0;398170.2;397202.7;398159.2;397696.8;395956.4
linux,3840,2160,1,candidate,current,1024,1,286487858.0,284547744.0,287486334.0,3fb3e9db342ea340,286957319.0;284547744.0;287065706.0;286387928.0;286487858.0;287486334.0;286200291.0
linux,3840,2160,1,candidate,current,1024,2,288278028.0,286323576.0,288689580.0,3fb3e9db342ea340,287679291.0;286323576.0;288689580.0;287542110.0;288440717.0;288278028.0;288476254.0
linux,3840,2160,1,candidate,current,1024,3,287958491.0,286515641.0,288884169.0,3fb3e9db342ea340,288884169.0;286515641.0;287742280.0;287620428.0;288041689.0;288259543.0;287958491.0
linux,3840,2160,1,candidate,current,2048,1,285132213.0,283722977.0,287547400.0,3fb3e9db342ea340,287282878.0;287547400.0;286461948.0;283722977.0;284709521.0;284699512.0;285132213.0
linux,3840,2160,1,candidate,current,2048,2,288086634.0,285697437.0,289260463.0,3fb3e9db342ea340,287131300.0;285697437.0;288334054.0;287689911.0;288840676.0;289260463.0;288086634.0
linux,3840,2160,1,candidate,current,2048,3,286431662.0,285544757.0,286767750.0,3fb3e9db342ea340,286683910.0;285544757.0;286322003.0;286767750.0;286396414.0;286721752.0;286431662.0
linux,3840,2160,1,candidate,current,4096,1,284400594.0,283811305.0,288211090.0,3fb3e9db342ea340,285258273.0;288211090.0;285983250.0;283811305.0;284400594.0;284168283.0;283829920.0
linux,3840,2160,1,candidate,current,4096,2,287182407.0,285111525.0,287840196.0,3fb3e9db342ea340,286443825.0;285111525.0;287182407.0;285262802.0;287254383.0;287840196.0;287554593.0
linux,3840,2160,1,candidate,current,4096,3,285783841.0,282739680.0,286882427.0,3fb3e9db342ea340,286882427.0;282739680.0;285103398.0;285813146.0;286485473.0;285783841.0;285303790.0
linux,3840,2160,1,candidate,current,8192,1,284359727.0,282653656.0,284981838.0,3fb3e9db342ea340,284892128.0;282653656.0;284359727.0;284514671.0;283717046.0;282666961.0;284981838.0
linux,3840,2160,1,candidate,current,8192,2,283972542.0,283487370.0,285547433.0,3fb3e9db342ea340,283555018.0;283951111.0;283487370.0;285547433.0;284356370.0;283972542.0;284219370.0
linux,3840,2160,1,candidate,current,8192,3,285172079.0,284125001.0,286532763.0,3fb3e9db342ea340,284125001.0;285020271.0;285218688.0;285338987.0;286532763.0;284659356.0;285172079.0
linux,3840,2160,1,compare,current,1024,1,91827242.0,90967390.0,92303888.0,3fb3e9db342ea340,91827242.0;91667639.0;91856238.0;91041229.0;92094050.0;90967390.0;92303888.0
linux,3840,2160,1,compare,current,1024,2,90642201.0,88961891.0,91895632.0,3fb3e9db342ea340,90642201.0;91895632.0;90523326.0;88961891.0;90732914.0;89802618.0;90965907.0
linux,3840,2160,1,compare,current,1024,3,90460427.0,89082000.0,90864073.0,3fb3e9db342ea340,90567851.0;90460427.0;90864073.0;89082000.0;90783069.0;90063994.0;90353564.0
linux,3840,2160,1,compare,current,2048,1,89026353.0,87794194.0,89977820.0,3fb3e9db342ea340,89977820.0;88280117.0;89111124.0;87794194.0;89189964.0;88200665.0;89026353.0
linux,3840,2160,1,compare,current,2048,2,90564585.0,89377711.0,90922594.0,3fb3e9db342ea340,90649806.0;89599832.0;90814579.0;90000293.0;90922594.0;89377711.0;90564585.0
linux,3840,2160,1,compare,current,2048,3,88948635.0,87918018.0,89623718.0,3fb3e9db342ea340,88714521.0;88948635.0;89623718.0;88131874.0;89056451.0;87918018.0;89046782.0
linux,3840,2160,1,compare,current,4096,1,88320172.0,86839090.0,88454747.0,3fb3e9db342ea340,88334740.0;88320172.0;88406747.0;87075098.0;88454747.0;86839090.0;88274135.0
linux,3840,2160,1,compare,current,4096,2,88665007.0,87366241.0,88994593.0,3fb3e9db342ea340,88994593.0;88665007.0;88367983.0;87366241.0;88971539.0;87646623.0;88874575.0
linux,3840,2160,1,compare,current,4096,3,89401707.0,88557453.0,89854706.0,3fb3e9db342ea340,89808338.0;89051942.0;89401707.0;88647344.0;89854706.0;88557453.0;89699322.0
linux,3840,2160,1,compare,current,8192,1,87692160.0,85826377.0,88235632.0,3fb3e9db342ea340,88235632.0;87250331.0;88042295.0;86916146.0;87813860.0;85826377.0;87692160.0
linux,3840,2160,1,compare,current,8192,2,89089554.0,87734731.0,89800463.0,3fb3e9db342ea340,89233607.0;88580036.0;89800463.0;87734731.0;89232435.0;88196457.0;89089554.0
linux,3840,2160,1,compare,current,8192,3,88242164.0,87052495.0,88982951.0,3fb3e9db342ea340,88242164.0;88069877.0;88982951.0;87052495.0;88256000.0;87984284.0;88335060.0
linux,3840,2160,1,compare,pr197,1024,1,92341590.0,92099539.0,93635256.0,3fb3e9db342ea340,92099539.0;92341590.0;92516972.0;93635256.0;92550556.0;92157019.0;92176606.0
linux,3840,2160,1,compare,pr197,1024,2,93227932.0,92919186.0,93909516.0,3fb3e9db342ea340,93227932.0;93675081.0;92919186.0;93909516.0;93181183.0;93157729.0;93433573.0
linux,3840,2160,1,compare,pr197,1024,3,91717834.0,91512965.0,93252128.0,3fb3e9db342ea340,91655546.0;91717834.0;91512965.0;92054334.0;91550497.0;93252128.0;91873200.0
linux,3840,2160,1,compare,pr197,4096,1,88561020.0,88041163.0,89587830.0,3fb3e9db342ea340,88162623.0;89587830.0;88041163.0;88827716.0;88168846.0;88561020.0;88815172.0
linux,3840,2160,1,compare,pr197,4096,2,89152492.0,88333167.0,89465899.0,3fb3e9db342ea340,88907318.0;89152492.0;89412176.0;89291066.0;89465899.0;88777120.0;88333167.0
linux,3840,2160,1,compare,pr197,4096,3,87802680.0,87362514.0,88979594.0,3fb3e9db342ea340,87708019.0;87769897.0;87934970.0;88979594.0;87362514.0;87802680.0;88044479.0
linux,3840,2160,1,pair,current,1024,1,370363470.0,253010714.0,375598061.0,3fb3e9db342ea340,375598061.0;370363470.0;372612621.0;374370209.0;355656330.0;255154665.0;253010714.0
linux,3840,2160,1,pair,current,1024,2,372257206.0,254719940.0,378562991.0,3fb3e9db342ea340,378562991.0;372257206.0;375492270.0;376077571.0;358938404.0;257279912.0;254719940.0
linux,3840,2160,1,pair,current,1024,3,374842325.0,254196436.0,382024224.0,3fb3e9db342ea340,382024224.0;374842325.0;377692839.0;375428980.0;356034449.0;257341689.0;254196436.0
linux,3840,2160,1,pair,current,2048,1,370759141.0,251441343.0,375696878.0,3fb3e9db342ea340,371889758.0;375696878.0;373820666.0;370759141.0;353031476.0;252821234.0;251441343.0
linux,3840,2160,1,pair,current,2048,2,371866084.0,253264245.0,378705161.0,3fb3e9db342ea340,378705161.0;371866084.0;372147548.0;374389616.0;354420594.0;254329608.0;253264245.0
linux,3840,2160,1,pair,current,2048,3,373893223.0,252299072.0,379913866.0,3fb3e9db342ea340,379913866.0;374486440.0;373893223.0;376757392.0;355341613.0;254935128.0;252299072.0
linux,3840,2160,1,pair,current,4096,1,370873278.0,252774044.0,376292530.0,3fb3e9db342ea340,376292530.0;370873278.0;372702561.0;373660972.0;353095527.0;253898280.0;252774044.0
linux,3840,2160,1,pair,current,4096,2,372484177.0,253835701.0,376985645.0,3fb3e9db342ea340,376985645.0;372484177.0;372746566.0;372523261.0;356799652.0;253835701.0;254184323.0
linux,3840,2160,1,pair,current,4096,3,372007843.0,252051874.0,378537213.0,3fb3e9db342ea340,378537213.0;373789987.0;375352364.0;372007843.0;356106726.0;254647352.0;252051874.0
linux,3840,2160,1,pair,current,8192,1,371620097.0,249122290.0,374576090.0,3fb3e9db342ea340,374576090.0;371758620.0;371726579.0;371620097.0;357775305.0;253348014.0;249122290.0
linux,3840,2160,1,pair,current,8192,2,371960342.0,252083253.0,375775628.0,3fb3e9db342ea340,375775628.0;372132109.0;371960342.0;373018321.0;354135904.0;254060477.0;252083253.0
linux,3840,2160,1,pair,current,8192,3,373740032.0,253145740.0,379649224.0,3fb3e9db342ea340,379649224.0;375969546.0;373740032.0;375258285.0;357542733.0;254746861.0;253145740.0
linux,3840,2160,1,pair,pr197,1024,1,447548707.0,341649101.0,466706969.0,3fb3e9db342ea340,466687131.0;465779838.0;466706969.0;447548707.0;341649101.0;343419604.0;346617215.0
linux,3840,2160,1,pair,pr197,1024,2,451227153.0,342956884.0,471411994.0,3fb3e9db342ea340,471411994.0;468897068.0;470960075.0;451227153.0;342956884.0;343791078.0;346385244.0
linux,3840,2160,1,pair,pr197,1024,3,450441451.0,343670679.0,468367883.0,3fb3e9db342ea340,468367883.0;465391240.0;468106386.0;450441451.0;343670679.0;344930543.0;347030109.0
linux,3840,2160,1,pair,pr197,4096,1,444495048.0,337871456.0,465605306.0,3fb3e9db342ea340,465605306.0;460268492.0;460671487.0;444495048.0;341626608.0;337871456.0;338501874.0
linux,3840,2160,1,pair,pr197,4096,2,449298480.0,341168448.0,468051142.0,3fb3e9db342ea340,468051142.0;465424433.0;467273314.0;449298480.0;341168448.0;342690679.0;343856433.0
linux,3840,2160,1,pair,pr197,4096,3,448980445.0,339971615.0,465966823.0,3fb3e9db342ea340,465966823.0;463065914.0;465755622.0;448980445.0;339971615.0;344233268.0;343131195.0
linux,3840,2160,6,candidate,current,1024,1,125934282.0,124552749.0,140413088.0,3fb3e9db342ea340,125702793.0;126647226.0;135737469.0;125452508.0;124552749.0;125934282.0;140413088.0
linux,3840,2160,6,candidate,current,1024,2,124420808.0,116943258.0,136870812.0,3fb3e9db342ea340,123614697.0;136870812.0;120011415.0;124420808.0;126662635.0;116943258.0;130858614.0
linux,3840,2160,6,candidate,current,1024,3,119391208.0,110039128.0,124808464.0,3fb3e9db342ea340,119391208.0;124808464.0;117359248.0;119717347.0;112175043.0;110039128.0;122115320.0
linux,3840,2160,6,candidate,current,2048,1,114519926.0,110779794.0,118407109.0,3fb3e9db342ea340,110779794.0;115214786.0;118407109.0;114519926.0;113617192.0;113023495.0;116233099.0
linux,3840,2160,6,candidate,current,2048,2,110349586.0,108529200.0,118514753.0,3fb3e9db342ea340,118514753.0;108529200.0;108929239.0;117870779.0;114234264.0;110349586.0;109243937.0
linux,3840,2160,6,candidate,current,2048,3,116142898.0,106959599.0,120660818.0,3fb3e9db342ea340,106959599.0;116142898.0;108512808.0;111792637.0;119656681.0;119772902.0;120660818.0
linux,3840,2160,6,candidate,current,4096,1,127773025.0,124420298.0,133142822.0,3fb3e9db342ea340,131381306.0;126363968.0;124420298.0;126583576.0;133142822.0;127773025.0;128446223.0
linux,3840,2160,6,candidate,current,4096,2,131170416.0,119414320.0,138001398.0,3fb3e9db342ea340,136060312.0;136598745.0;138001398.0;131170416.0;121531792.0;122553582.0;119414320.0
linux,3840,2160,6,candidate,current,4096,3,125844532.0,122735659.0,137354450.0,3fb3e9db342ea340,131865275.0;122735659.0;125844532.0;124534485.0;125728782.0;137354450.0;136168738.0
linux,3840,2160,6,candidate,current,8192,1,134741227.0,124239073.0,137363127.0,3fb3e9db342ea340,135329424.0;134081594.0;137363127.0;124239073.0;136325326.0;129213419.0;134741227.0
linux,3840,2160,6,candidate,current,8192,2,124407974.0,112717163.0,127936394.0,3fb3e9db342ea340,127936394.0;127245262.0;118683674.0;120131092.0;112717163.0;124874309.0;124407974.0
linux,3840,2160,6,candidate,current,8192,3,124242550.0,118829992.0,128288613.0,3fb3e9db342ea340,124242550.0;122339937.0;124246337.0;118829992.0;124035316.0;126419314.0;128288613.0
linux,3840,2160,6,candidate,modes,1024,1,120759445.0,118763666.0,127120075.0,3fb3e9db342ea340,126663968.0;122281896.0;127120075.0;119558355.0;118763666.0;120323407.0;120759445.0
linux,3840,2160,6,candidate,modes,1024,2,123098978.0,117683645.0,132166017.0,3fb3e9db342ea340,125309436.0;120624489.0;117683645.0;123098978.0;118227136.0;127347085.0;132166017.0
linux,3840,2160,6,candidate,modes,1024,3,121799611.0,106295398.0,124361265.0,3fb3e9db342ea340,122479161.0;122559314.0;106295398.0;124361265.0;121799611.0;114273739.0;116285148.0
linux,3840,2160,6,candidate,modes,4096,1,122795932.0,112696644.0,129557133.0,3fb3e9db342ea340,122795932.0;124911109.0;112696644.0;114679480.0;129551592.0;118252956.0;129557133.0
linux,3840,2160,6,candidate,modes,4096,2,125117631.0,111263572.0,131618577.0,3fb3e9db342ea340,131444336.0;125475801.0;125117631.0;131618577.0;115846836.0;123374722.0;111263572.0
linux,3840,2160,6,candidate,modes,4096,3,117548547.0,110211735.0,133747720.0,3fb3e9db342ea340,117296309.0;110211735.0;122262890.0;117548547.0;116774939.0;126434623.0;133747720.0
linux,3840,2160,6,compare,current,1024,1,54638856.0,46312894.5,57343592.0,3fb3e9db342ea340,54638856.0;57343592.0;52348867.0;46312894.5;52547344.0;56198322.0;56930558.0
linux,3840,2160,6,compare,current,1024,2,51182362.0,45641299.0,55956097.5,3fb3e9db342ea340,55956097.5;51182362.0;54349671.0;45641299.0;47489484.0;46848832.0;55176496.5
linux,3840,2160,6,compare,current,1024,3,53906054.0,49333195.0,60440058.0,3fb3e9db342ea340,53794041.5;57405555.0;53906054.0;56885858.0;49333195.0;60440058.0;51113896.5
linux,3840,2160,6,compare,current,2048,1,53632880.0,46948777.0,57458335.0,3fb3e9db342ea340,55435163.0;55918881.5;57458335.0;52271855.5;53632880.0;48747793.5;46948777.0
linux,3840,2160,6,compare,current,2048,2,51305250.0,48107552.5,58407803.0,3fb3e9db342ea340,51305250.0;53651270.5;49098359.0;53387209.0;58407803.0;48148661.0;48107552.5
linux,3840,2160,6,compare,current,2048,3,51807404.0,38795338.0,56987641.0,3fb3e9db342ea340,56987641.0;55545137.0;38795338.0;56693632.5;47737890.5;51368850.5;51807404.0
linux,3840,2160,6,compare,current,4096,1,51630072.0,48396376.0,57392690.5,3fb3e9db342ea340,54586666.5;48396376.0;54584422.5;51630072.0;51167518.5;57392690.5;51424331.5
linux,3840,2160,6,compare,current,4096,2,48363834.5,45994109.0,53263409.0,3fb3e9db342ea340,52619736.0;49266558.5;48345654.5;53263409.0;48078026.5;45994109.0;48363834.5
linux,3840,2160,6,compare,current,4096,3,51319502.0,48204416.0,58897277.5,3fb3e9db342ea340,50501193.0;52003471.0;58897277.5;48962982.0;55596509.0;48204416.0;51319502.0
linux,3840,2160,6,compare,current,8192,1,47221525.0,42981132.0,53701881.5,3fb3e9db342ea340,53701881.5;46526349.5;52753310.0;42981132.0;47221525.0;47365909.5;46129396.0
linux,3840,2160,6,compare,current,8192,2,52944383.0,49136201.0,58317321.0,3fb3e9db342ea340,50392166.0;56194089.0;52944383.0;52036944.5;58317321.0;49136201.0;53729849.0
linux,3840,2160,6,compare,current,8192,3,56789855.5,53900398.5,60084793.0,3fb3e9db342ea340,56789855.5;59211769.5;53921193.0;58059156.0;53900398.5;54021773.5;60084793.0
linux,3840,2160,6,compare,pr197,1024,1,46654007.0,42842229.0,56391328.5,3fb3e9db342ea340,50907069.0;42906501.0;46654007.0;42842229.0;56391328.5;42996226.0;52064787.5
linux,3840,2160,6,compare,pr197,1024,2,48456470.0,47467787.5,50504860.0,3fb3e9db342ea340,50504860.0;47911300.0;47812878.0;47467787.5;48456470.0;48567125.0;49627108.5
linux,3840,2160,6,compare,pr197,1024,3,53221494.0,48470226.0,56745105.5,3fb3e9db342ea340,56745105.5;56293623.0;52310093.0;52521619.5;48470226.0;53221494.0;54102086.5
linux,3840,2160,6,compare,pr197,4096,1,51338082.5,47885045.0,56677998.0,3fb3e9db342ea340,51338082.5;52455494.5;49652882.0;56677998.0;47885045.0;51743186.5;48105017.5
linux,3840,2160,6,compare,pr197,4096,2,51606953.0,44492883.5,56671175.0,3fb3e9db342ea340,51845907.0;44492883.5;56671175.0;51110410.5;52110018.5;44992156.5;51606953.0
linux,3840,2160,6,compare,pr197,4096,3,51463701.0,43024790.5,56702640.0,3fb3e9db342ea340,55938083.0;51463701.0;43024790.5;56702640.0;51293087.0;51350516.0;56647841.0
linux,3840,2160,6,pair,current,1024,1,208958257.0,191223408.0,217360163.0,3fb3e9db342ea340,211574936.0;208958257.0;213984703.0;205393428.0;191223408.0;217360163.0;204334216.0
linux,3840,2160,6,pair,current,1024,2,162356189.0,151092959.0,190425724.0,3fb3e9db342ea340,190425724.0;185462838.0;151092959.0;155861855.0;157466403.0;162356189.0;169240582.0
linux,3840,2160,6,pair,current,1024,3,175234235.0,169153156.0,181371349.0,3fb3e9db342ea340,181371349.0;172969814.0;175816029.0;173132985.0;169153156.0;176933832.0;175234235.0
linux,3840,2160,6,pair,current,2048,1,207485100.0,194370064.0,208799546.0,3fb3e9db342ea340,208799546.0;208144912.0;194370064.0;199528550.0;207485100.0;207736898.0;203651179.0
linux,3840,2160,6,pair,current,2048,2,161129239.0,153244886.0,183540990.0,3fb3e9db342ea340,183540990.0;158254710.0;173042713.0;155495200.0;153244886.0;161129239.0;167385169.0
linux,3840,2160,6,pair,current,2048,3,193509349.0,181867661.0,197439403.0,3fb3e9db342ea340,190424561.0;197271644.0;197439403.0;189299865.0;193509349.0;181867661.0;193537093.0
linux,3840,2160,6,pair,current,4096,1,167892482.0,151479143.0,193505011.0,3fb3e9db342ea340,193505011.0;151479143.0;168882242.0;167892482.0;174008116.0;163121773.0;156136207.0
linux,3840,2160,6,pair,current,4096,2,200244410.0,195311051.0,210695345.0,3fb3e9db342ea340,200252695.0;196536889.0;195311051.0;210695345.0;196411721.0;200244410.0;202325782.0
linux,3840,2160,6,pair,current,4096,3,181865117.0,173764834.0,201977530.0,3fb3e9db342ea340,201977530.0;186792604.0;175952088.0;178501920.0;181865117.0;196501732.0;173764834.0
linux,3840,2160,6,pair,current,8192,1,198808373.0,162438545.0,202334278.0,3fb3e9db342ea340,195731840.0;201438787.0;162438545.0;202334278.0;198808373.0;201043076.0;192145830.0
linux,3840,2160,6,pair,current,8192,2,185556026.0,178261404.0,188526918.0,3fb3e9db342ea340,183077119.0;188526918.0;187212111.0;178261404.0;185953721.0;184210560.0;185556026.0
linux,3840,2160,6,pair,current,8192,3,185236529.0,177253880.0,195142340.0,3fb3e9db342ea340,195142340.0;177253880.0;177969228.0;179688433.0;185236529.0;188482543.0;187293395.0
linux,3840,2160,6,pair,pr197,1024,1,204108979.0,201735371.0,289562928.0,3fb3e9db342ea340,289562928.0;204108979.0;204039166.0;209383685.0;205347591.0;201735371.0;203934196.0
linux,3840,2160,6,pair,pr197,1024,2,297557309.0,284685936.0,305111334.0,3fb3e9db342ea340,299055854.0;305111334.0;296039708.0;297557309.0;295272811.0;284685936.0;300425155.0
linux,3840,2160,6,pair,pr197,1024,3,204228405.0,190897218.0,217809465.0,3fb3e9db342ea340,190897218.0;204228405.0;206882345.0;191536162.0;208661935.0;201210864.0;217809465.0
linux,3840,2160,6,pair,pr197,4096,1,213660818.0,197827560.0,282888112.0,3fb3e9db342ea340,282888112.0;214181637.0;198618191.0;213660818.0;197827560.0;224387938.0;210778183.0
linux,3840,2160,6,pair,pr197,4096,2,288291723.0,282100405.0,305454717.0,3fb3e9db342ea340,289398195.0;282100405.0;286628856.0;288291723.0;297098888.0;285633475.0;305454717.0
linux,3840,2160,6,pair,pr197,4096,3,206857869.0,194764192.0,220732136.0,3fb3e9db342ea340,194764192.0;209621748.0;211926955.0;196392314.0;206857869.0;220732136.0;204244727.0
linux,512,512,1,candidate,current,1024,1,3028476.7,2979239.6,3074446.5,3fb58062a905a380,2979239.6;2988358.3;3074446.5;3038033.8;3033137.0;3028476.7;3017790.4
linux,512,512,1,candidate,current,1024,2,3050497.5,3024948.0,3091717.3,3fb58062a905a380,3091717.3;3024948.0;3048006.2;3054264.1;3031555.0;3050497.5;3066782.9
linux,512,512,1,candidate,current,1024,3,3019468.0,3012186.2,3075273.5,3fb58062a905a380,3075273.5;3024693.0;3019468.0;3012186.2;3018537.8;3013854.4;3029607.3
linux,512,512,1,candidate,current,2048,1,3023503.7,3012549.9,3092463.1,3fb58062a905a380,3019961.5;3023503.7;3092463.1;3012549.9;3030062.1;3022880.5;3031474.4
linux,512,512,1,candidate,current,2048,2,3058867.4,3041930.7,3120871.6,3fb58062a905a380,3120871.6;3046539.5;3103422.0;3063177.0;3058867.4;3048285.8;3041930.7
linux,512,512,1,candidate,current,2048,3,2997517.1,2971088.9,3020603.8,3fb58062a905a380,3007667.1;3020603.8;2975616.5;2997517.1;2998283.4;2987478.5;2971088.9
linux,512,512,1,candidate,current,4096,1,3028001.8,3020291.6,3076359.6,3fb58062a905a380,3024626.4;3028001.8;3076359.6;3020900.2;3034186.0;3020291.6;3042000.3
linux,512,512,1,candidate,current,4096,2,3097896.0,3081814.0,3161885.0,3fb58062a905a380,3161885.0;3091129.6;3081814.0;3105420.2;3091378.1;3097896.0;3098461.6
linux,512,512,1,candidate,current,4096,3,2949388.6,2944810.9,2968748.7,3fb58062a905a380,2968748.7;2949388.6;2947334.7;2946464.0;2952835.6;2944810.9;2955129.5
linux,512,512,1,candidate,current,8192,1,2963030.2,2953822.7,2988991.9,3fb58062a905a380,2963030.2;2953822.7;2988991.9;2958005.9;2975167.0;2961821.7;2973320.7
linux,512,512,1,candidate,current,8192,2,3004484.1,2989450.9,3059715.0,3fb58062a905a380,3059715.0;2990955.6;3033506.2;3004484.1;3006861.1;2989450.9;3002558.9
linux,512,512,1,candidate,current,8192,3,2960373.2,2943326.6,3069590.8,3fb58062a905a380,3005306.1;3069590.8;2951950.1;2960373.2;2963285.0;2943326.6;2944203.5
linux,512,512,1,compare,current,1024,1,1210943.0,1204771.9,1228296.7,3fb58062a905a380,1207982.4;1210943.0;1206886.7;1204771.9;1214835.8;1216804.5;1228296.7
linux,512,512,1,compare,current,1024,2,1184356.0,1178200.6,1192139.0,3fb58062a905a380,1178200.6;1180343.3;1184356.0;1192139.0;1184461.3;1183293.2;1185673.4
linux,512,512,1,compare,current,1024,3,1183110.9,1176116.9,1190380.4,3fb58062a905a380,1190380.4;1184148.1;1176116.9;1181082.3;1183705.4;1179188.9;1183110.9
linux,512,512,1,compare,current,2048,1,1187409.6,1178297.4,1201965.4,3fb58062a905a380,1184493.7;1190582.7;1185725.3;1178297.4;1196353.3;1187409.6;1201965.4
linux,512,512,1,compare,current,2048,2,1161847.7,1154895.9,1175424.5,3fb58062a905a380,1155219.2;1159203.3;1161847.7;1154895.9;1163636.9;1163709.3;1175424.5
linux,512,512,1,compare,current,2048,3,1161339.7,1158212.2,1165815.8,3fb58062a905a380,1164104.1;1161783.4;1158212.2;1165815.8;1161300.3;1158400.0;1161339.7
linux,512,512,1,compare,current,4096,1,1160229.5,1153608.7,1175574.2,3fb58062a905a380,1159444.3;1157185.4;1160229.5;1162751.4;1166638.6;1153608.7;1175574.2
linux,512,512,1,compare,current,4096,2,1145070.4,1142704.5,1155945.8,3fb58062a905a380,1144153.3;1143906.6;1145070.4;1145564.9;1152185.4;1142704.5;1155945.8
linux,512,512,1,compare,current,4096,3,1148227.7,1144573.2,1160933.5,3fb58062a905a380,1160933.5;1148227.7;1144573.2;1147302.9;1145649.0;1150026.4;1150689.5
linux,512,512,1,compare,current,8192,1,1157535.9,1149299.5,1172786.6,3fb58062a905a380,1157237.8;1160367.8;1149299.5;1151741.9;1157535.9;1158134.3;1172786.6
linux,512,512,1,compare,current,8192,2,1141012.1,1133388.6,1152366.7,3fb58062a905a380,1138853.5;1133388.6;1141012.1;1139780.3;1142183.9;1152366.7;1151652.1
linux,512,512,1,compare,current,8192,3,1141174.7,1135256.2,1148817.7,3fb58062a905a380,1141275.8;1141174.7;1136997.7;1135348.7;1135256.2;1141642.0;1148817.7
linux,512,512,1,compare,pr197,1024,1,1185237.5,1179657.8,1202714.6,3fb58062a905a380,1187220.8;1185237.5;1185164.8;1179657.8;1182769.3;1202714.6;1191024.5
linux,512,512,1,compare,pr197,1024,2,1183860.2,1171548.7,1217480.0,3fb58062a905a380,1174458.4;1178297.8;1171548.7;1183860.2;1188003.3;1192561.8;1217480.0
linux,512,512,1,compare,pr197,1024,3,1171657.9,1166325.7,1193597.1,3fb58062a905a380,1193597.1;1170675.7;1175253.9;1174834.7;1166494.6;1166325.7;1171657.9
linux,512,512,1,compare,pr197,4096,1,1151827.7,1143760.9,1158787.7,3fb58062a905a380,1151827.7;1148673.6;1144974.2;1143760.9;1158787.7;1153430.0;1152456.7
linux,512,512,1,compare,pr197,4096,2,1151235.7,1142877.9,1161159.1,3fb58062a905a380,1151235.7;1158281.5;1150286.7;1145370.2;1152261.2;1161159.1;1142877.9
linux,512,512,1,compare,pr197,4096,3,1141453.5,1135173.5,1144504.6,3fb58062a905a380,1144504.6;1135933.2;1142066.4;1139078.4;1135173.5;1142116.5;1141453.5
linux,512,512,1,pair,current,1024,1,5028443.3,5008093.8,5042978.4,3fb58062a905a380,5042978.4;5037695.8;5019558.9;5028443.3;5008093.8;5022185.6;5035127.7
linux,512,512,1,pair,current,1024,2,5060251.2,5047770.8,5094602.2,3fb58062a905a380,5090935.3;5050754.9;5060525.9;5094602.2;5047770.8;5060251.2;5051111.3
linux,512,512,1,pair,current,1024,3,5036796.7,5022246.5,5091823.7,3fb58062a905a380,5022246.5;5036796.7;5032193.8;5055609.9;5027201.8;5091823.7;5068101.9
linux,512,512,1,pair,current,2048,1,4987580.8,4971672.9,5014713.1,3fb58062a905a380,4993525.9;4992826.2;4987580.8;4972573.8;5014713.1;4971672.9;4983592.5
linux,512,512,1,pair,current,2048,2,5012114.8,5001835.5,5234280.0,3fb58062a905a380,5047897.8;5009694.3;5006824.0;5234280.0;5012114.8;5016507.3;5001835.5
linux,512,512,1,pair,current,2048,3,5002934.5,4993478.9,5062051.3,3fb58062a905a380,4993478.9;4997614.4;5002934.5;4999750.8;5033627.3;5062051.3;5050131.2
linux,512,512,1,pair,current,4096,1,5050308.2,4981523.9,6294711.8,3fb58062a905a380,5050308.2;5114425.8;4986834.8;4981523.9;5022964.6;5466100.3;6294711.8
linux,512,512,1,pair,current,4096,2,5039260.5,4993609.2,5191214.1,3fb58062a905a380,5082499.2;5048859.6;5030619.2;5191214.1;5011183.8;5039260.5;4993609.2
linux,512,512,1,pair,current,4096,3,5003913.4,4991314.8,5035053.4,3fb58062a905a380,5013849.8;4991314.8;5000207.1;4991760.2;5003913.4;5021897.6;5035053.4
linux,512,512,1,pair,current,8192,1,5000471.5,4971813.2,5064840.8,3fb58062a905a380,5014652.1;5001211.6;4971813.2;5000471.5;4974997.7;4989555.2;5064840.8
linux,512,512,1,pair,current,8192,2,5009369.7,4959349.5,5098319.3,3fb58062a905a380,5009422.2;4993640.0;5023843.5;5098319.3;5009369.7;4997381.7;4959349.5
linux,512,512,1,pair,current,8192,3,4989855.1,4963527.4,5049344.7,3fb58062a905a380,4989855.1;5003650.4;4970559.2;4963527.4;4977154.1;5027177.6;5049344.7
linux,512,512,1,pair,pr197,1024,1,5056254.4,5022214.8,5137456.2,3fb58062a905a380,5050495.2;5066863.8;5057926.8;5056254.4;5022421.0;5022214.8;5137456.2
linux,512,512,1,pair,pr197,1024,2,5190502.8,5146560.2,5337089.4,3fb58062a905a380,5164955.9;5146560.2;5169614.8;5190502.8;5285433.0;5337089.4;5250776.3
linux,512,512,1,pair,pr197,1024,3,5077589.2,5046571.8,5147539.5,3fb58062a905a380,5147539.5;5046571.8;5054973.7;5099541.7;5047669.8;5077589.2;5083252.4
linux,512,512,1,pair,pr197,4096,1,5014584.6,4976448.8,5062835.2,3fb58062a905a380,5062835.2;5011480.8;5024056.7;5019248.3;4976448.8;5014584.6;5002566.2
linux,512,512,1,pair,pr197,4096,2,5011582.9,4990125.6,5053538.4,3fb58062a905a380,5038389.8;5011582.9;5053538.4;5025562.0;5010623.7;5002054.1;4990125.6
linux,512,512,1,pair,pr197,4096,3,5019432.1,4988504.8,5092749.6,3fb58062a905a380,5074263.7;5015160.6;5019432.1;5092749.6;5033957.9;4988504.8;4994947.1
linux,512,512,6,candidate,current,1024,1,1131216.9,1120349.8,1178605.6,3fb58062a905a380,1154451.2;1133218.1;1131216.9;1178605.6;1129892.2;1120349.8;1130443.8
linux,512,512,6,candidate,current,1024,2,1121870.6,1112617.7,1144651.1,3fb58062a905a380,1144651.1;1113817.4;1124159.8;1121870.6;1112937.9;1112617.7;1122713.6
linux,512,512,6,candidate,current,1024,3,1124692.3,1111146.2,1151624.1,3fb58062a905a380,1124692.3;1111146.2;1131526.0;1120169.6;1121037.9;1151624.1;1135092.8
linux,512,512,6,candidate,current,2048,1,1121555.6,1111711.4,1150779.5,3fb58062a905a380,1119682.8;1121555.6;1111711.4;1139694.5;1121164.3;1146319.2;1150779.5
linux,512,512,6,candidate,current,2048,2,1124242.9,1108848.8,1146426.7,3fb58062a905a380,1137149.5;1109803.5;1146426.7;1112029.9;1133982.7;1108848.8;1124242.9
linux,512,512,6,candidate,current,2048,3,1129975.5,1126265.9,1141812.7,3fb58062a905a380,1133549.8;1126265.9;1130358.8;1129944.3;1129975.5;1127760.9;1141812.7
linux,512,512,6,candidate,current,4096,1,1146999.1,1119968.3,1156549.2,3fb58062a905a380,1156549.2;1146999.1;1156151.1;1148099.9;1121435.9;1119968.3;1124445.4
linux,512,512,6,candidate,current,4096,2,1133710.5,1121224.2,1154612.4,3fb58062a905a380,1145546.5;1133710.5;1154612.4;1123794.5;1121224.2;1134078.9;1124594.0
linux,512,512,6,candidate,current,4096,3,1118336.3,1112409.2,1134776.7,3fb58062a905a380,1118336.3;1117003.1;1122059.0;1119250.9;1134776.7;1112409.2;1112847.2
linux,512,512,6,candidate,current,8192,1,1108137.3,1094633.8,1121276.2,3fb58062a905a380,1108137.3;1094633.8;1121276.2;1106209.5;1101117.8;1119876.3;1109179.8
linux,512,512,6,candidate,current,8192,2,1119801.4,1108647.0,1218824.0,3fb58062a905a380,1127350.3;1166839.9;1218824.0;1119801.4;1112867.8;1115394.3;1108647.0
linux,512,512,6,candidate,current,8192,3,1099458.3,1087584.8,1114309.4,3fb58062a905a380,1104777.1;1099458.3;1105206.8;1094888.3;1087584.8;1097261.7;1114309.4
linux,512,512,6,candidate,modes,1024,1,1111106.9,1101506.7,1128111.2,3fb58062a905a380,1112347.4;1101506.7;1109294.2;1105130.8;1118246.5;1111106.9;1128111.2
linux,512,512,6,candidate,modes,1024,2,1116231.2,1108705.1,1133232.8,3fb58062a905a380,1133232.8;1126000.7;1116231.2;1126032.6;1108705.1;1115730.8;1110057.3
linux,512,512,6,candidate,modes,1024,3,1115832.7,1105865.2,1153921.5,3fb58062a905a380,1134296.1;1105865.2;1153921.5;1114378.6;1126377.2;1115832.7;1109260.9
linux,512,512,6,candidate,modes,4096,1,1119152.0,1109224.5,1128871.4,3fb58062a905a380,1119152.0;1126482.9;1109460.7;1109224.5;1122864.2;1117651.0;1128871.4
linux,512,512,6,candidate,modes,4096,2,1124478.0,1111112.8,1137004.7,3fb58062a905a380,1137004.7;1124478.0;1130842.3;1128359.1;1111112.8;1118062.1;1116963.4
linux,512,512,6,candidate,modes,4096,3,1128684.5,1121741.7,1135473.5,3fb58062a905a380,1132622.4;1124507.5;1128215.3;1128912.2;1135473.5;1128684.5;1121741.7
linux,512,512,6,compare,current,1024,1,556544.5,548128.8,582009.6,3fb58062a905a380,548128.8;556544.5;556396.5;554609.7;582009.6;567491.7;561236.1
linux,512,512,6,compare,current,1024,2,567799.9,555347.0,579663.9,3fb58062a905a380,555347.0;567799.9;572756.0;563703.9;568068.8;566386.3;579663.9
linux,512,512,6,compare,current,1024,3,558442.7,556201.8,566895.8,3fb58062a905a380,562023.7;561779.9;557609.5;558442.7;556201.8;557322.8;566895.8
linux,512,512,6,compare,current,2048,1,544551.4,541025.3,554099.5,3fb58062a905a380,551653.5;547325.4;541025.3;542426.4;554099.5;544551.4;543139.0
linux,512,512,6,compare,current,2048,2,550674.6,543468.5,556934.2,3fb58062a905a380,543468.5;550184.0;555454.8;555702.8;550674.6;543884.6;556934.2
linux,512,512,6,compare,current,2048,3,558764.8,555794.8,563395.4,3fb58062a905a380,560838.2;560267.1;557267.4;557299.2;563395.4;555794.8;558764.8
linux,512,512,6,compare,current,4096,1,555603.9,546167.6,559380.4,3fb58062a905a380,556068.3;559380.4;556342.7;547881.8;546167.6;555603.9;553736.8
linux,512,512,6,compare,current,4096,2,545923.5,543278.8,556267.5,3fb58062a905a380,554749.3;556267.5;555714.2;544926.8;543278.8;544026.3;545923.5
linux,512,512,6,compare,current,4096,3,556866.1,546253.3,562997.9,3fb58062a905a380,562997.9;558280.5;558822.9;546253.3;556025.4;556567.2;556866.1
linux,512,512,6,compare,current,8192,1,556469.2,550126.2,559272.6,3fb58062a905a380,556469.2;558190.5;556875.0;550126.2;559272.6;552573.5;554154.7
linux,512,512,6,compare,current,8192,2,557573.0,551673.4,566387.6,3fb58062a905a380,557573.0;552206.6;554833.2;558964.1;564159.7;551673.4;566387.6
linux,512,512,6,compare,current,8192,3,546079.9,541686.5,555082.0,3fb58062a905a380,548277.2;545694.3;544648.6;541686.5;546538.8;555082.0;546079.9
linux,512,512,6,compare,pr197,1024,1,562206.7,557477.0,567301.1,3fb58062a905a380,564561.8;562251.1;567301.1;557477.0;562206.7;558224.4;560052.1
linux,512,512,6,compare,pr197,1024,2,555135.5,544028.4,562134.7,3fb58062a905a380,544028.4;555135.5;547109.9;553681.4;560850.6;556488.5;562134.7
linux,512,512,6,compare,pr197,1024,3,570712.2,563395.5,577022.9,3fb58062a905a380,572471.5;572704.1;566438.3;570712.2;563395.5;577022.9;570610.7
linux,512,512,6,compare,pr197,4096,1,550269.1,546692.5,560461.0,3fb58062a905a380,560461.0;550269.1;558347.0;548879.0;548673.6;546692.5;556506.8
linux,512,512,6,compare,pr197,4096,2,554208.1,546144.3,561973.2,3fb58062a905a380,546144.3;552449.7;557491.1;554208.1;551264.7;557054.1;561973.2
linux,512,512,6,compare,pr197,4096,3,542697.7,536928.8,550550.7,3fb58062a905a380,550550.7;547991.3;537736.3;536928.8;542697.7;539471.5;548082.4
linux,512,512,6,pair,current,1024,1,1648521.9,1636606.9,1678624.1,3fb58062a905a380,1678624.1;1653846.4;1642424.4;1648989.3;1645914.5;1636606.9;1648521.9
linux,512,512,6,pair,current,1024,2,1653244.9,1632723.3,1676022.0,3fb58062a905a380,1663081.5;1662264.5;1653244.9;1638923.4;1676022.0;1644236.2;1632723.3
linux,512,512,6,pair,current,1024,3,1655392.8,1641419.5,1688623.4,3fb58062a905a380,1664174.6;1688623.4;1641419.5;1681235.5;1652623.5;1641509.2;1655392.8
linux,512,512,6,pair,current,2048,1,1660353.6,1647039.7,1678975.9,3fb58062a905a380,1678975.9;1660353.6;1647039.7;1673815.9;1648898.3;1671321.4;1649091.6
linux,512,512,6,pair,current,2048,2,1658693.4,1649115.2,1672849.6,3fb58062a905a380,1657633.8;1659823.1;1654861.8;1658693.4;1672849.6;1671559.9;1649115.2
linux,512,512,6,pair,current,2048,3,1671761.4,1649244.4,1732640.3,3fb58062a905a380,1732640.3;1673644.9;1649244.4;1653174.8;1685067.2;1671761.4;1657312.2
linux,512,512,6,pair,current,4096,1,1653325.9,1632806.7,1726582.3,3fb58062a905a380,1726582.3;1637408.9;1663931.7;1661299.7;1653325.9;1637132.5;1632806.7
linux,512,512,6,pair,current,4096,2,1653335.9,1639910.7,1765653.3,3fb58062a905a380,1765653.3;1639910.7;1652480.3;1658451.1;1655735.9;1653335.9;1640341.0
linux,512,512,6,pair,current,4096,3,1657291.0,1613491.7,1698405.6,3fb58062a905a380,1698405.6;1649588.0;1683116.6;1657981.5;1657291.0;1613491.7;1651850.4
linux,512,512,6,pair,current,8192,1,1656893.0,1629959.9,1672200.0,3fb58062a905a380,1656893.0;1666799.1;1647968.5;1658951.5;1672200.0;1644856.9;1629959.9
linux,512,512,6,pair,current,8192,2,1695219.6,1649027.8,1714304.9,3fb58062a905a380,1676247.4;1699885.6;1714304.9;1695219.6;1696144.9;1678706.2;1649027.8
linux,512,512,6,pair,current,8192,3,1648856.9,1639314.2,1686209.9,3fb58062a905a380,1679565.9;1686209.9;1648856.9;1639314.2;1647265.5;1657927.4;1642406.2
linux,512,512,6,pair,pr197,1024,1,2062506.4,2044137.2,2106457.8,3fb58062a905a380,2059603.2;2095865.6;2106457.8;2059132.4;2062506.4;2070100.8;2044137.2
linux,512,512,6,pair,pr197,1024,2,2078054.9,2062358.8,2130203.2,3fb58062a905a380,2077018.4;2093024.3;2062358.8;2087434.1;2078054.9;2130203.2;2063351.4
linux,512,512,6,pair,pr197,1024,3,2068653.4,2046024.1,2096953.2,3fb58062a905a380,2076875.8;2089986.5;2068653.4;2060878.3;2096953.2;2046024.1;2058560.6
linux,512,512,6,pair,pr197,4096,1,2084291.9,2064286.1,2124197.3,3fb58062a905a380,2108068.1;2124197.3;2088538.3;2084291.9;2069117.0;2082876.4;2064286.1
linux,512,512,6,pair,pr197,4096,2,2076330.9,2057126.9,2116464.4,3fb58062a905a380,2105610.7;2076330.9;2068070.3;2066065.8;2116464.4;2076516.8;2057126.9
linux,512,512,6,pair,pr197,4096,3,2021022.6,2001424.4,2073029.5,3fb58062a905a380,2073029.5;2021300.5;2018210.6;2009968.7;2001424.4;2030386.8;2021022.6
mac,256,256,1,candidate,current,1024,1,825308.8,824383.0,827102.7,3fb3c1b3af7b9090,824495.4;825791.1;827102.7;825308.8;825404.7;824383.0;825146.7
mac,256,256,1,candidate,current,1024,2,825362.5,825032.0,827392.7,3fb3c1b3af7b9090,825362.5;827392.7;825169.5;825344.2;825032.0;825806.5;825622.7
mac,256,256,1,candidate,current,1024,3,823745.4,822922.9,824896.7,3fb3c1b3af7b9090,824725.5;822922.9;824113.0;824896.7;823525.1;823319.1;823745.4
mac,256,256,1,candidate,current,2048,1,822679.8,821855.3,830825.9,3fb3c1b3af7b9090,821970.3;822211.8;826874.4;830825.9;821855.3;822679.8;825496.0
mac,256,256,1,candidate,current,2048,2,822368.2,821438.1,823981.7,3fb3c1b3af7b9090,821531.0;823981.7;822764.8;822368.2;821934.4;821438.1;822619.9
mac,256,256,1,candidate,current,2048,3,827339.6,826553.7,831792.2,3fb3c1b3af7b9090,826553.7;828006.8;827965.8;831792.2;826798.5;827339.6;826573.1
mac,256,256,1,candidate,current,4096,1,821895.3,820475.2,823794.5,3fb3c1b3af7b9090,822496.6;820585.6;820475.2;821599.7;821895.3;822111.5;823794.5
mac,256,256,1,candidate,current,4096,2,820092.3,819512.4,821378.9,3fb3c1b3af7b9090,820474.1;821378.9;820092.3;820088.4;819512.4;820067.6;820317.0
mac,256,256,1,candidate,current,4096,3,820454.4,819349.7,821320.9,3fb3c1b3af7b9090,819622.7;820781.5;821109.2;821320.9;820454.4;819349.7;819731.4
mac,256,256,1,candidate,current,8192,1,822706.1,820281.0,824134.7,3fb3c1b3af7b9090,822708.9;824134.7;822852.2;822706.1;822588.5;820281.0;821586.1
mac,256,256,1,candidate,current,8192,2,817974.1,816349.1,820701.0,3fb3c1b3af7b9090,819086.1;817974.1;818078.3;820701.0;817884.0;817522.0;816349.1
mac,256,256,1,candidate,current,8192,3,818971.3,817868.2,820971.3,3fb3c1b3af7b9090,819640.2;818971.3;820971.3;818850.8;817868.2;818544.5;819064.2
mac,256,256,1,compare,current,1024,1,343132.4,342737.0,345153.5,3fb3c1b3af7b9090,343394.3;345153.5;343790.2;342800.0;342807.3;342737.0;343132.4
mac,256,256,1,compare,current,1024,2,342713.1,342469.5,344446.2,3fb3c1b3af7b9090,342469.5;342508.5;342500.2;342713.1;344446.2;342790.7;343742.1
mac,256,256,1,compare,current,1024,3,344391.2,344110.2,345226.8,3fb3c1b3af7b9090,344496.2;345226.8;344836.2;344110.2;344391.2;344186.9;344187.6
mac,256,256,1,compare,current,2048,1,347747.8,347068.2,348139.5,3fb3c1b3af7b9090,347827.8;347581.6;348139.5;347911.8;347747.8;347196.0;347068.2
mac,256,256,1,compare,current,2048,2,340264.8,339691.6,342111.7,3fb3c1b3af7b9090,340486.6;340264.8;340143.4;339691.6;342111.7;340476.7;340104.3
mac,256,256,1,compare,current,2048,3,340905.4,340639.6,342368.6,3fb3c1b3af7b9090,340905.4;340820.6;341788.1;342368.6;340850.5;341170.0;340639.6
mac,256,256,1,compare,current,4096,1,339594.6,339224.6,342295.9,3fb3c1b3af7b9090,340162.9;342295.9;339438.8;339847.5;339594.6;339224.6;339390.1
mac,256,256,1,compare,current,4096,2,347898.4,347489.4,348668.6,3fb3c1b3af7b9090,348304.2;348509.9;347898.4;347841.8;347649.1;348668.6;347489.4
mac,256,256,1,compare,current,4096,3,338743.9,337376.2,339815.4,3fb3c1b3af7b9090,338456.7;338743.9;339117.9;339080.0;339815.4;338114.2;337376.2
mac,256,256,1,compare,current,8192,1,338786.7,338300.8,339674.4,3fb3c1b3af7b9090,339321.3;339674.4;338721.0;338601.6;338300.8;339097.5;338786.7
mac,256,256,1,compare,current,8192,2,337998.8,337544.5,338665.3,3fb3c1b3af7b9090,338116.6;337998.8;337744.8;337914.1;338329.4;337544.5;338665.3
mac,256,256,1,compare,current,8192,3,337245.8,336914.6,337894.9,3fb3c1b3af7b9090,337166.9;337440.5;337894.9;336914.6;337231.7;337245.8;337351.6
mac,256,256,1,pair,current,1024,1,1303459.2,1301687.1,1306438.4,3fb3c1b3af7b9090,1302469.0;1303459.2;1301983.2;1303468.1;1306438.4;1301687.1;1303519.5
mac,256,256,1,pair,current,1024,2,1301855.5,1299491.1,1304577.0,3fb3c1b3af7b9090,1301855.5;1300766.9;1299491.1;1302123.2;1302093.1;1304577.0;1299844.9
mac,256,256,1,pair,current,1024,3,1299406.9,1294243.8,1307190.2,3fb3c1b3af7b9090,1299406.9;1299693.3;1294383.0;1294243.8;1298852.0;1301657.8;1307190.2
mac,256,256,1,pair,current,2048,1,1302021.3,1301026.6,1307221.0,3fb3c1b3af7b9090,1302355.5;1302021.3;1301497.3;1301110.8;1303250.0;1307221.0;1301026.6
mac,256,256,1,pair,current,2048,2,1306728.3,1305154.9,1312215.6,3fb3c1b3af7b9090,1305382.2;1306761.8;1305154.9;1306546.2;1306868.7;1312215.6;1306728.3
mac,256,256,1,pair,current,2048,3,1298562.1,1297264.2,1307845.1,3fb3c1b3af7b9090,1298562.1;1297611.7;1299756.2;1297264.2;1307845.1;1300754.4;1298369.7
mac,256,256,1,pair,current,4096,1,1294594.0,1293141.9,1296841.3,3fb3c1b3af7b9090,1294581.6;1293141.9;1294594.0;1293967.2;1295082.4;1296841.3;1294683.5
mac,256,256,1,pair,current,4096,2,1307292.6,1305202.9,1309739.1,3fb3c1b3af7b9090,1307288.0;1309236.4;1307292.6;1309739.1;1305202.9;1305668.5;1307543.5
mac,256,256,1,pair,current,4096,3,1295284.6,1293336.9,1300151.6,3fb3c1b3af7b9090,1295284.6;1298703.0;1294937.1;1293512.4;1293336.9;1296477.0;1300151.6
mac,256,256,1,pair,current,8192,1,1300001.8,1288796.1,1331420.3,3fb3c1b3af7b9090,1297046.1;1288796.1;1300001.8;1311923.9;1331420.3;1301215.4;1296606.4
mac,256,256,1,pair,current,8192,2,1293169.3,1290220.7,1295309.4,3fb3c1b3af7b9090,1295309.4;1293169.3;1295109.9;1293228.7;1291894.5;1290220.7;1292099.3
mac,256,256,1,pair,current,8192,3,1295656.9,1292383.0,1297187.1,3fb3c1b3af7b9090,1295547.0;1292383.0;1295287.2;1295656.9;1296926.4;1295692.4;1297187.1
mac,256,256,12,candidate,current,1024,1,521215.5,517887.1,543535.7,3fb3c1b3af7b9090,521215.5;525740.6;543535.7;520283.0;517887.1;520905.9;524176.5
mac,256,256,12,candidate,current,1024,2,533017.3,519755.0,541715.8,3fb3c1b3af7b9090,519755.0;533017.3;541715.8;530687.5;535975.8;529408.6;533285.4
mac,256,256,12,candidate,current,1024,3,525380.8,517398.3,536776.8,3fb3c1b3af7b9090,529277.0;536776.8;523275.4;526697.5;517398.3;522497.5;525380.8
mac,256,256,12,candidate,current,2048,1,513458.3,495508.9,536093.4,3fb3c1b3af7b9090,536093.4;518123.2;518748.9;505147.4;505907.2;513458.3;495508.9
mac,256,256,12,candidate,current,2048,2,532698.8,511090.8,546081.4,3fb3c1b3af7b9090,545450.5;515763.2;536599.3;546081.4;532698.8;511090.8;519881.5
mac,256,256,12,candidate,current,2048,3,514812.7,510415.3,533194.7,3fb3c1b3af7b9090,533194.7;514812.7;510415.3;512448.1;514361.5;530230.3;526482.5
mac,256,256,12,candidate,current,4096,1,515648.5,506595.2,527655.7,3fb3c1b3af7b9090,515648.5;516830.5;527655.7;506595.2;513748.9;520474.5;510343.6
mac,256,256,12,candidate,current,4096,2,514346.9,496739.3,528602.7,3fb3c1b3af7b9090,520281.6;500807.6;500049.9;528602.7;514346.9;519661.6;496739.3
mac,256,256,12,candidate,current,4096,3,514949.1,507614.8,532535.4,3fb3c1b3af7b9090,514949.1;513870.7;517524.8;507614.8;532535.4;510350.3;524534.4
mac,256,256,12,candidate,current,8192,1,531465.3,519367.8,551641.7,3fb3c1b3af7b9090,519367.8;531465.3;536328.1;523930.8;540423.4;520599.5;551641.7
mac,256,256,12,candidate,current,8192,2,524496.0,513618.6,537291.7,3fb3c1b3af7b9090,517347.0;524496.0;513618.6;526598.7;537291.7;516844.7;532581.9
mac,256,256,12,candidate,current,8192,3,523104.3,514634.3,531052.4,3fb3c1b3af7b9090,520525.9;531052.4;523734.1;524317.0;514634.3;523104.3;515957.3
mac,256,256,12,compare,current,1024,1,247949.4,240305.5,251451.5,3fb3c1b3af7b9090,240305.5;246731.0;250130.7;251451.5;247968.1;244334.9;247949.4
mac,256,256,12,compare,current,1024,2,249136.9,241510.2,256561.8,3fb3c1b3af7b9090,256561.8;249895.4;241510.2;248929.1;244755.1;249136.9;254113.9
mac,256,256,12,compare,current,1024,3,245642.3,238867.6,257678.6,3fb3c1b3af7b9090,257678.6;247396.3;238867.6;246653.0;242625.7;245642.3;244807.8
mac,256,256,12,compare,current,2048,1,313765.0,305091.4,327707.9,3fb3c1b3af7b9090,311838.7;313207.0;317090.4;313765.0;316037.7;327707.9;305091.4
mac,256,256,12,compare,current,2048,2,239563.4,237755.9,244759.7,3fb3c1b3af7b9090,241689.8;239563.4;244759.7;237755.9;241344.7;238011.0;238059.0
mac,256,256,12,compare,current,2048,3,332033.4,310259.2,350004.4,3fb3c1b3af7b9090,350004.4;345525.4;319262.9;335428.9;310259.2;320097.7;332033.4
mac,256,256,12,compare,current,4096,1,276915.5,274084.5,286230.5,3fb3c1b3af7b9090,285058.8;286230.5;276915.5;274217.3;274084.5;280576.3;275754.8
mac,256,256,12,compare,current,4096,2,238838.8,231631.4,241841.9,3fb3c1b3af7b9090,241841.9;241398.4;240057.5;236779.7;231631.4;238838.8;237321.1
mac,256,256,12,compare,current,4096,3,240707.5,238503.1,243456.1,3fb3c1b3af7b9090,239194.4;241948.1;240707.5;238503.1;242027.1;243456.1;238518.5
mac,256,256,12,compare,current,8192,1,258751.4,252810.1,261270.8,3fb3c1b3af7b9090,258751.4;256486.1;256597.8;260615.3;252810.1;259512.8;261270.8
mac,256,256,12,compare,current,8192,2,253278.8,246715.8,260213.9,3fb3c1b3af7b9090,246715.8;260213.9;256055.7;259768.8;252390.8;252662.3;253278.8
mac,256,256,12,compare,current,8192,3,246676.9,245517.9,254564.6,3fb3c1b3af7b9090,248242.4;254564.6;246385.9;245517.9;247914.8;245767.5;246676.9
mac,256,256,12,pair,current,1024,1,785224.0,768206.2,794247.2,3fb3c1b3af7b9090,786350.6;785224.0;785464.3;794247.2;770674.2;768206.2;778484.5
mac,256,256,12,pair,current,1024,2,805193.3,776433.2,811603.0,3fb3c1b3af7b9090,776433.2;810920.6;806110.5;776790.1;811603.0;778690.7;805193.3
mac,256,256,12,pair,current,1024,3,795504.4,773965.8,808376.7,3fb3c1b3af7b9090,805226.1;775383.6;795504.4;808376.7;787747.3;773965.8;801961.7
mac,256,256,12,pair,current,2048,1,790028.0,768647.2,812736.5,3fb3c1b3af7b9090,812736.5;781971.9;772828.0;768647.2;790028.0;801086.1;796627.2
mac,256,256,12,pair,current,2048,2,786573.6,779954.5,805057.2,3fb3c1b3af7b9090,781763.0;779954.5;791540.6;786942.6;782399.9;786573.6;805057.2
mac,256,256,12,pair,current,2048,3,801142.8,795253.8,818323.8,3fb3c1b3af7b9090,798581.7;797237.4;801142.8;818323.8;795253.8;806491.1;802554.4
mac,256,256,12,pair,current,4096,1,782543.3,771903.8,796117.9,3fb3c1b3af7b9090,778791.7;789784.0;796117.9;782543.3;771903.8;781118.5;795797.1
mac,256,256,12,pair,current,4096,2,782877.7,760519.0,795566.9,3fb3c1b3af7b9090,782877.7;773880.3;787044.4;795566.9;760519.0;776360.0;788212.1
mac,256,256,12,pair,current,4096,3,777089.2,768924.1,806374.4,3fb3c1b3af7b9090,777089.2;774082.3;768924.1;772872.9;806374.4;799530.2;781325.2
mac,256,256,12,pair,current,8192,1,802850.5,788454.0,811072.8,3fb3c1b3af7b9090,797673.8;811072.8;788454.0;802850.5;806048.9;806123.3;800821.1
mac,256,256,12,pair,current,8192,2,790449.6,775199.3,803778.3,3fb3c1b3af7b9090,801423.9;775199.3;803778.3;790449.6;778386.8;801715.0;786873.4
mac,256,256,12,pair,current,8192,3,798886.0,785352.3,820095.7,3fb3c1b3af7b9090,798886.0;798292.8;785352.3;820095.7;803783.9;804165.5;793133.8
mac,256,256,6,candidate,current,1024,1,328265.3,326968.3,331372.3,3fb3c1b3af7b9090,327985.4;328440.8;330687.3;328265.3;326968.3;327687.7;331372.3
mac,256,256,6,candidate,current,1024,2,333465.5,332028.3,334782.9,3fb3c1b3af7b9090,332160.9;334751.2;334782.9;334776.4;333465.5;332028.3;332693.6
mac,256,256,6,candidate,current,1024,3,405761.8,390701.6,434679.6,3fb3c1b3af7b9090,419121.2;399517.1;405761.8;434679.6;390701.6;410943.9;404081.7
mac,256,256,6,candidate,current,2048,1,335418.1,331721.9,341000.0,3fb3c1b3af7b9090,331721.9;333742.8;335418.1;334771.1;337562.5;337355.8;341000.0
mac,256,256,6,candidate,current,2048,2,332266.3,327852.4,334449.1,3fb3c1b3af7b9090,332266.3;329782.7;327852.4;332186.2;334271.5;334294.7;334449.1
mac,256,256,6,candidate,current,2048,3,336688.1,330295.3,339682.7,3fb3c1b3af7b9090,338461.8;330295.3;337986.2;336688.1;334175.7;334295.4;339682.7
mac,256,256,6,candidate,current,4096,1,335002.1,331577.6,340328.9,3fb3c1b3af7b9090,335002.1;333797.2;331577.6;337639.7;333760.2;340328.9;336342.6
mac,256,256,6,candidate,current,4096,2,344030.2,339874.1,347541.9,3fb3c1b3af7b9090,347541.9;344030.2;345877.4;339874.1;342621.9;344841.0;343276.2
mac,256,256,6,candidate,current,4096,3,353366.2,349552.8,368381.9,3fb3c1b3af7b9090,349552.8;359378.7;353366.2;353100.0;349956.6;355060.2;368381.9
mac,256,256,6,candidate,current,8192,1,341996.9,340802.0,343522.1,3fb3c1b3af7b9090,340802.0;341996.9;343522.1;343001.9;342022.3;341773.9;341827.4
mac,256,256,6,candidate,current,8192,2,343185.7,341317.9,348304.9,3fb3c1b3af7b9090,347014.7;341317.9;342629.3;343915.2;341417.9;343185.7;348304.9
mac,256,256,6,candidate,current,8192,3,346971.8,343480.0,383698.2,3fb3c1b3af7b9090,343480.0;344303.8;346971.8;346393.2;366367.1;381355.5;383698.2
mac,256,256,6,compare,current,1024,1,188170.2,187582.8,190408.5,3fb3c1b3af7b9090,190308.0;188177.8;187582.8;188026.4;188170.2;190408.5;188092.3
mac,256,256,6,compare,current,1024,2,198330.0,196348.7,199566.9,3fb3c1b3af7b9090,196348.7;198613.3;197428.9;198330.0;199566.9;198108.9;198551.8
mac,256,256,6,compare,current,1024,3,209222.3,203708.6,218770.1,3fb3c1b3af7b9090,203708.6;207318.0;209222.3;209646.2;211466.1;205801.4;218770.1
mac,256,256,6,compare,current,2048,1,187353.1,186272.4,194529.7,3fb3c1b3af7b9090,194529.7;189516.8;188628.0;186749.1;186272.4;187353.1;187071.3
mac,256,256,6,compare,current,2048,2,230007.2,225926.1,234176.4,3fb3c1b3af7b9090,232652.5;231993.9;234176.4;227612.8;230007.2;227556.3;225926.1
mac,256,256,6,compare,current,2048,3,193035.6,191229.4,199054.2,3fb3c1b3af7b9090,193950.4;191374.5;191229.4;193376.1;199054.2;192157.7;193035.6
mac,256,256,6,compare,current,4096,1,188255.4,187106.6,190316.3,3fb3c1b3af7b9090,190316.3;188255.4;187106.6;188792.1;188139.2;188203.2;189497.9
mac,256,256,6,compare,current,4096,2,190987.2,190270.0,191221.5,3fb3c1b3af7b9090,191221.5;190603.3;190987.2;190337.9;191064.8;190270.0;191191.7
mac,256,256,6,compare,current,4096,3,190031.6,189339.8,190959.7,3fb3c1b3af7b9090,190031.6;189882.4;190472.8;189670.5;190215.1;190959.7;189339.8
mac,256,256,6,compare,current,8192,1,227314.9,225965.8,231054.6,3fb3c1b3af7b9090,226561.8;227530.9;228873.1;227314.9;225965.8;227184.1;231054.6
mac,256,256,6,compare,current,8192,2,198129.0,196785.8,199769.2,3fb3c1b3af7b9090,196785.8;199769.2;198790.6;197491.1;198081.5;198129.0;198345.3
mac,256,256,6,compare,current,8192,3,220583.2,210151.4,323184.1,3fb3c1b3af7b9090,320866.8;323184.1;303465.1;210151.4;215397.0;216975.0;220583.2
mac,256,256,6,pair,current,1024,1,495195.7,489773.7,505295.5,3fb3c1b3af7b9090,495430.7;496131.5;495195.7;505295.5;492154.0;495125.7;489773.7
mac,256,256,6,pair,current,1024,2,496234.2,488226.0,506512.3,3fb3c1b3af7b9090,489359.1;504282.6;500318.8;506512.3;496234.2;492580.9;488226.0
mac,256,256,6,pair,current,1024,3,494243.9,491811.1,502298.3,3fb3c1b3af7b9090,495204.6;494243.9;491811.1;494159.8;497598.7;492263.0;502298.3
mac,256,256,6,pair,current,2048,1,508431.7,496116.5,515169.9,3fb3c1b3af7b9090,501747.9;515169.9;511090.8;496882.2;514508.5;508431.7;496116.5
mac,256,256,6,pair,current,2048,2,503042.0,491630.8,505741.9,3fb3c1b3af7b9090,505741.9;491630.8;504304.6;500436.1;503042.0;497661.9;505523.8
mac,256,256,6,pair,current,2048,3,499476.9,489610.1,504594.5,3fb3c1b3af7b9090,490852.6;500518.4;489610.1;504594.5;501362.8;499476.9;498293.0
mac,256,256,6,pair,current,4096,1,497762.4,489979.3,508645.5,3fb3c1b3af7b9090,489979.3;492281.8;497762.4;506320.4;501914.6;508645.5;492117.5
mac,256,256,6,pair,current,4096,2,494180.7,492118.5,507600.1,3fb3c1b3af7b9090,498159.1;493783.1;492492.5;494180.7;492118.5;507600.1;504205.9
mac,256,256,6,pair,current,4096,3,505232.0,488065.7,507609.9,3fb3c1b3af7b9090,505232.0;501246.9;488065.7;500834.0;506626.4;507609.9;507500.4
mac,256,256,6,pair,current,8192,1,506652.3,500020.8,524154.0,3fb3c1b3af7b9090,524154.0;507007.0;500020.8;501666.0;510681.1;505225.8;506652.3
mac,256,256,6,pair,current,8192,2,506608.9,495437.8,526615.9,3fb3c1b3af7b9090,510137.4;498218.0;503983.7;506608.9;495437.8;512092.5;526615.9
mac,256,256,6,pair,current,8192,3,502908.7,494762.6,513851.9,3fb3c1b3af7b9090,494762.6;495216.5;502908.7;507944.0;503095.5;500634.7;513851.9
mac,3840,2160,1,candidate,current,1024,1,105519500.0,105114125.0,114598875.0,3fb3e9db32af9790,105519500.0;105114125.0;114598875.0;105739500.0;105186708.0;105664417.0;105150208.0
mac,3840,2160,1,candidate,current,1024,2,105527000.0,105073583.0,114116333.0,3fb3e9db32af9790,106354875.0;105983333.0;114116333.0;105073583.0;105434458.0;105122708.0;105527000.0
mac,3840,2160,1,candidate,current,1024,3,108049791.0,104964208.0,110862167.0,3fb3e9db32af9790,105360542.0;108585625.0;110862167.0;106021042.0;104964208.0;108049791.0;108961458.0
mac,3840,2160,1,candidate,current,2048,1,105444167.0,104609709.0,110204500.0,3fb3e9db32af9790,105444167.0;104738708.0;110204500.0;106942125.0;107355500.0;104881875.0;104609709.0
mac,3840,2160,1,candidate,current,2048,2,105637083.0,104231833.0,109942750.0,3fb3e9db32af9790,105157250.0;104231833.0;109942750.0;106348250.0;107880917.0;104844625.0;105637083.0
mac,3840,2160,1,candidate,current,2048,3,110087250.0,107255209.0,113517834.0,3fb3e9db32af9790,110087250.0;107255209.0;113517834.0;108066250.0;111555875.0;107924042.0;112517750.0
mac,3840,2160,1,candidate,current,4096,1,108021500.0,104539125.0,110332083.0,3fb3e9db32af9790,108054625.0;106588333.0;110332083.0;104716083.0;104539125.0;108021500.0;108388833.0
mac,3840,2160,1,candidate,current,4096,2,105192542.0,104225459.0,110553166.0,3fb3e9db32af9790,104783583.0;104653750.0;110553166.0;105192542.0;108508916.0;105559416.0;104225459.0
mac,3840,2160,1,candidate,current,4096,3,107728958.0,104946916.0,109975458.0,3fb3e9db32af9790,107728958.0;108649500.0;109975458.0;106400208.0;104946916.0;104976333.0;108328750.0
mac,3840,2160,1,candidate,current,8192,1,105319959.0,104603583.0,110111458.0,3fb3e9db32af9790,105319959.0;104603583.0;110111458.0;105114333.0;108480625.0;107486208.0;104704709.0
mac,3840,2160,1,candidate,current,8192,2,106850083.0,104081833.0,109705250.0,3fb3e9db32af9790,106850083.0;106861541.0;109705250.0;104882500.0;104081833.0;105061084.0;107492083.0
mac,3840,2160,1,candidate,current,8192,3,105279416.0,104211667.0,111801542.0,3fb3e9db32af9790,105279416.0;104466083.0;111801542.0;107290291.0;104211667.0;107505041.0;104846875.0
mac,3840,2160,1,compare,current,1024,1,42562792.0,42526562.5,45295645.5,3fb3e9db32af9790,42545270.5;42808167.0;45295645.5;42562792.0;42565729.0;42526562.5;42554354.5
mac,3840,2160,1,compare,current,1024,2,42599396.0,42518937.5,45383500.0,3fb3e9db32af9790,42599396.0;42558812.5;42518937.5;45383500.0;42628521.0;42605833.0;42540562.5
mac,3840,2160,1,compare,current,1024,3,42608312.5,42530750.0,43943062.5,3fb3e9db32af9790,42569646.0;42608312.5;42530750.0;43943062.5;43579062.5;42549396.0;42689500.0
mac,3840,2160,1,compare,current,2048,1,43504687.5,43445979.0,45702521.0,3fb3e9db32af9790,43482583.5;45702521.0;43538229.0;43518250.0;43474625.0;43445979.0;43504687.5
mac,3840,2160,1,compare,current,2048,2,42220770.5,42166000.0,43351770.5,3fb3e9db32af9790,42166000.0;42208229.5;43204625.0;43351770.5;42166562.5;42220770.5;42241416.5
mac,3840,2160,1,compare,current,2048,3,42191521.0,42178187.5,44227479.0,3fb3e9db32af9790,42277270.5;42191521.0;42180479.0;44227479.0;42406416.5;42178187.5;42187875.0
mac,3840,2160,1,compare,current,4096,1,43093333.5,43046812.5,45090750.0,3fb3e9db32af9790,43280166.5;43093333.5;43053604.0;43495271.0;45090750.0;43046812.5;43070041.5
mac,3840,2160,1,compare,current,4096,2,42226458.5,42193146.0,45617062.5,3fb3e9db32af9790,42226458.5;42220792.0;42900146.0;43774875.0;45617062.5;42208937.5;42193146.0
mac,3840,2160,1,compare,current,4096,3,42013833.0,41948125.0,43261604.5,3fb3e9db32af9790,42013833.0;41948125.0;43139083.0;43261604.5;42069875.0;41967666.5;41963208.5
mac,3840,2160,1,compare,current,8192,1,44935833.5,44828166.5,46993937.5,3fb3e9db32af9790,44888229.0;44946958.0;45298646.0;46993937.5;44834000.0;44828166.5;44935833.5
mac,3840,2160,1,compare,current,8192,2,41868625.0,41787229.5,44731395.5,3fb3e9db32af9790,41964937.5;41868625.0;41787229.5;41822062.5;44731395.5;41848250.0;41983083.5
mac,3840,2160,1,compare,current,8192,3,43654375.0,43326229.5,45637812.5,3fb3e9db32af9790,43344687.5;43654375.0;45637812.5;43326229.5;43470166.5;44558062.5;44552750.0
mac,3840,2160,1,compare,pr197,1024,1,42575896.0,42524625.0,45184208.0,3fb3e9db32af9790,42550833.5;42524625.0;42536562.5;42693875.0;42624854.5;45184208.0;42575896.0
mac,3840,2160,1,compare,pr197,1024,2,42675395.5,42587500.0,45511750.0,3fb3e9db32af9790,42587500.0;42643958.5;45511750.0;43013812.5;42837729.0;42639625.0;42675395.5
mac,3840,2160,1,compare,pr197,1024,3,43686250.0,43615042.0,45510229.0,3fb3e9db32af9790,43738020.5;45510229.0;44147333.5;43686250.0;43655687.5;43642666.5;43615042.0
mac,3840,2160,1,compare,pr197,4096,1,41995875.0,41933854.5,44520646.0,3fb3e9db32af9790,41980917.0;41977291.5;41995875.0;41933854.5;44520646.0;42029916.5;42016937.5
mac,3840,2160,1,compare,pr197,4096,2,41927021.0,41848083.5,44185541.5,3fb3e9db32af9790,41965458.5;41900479.5;41869645.5;44185541.5;41848083.5;42413229.0;41927021.0
mac,3840,2160,1,compare,pr197,4096,3,43158562.5,43096729.5,45407937.5,3fb3e9db32af9790,45407937.5;43615896.0;43096729.5;43118229.0;43158562.5;43106395.5;45233375.0
mac,3840,2160,1,pair,current,1024,1,168472750.0,167020042.0,171501542.0,3fb3e9db32af9790,168472750.0;167020042.0;171501542.0;170100875.0;167438792.0;167671209.0;170819583.0
mac,3840,2160,1,pair,current,1024,2,168940459.0,167087083.0,175432041.0,3fb3e9db32af9790,167989500.0;167136916.0;172155125.0;168940459.0;167087083.0;175432041.0;169175833.0
mac,3840,2160,1,pair,current,1024,3,168920250.0,167198083.0,172431334.0,3fb3e9db32af9790,168920250.0;171116500.0;167890875.0;169291083.0;172431334.0;168880041.0;167198083.0
mac,3840,2160,1,pair,current,2048,1,168118917.0,166767833.0,172946292.0,3fb3e9db32af9790,171512875.0;166952916.0;168027208.0;172946292.0;166767833.0;168118917.0;171658500.0
mac,3840,2160,1,pair,current,2048,2,169087375.0,167392458.0,173097375.0,3fb3e9db32af9790,168008583.0;167392458.0;173097375.0;170149208.0;169087375.0;170705250.0;168124708.0
mac,3840,2160,1,pair,current,2048,3,170103125.0,167517000.0,172184167.0,3fb3e9db32af9790,171774416.0;168952667.0;167517000.0;169172916.0;171738875.0;172184167.0;170103125.0
mac,3840,2160,1,pair,current,4096,1,169035834.0,166758084.0,175468917.0,3fb3e9db32af9790,170788916.0;166758084.0;169035834.0;172591042.0;167943125.0;166957625.0;175468917.0
mac,3840,2160,1,pair,current,4096,2,171837708.0,167455917.0,177647583.0,3fb3e9db32af9790,167455917.0;174056167.0;171837708.0;174172834.0;177647583.0;171524042.0;170975625.0
mac,3840,2160,1,pair,current,4096,3,167365542.0,166505292.0,172216375.0,3fb3e9db32af9790,171052875.0;166505292.0;167365542.0;172216375.0;166647959.0;166993625.0;171425375.0
mac,3840,2160,1,pair,current,8192,1,168101375.0,166569167.0,172868791.0,3fb3e9db32af9790,168101375.0;166569167.0;170884084.0;168139959.0;167816166.0;172868791.0;166618959.0
mac,3840,2160,1,pair,current,8192,2,169191625.0,166230791.0,172663708.0,3fb3e9db32af9790,168391375.0;167298834.0;170069167.0;169498833.0;169191625.0;172663708.0;166230791.0
mac,3840,2160,1,pair,current,8192,3,167986167.0,166711625.0,170449292.0,3fb3e9db32af9790,167255541.0;170449292.0;167986167.0;169435208.0;170335125.0;167139834.0;166711625.0
mac,3840,2160,1,pair,pr197,1024,1,170952958.0,169235708.0,173732459.0,3fb3e9db32af9790,173732459.0;172284458.0;169760042.0;170952958.0;172584458.0;169710667.0;169235708.0
mac,3840,2160,1,pair,pr197,1024,2,170949375.0,168427667.0,175857459.0,3fb3e9db32af9790,175857459.0;172092833.0;168669833.0;170811875.0;174013917.0;170949375.0;168427667.0
mac,3840,2160,1,pair,pr197,1024,3,171388083.0,168455541.0,175813333.0,3fb3e9db32af9790,175813333.0;168455541.0;174148958.0;171287625.0;170227166.0;171613833.0;171388083.0
mac,3840,2160,1,pair,pr197,4096,1,170498375.0,167699833.0,174639667.0,3fb3e9db32af9790,174639667.0;171409500.0;169120208.0;170498375.0;172542459.0;168872333.0;167699833.0
mac,3840,2160,1,pair,pr197,4096,2,171696333.0,168200833.0,173850292.0,3fb3e9db32af9790,173850292.0;171441750.0;168200833.0;169191000.0;172578750.0;173054250.0;171696333.0
mac,3840,2160,1,pair,pr197,4096,3,170847750.0,168096291.0,177328292.0,3fb3e9db32af9790,177328292.0;168096291.0;170847750.0;173860083.0;168714083.0;168733459.0;174253125.0
mac,3840,2160,12,candidate,current,1024,1,32603979.5,32059271.0,34215458.0,3fb3e9db32af9790,32970854.5;33716750.0;32169250.0;34215458.0;32059271.0;32603979.5;32311979.5
mac,3840,2160,12,candidate,current,1024,2,32635729.0,32126646.0,33931021.0,3fb3e9db32af9790,33891958.5;32126646.0;32402416.5;33931021.0;33658333.0;32635729.0;32403583.5
mac,3840,2160,12,candidate,current,1024,3,32772270.5,32315000.0,35533958.5,3fb3e9db32af9790,34128979.0;32772270.5;35533958.5;34047479.0;32499125.0;32657020.5;32315000.0
mac,3840,2160,12,candidate,current,2048,1,32435541.5,32177708.5,34201166.5,3fb3e9db32af9790,32277146.0;33217292.0;32435541.5;32177708.5;32782666.5;32382625.0;34201166.5
mac,3840,2160,12,candidate,current,2048,2,32392895.5,32264771.0,35602771.0,3fb3e9db32af9790,35602771.0;32392895.5;33537291.5;33062062.5;32370062.5;32310166.5;32264771.0
mac,3840,2160,12,candidate,current,2048,3,33037354.0,32142541.5,34031625.0,3fb3e9db32af9790,32886395.5;33574083.5;33037354.0;32592625.0;34031625.0;33749729.0;32142541.5
mac,3840,2160,12,candidate,current,4096,1,32845104.5,32350687.5,35195875.0,3fb3e9db32af9790,35195875.0;32429854.5;32350687.5;33531583.0;32845104.5;33754125.0;32696083.5
mac,3840,2160,12,candidate,current,4096,2,33019041.5,32230416.5,34295625.0,3fb3e9db32af9790,32650000.0;33067292.0;33019041.5;32377646.0;34295625.0;33101583.0;32230416.5
mac,3840,2160,12,candidate,current,4096,3,33213729.5,31928854.5,36678083.5,3fb3e9db32af9790,32510500.0;35533333.5;35014354.5;32831208.0;36678083.5;33213729.5;31928854.5
mac,3840,2160,12,candidate,current,8192,1,32995896.0,31830250.0,33963125.0,3fb3e9db32af9790,32995896.0;31830250.0;32530979.0;33963125.0;33355937.5;31966062.5;33279687.5
mac,3840,2160,12,candidate,current,8192,2,32555500.0,31405292.0,34747833.5,3fb3e9db32af9790,32555500.0;32849125.0;32430250.0;31989437.5;31405292.0;33339062.5;34747833.5
mac,3840,2160,12,candidate,current,8192,3,33741604.5,32225562.5,35221458.5,3fb3e9db32af9790,32225562.5;35086792.0;32977979.0;33272937.5;33741604.5;34670458.0;35221458.5
mac,3840,2160,12,compare,current,1024,1,18702698.0,18486083.2,18983489.5,3fb3e9db32af9790,18727677.0;18702698.0;18983489.5;18528927.0;18762760.5;18486083.2;18560427.2
mac,3840,2160,12,compare,current,1024,2,18827843.8,18669166.8,19641281.2,3fb3e9db32af9790,18827843.8;18806427.2;19031864.5;19641281.2;18669166.8;19016843.8;18764218.8
mac,3840,2160,12,compare,current,1024,3,18681583.2,18358854.2,18871020.8,3fb3e9db32af9790,18391989.5;18871020.8;18789291.8;18694385.5;18502166.8;18358854.2;18681583.2
mac,3840,2160,12,compare,current,2048,1,20309847.3,19262781.2,21927097.3,3fb3e9db32af9790,20189333.3;19262781.2;19316739.5;20309847.3;21927097.3;21361639.0;20918722.3
mac,3840,2160,12,compare,current,2048,2,20365750.0,19069948.0,20995861.0,3fb3e9db32af9790,19069948.0;20311027.7;20365750.0;20875930.7;20335361.3;20914569.3;20995861.0
mac,3840,2160,12,compare,current,2048,3,18920396.0,18526666.8,19062875.0,3fb3e9db32af9790,18950531.2;19062875.0;18628114.5;18920396.0;18698343.8;19003156.2;18526666.8
mac,3840,2160,12,compare,current,4096,1,18963125.0,18326177.0,19730802.0,3fb3e9db32af9790,19730802.0;19284197.8;18963125.0;18881781.2;18796468.8;19053698.0;18326177.0
mac,3840,2160,12,compare,current,4096,2,18914083.2,18500927.0,19197021.0,3fb3e9db32af9790,18996302.0;18928677.0;18500927.0;18552552.0;18651083.2;18914083.2;19197021.0
mac,3840,2160,12,compare,current,4096,3,20634041.7,18909010.5,21432028.0,3fb3e9db32af9790,20634041.7;21432028.0;20674375.0;20315722.3;21341583.3;20022694.3;18909010.5
mac,3840,2160,12,compare,current,8192,1,18417333.2,18275739.5,18545916.8,3fb3e9db32af9790,18275739.5;18434239.8;18489198.0;18401323.0;18375333.2;18417333.2;18545916.8
mac,3840,2160,12,compare,current,8192,2,18760010.2,18686927.2,19524010.5,3fb3e9db32af9790,18844177.0;18760010.2;18686927.2;19524010.5;18985020.8;18736135.2;18756135.5
mac,3840,2160,12,compare,current,8192,3,19243677.2,18424125.0,20046635.2,3fb3e9db32af9790,19073395.8;19243677.2;18424125.0;19858573.0;18668396.0;19470656.2;20046635.2
mac,3840,2160,12,compare,pr197,1024,1,18680895.8,18470156.2,19075552.0,3fb3e9db32af9790,18563177.0;18470156.2;18806979.2;19075552.0;18946427.0;18594833.2;18680895.8
mac,3840,2160,12,compare,pr197,1024,2,18439354.2,18388875.0,18697791.8,3fb3e9db32af9790,18488718.8;18403468.8;18438541.8;18461083.2;18388875.0;18439354.2;18697791.8
mac,3840,2160,12,compare,pr197,1024,3,19425291.8,19098260.2,20071916.5,3fb3e9db32af9790,19098260.2;19664843.8;19111343.8;19425291.8;20003979.2;19292406.2;20071916.5
mac,3840,2160,12,compare,pr197,4096,1,18395583.5,18310500.0,18441781.2,3fb3e9db32af9790,18395583.5;18441781.2;18415572.8;18411677.0;18310500.0;18383031.2;18368854.2
mac,3840,2160,12,compare,pr197,4096,2,18976771.0,18434729.2,19238000.0,3fb3e9db32af9790,18976771.0;19075437.5;19238000.0;18434729.2;18927229.0;18573802.0;18998958.5
mac,3840,2160,12,compare,pr197,4096,3,19275083.2,18364020.8,19791458.2,3fb3e9db32af9790,18364020.8;19275083.2;19757239.5;19761885.2;19144135.5;19791458.2;18418593.8
mac,3840,2160,12,pair,current,1024,1,48082979.0,46694396.0,50530250.0,3fb3e9db32af9790,46694396.0;47781395.5;50530250.0;50414812.5;46820750.0;48082979.0;49114687.5
mac,3840,2160,12,pair,current,1024,2,48218354.0,45770729.0,50419458.0,3fb3e9db32af9790,49505916.5;48335312.5;45770729.0;48156270.5;48218354.0;47660333.5;50419458.0
mac,3840,2160,12,pair,current,1024,3,46636125.0,46148271.0,52438062.5,3fb3e9db32af9790,46348646.0;46148271.0;50019333.0;46254625.0;46636125.0;47698270.5;52438062.5
mac,3840,2160,12,pair,current,2048,1,46405708.5,46211666.5,51536021.0,3fb3e9db32af9790,46405708.5;47391083.0;46211666.5;49328437.5;46237021.0;46349104.5;51536021.0
mac,3840,2160,12,pair,current,2048,2,47622104.0,45911771.0,49286375.0,3fb3e9db32af9790,47622104.0;47672979.5;49286375.0;46196437.5;48229208.5;46606041.5;45911771.0
mac,3840,2160,12,pair,current,2048,3,47193083.5,46531229.5,48260333.0,3fb3e9db32af9790,47935250.0;46719604.5;48260333.0;46760667.0;46531229.5;47193083.5;47690958.0
mac,3840,2160,12,pair,current,4096,1,47257041.5,46106937.5,49823562.5,3fb3e9db32af9790,48709354.0;49823562.5;46106937.5;48049104.0;47257041.5;46108208.5;46901979.5
mac,3840,2160,12,pair,current,4096,2,46696916.5,45978104.5,49935041.5,3fb3e9db32af9790,46696916.5;45978104.5;47314292.0;47142229.0;46208520.5;49935041.5;46309958.0
mac,3840,2160,12,pair,current,4096,3,46663083.5,45949229.0,48057166.5,3fb3e9db32af9790,46663083.5;47495333.5;45949229.0;46020708.0;48057166.5;46314229.0;47370292.0
mac,3840,2160,12,pair,current,8192,1,46522979.0,45738833.5,49049292.0,3fb3e9db32af9790,46926875.0;47224979.5;46109729.5;46522979.0;46040875.0;49049292.0;45738833.5
mac,3840,2160,12,pair,current,8192,2,46430354.0,46050312.5,47654646.0,3fb3e9db32af9790,46948625.0;46050312.5;46059771.0;46067396.0;46771625.0;47654646.0;46430354.0
mac,3840,2160,12,pair,current,8192,3,48068958.0,45864979.0,48996146.0,3fb3e9db32af9790,46144292.0;48893229.5;47610479.5;48068958.0;48996146.0;45864979.0;48069958.5
mac,3840,2160,12,pair,pr197,1024,1,57083041.5,56213896.0,60510250.0,3fb3e9db32af9790,57449020.5;57547229.5;60510250.0;56472229.0;56350500.0;56213896.0;57083041.5
mac,3840,2160,12,pair,pr197,1024,2,57174479.5,56036021.0,60089250.0,3fb3e9db32af9790,60089250.0;57072229.5;56036021.0;57174479.5;58239687.5;58586208.5;56394416.5
mac,3840,2160,12,pair,pr197,1024,3,57767854.0,57053167.0,60962437.5,3fb3e9db32af9790,57767854.0;60962437.5;57477750.0;57053167.0;58531854.0;57470520.5;58743104.5
mac,3840,2160,12,pair,pr197,4096,1,58205458.5,55864854.0,67326208.0,3fb3e9db32af9790,58205458.5;60365187.5;59282125.0;57986604.0;56945729.0;67326208.0;55864854.0
mac,3840,2160,12,pair,pr197,4096,2,59072146.0,56925270.5,61921729.0,3fb3e9db32af9790,60417625.0;56925270.5;57506229.5;60353042.0;58988833.0;61921729.0;59072146.0
mac,3840,2160,12,pair,pr197,4096,3,57901437.5,57481375.0,62591334.0,3fb3e9db32af9790,58408895.5;57821000.0;62591334.0;57481375.0;57901437.5;57863937.5;61709104.5
mac,3840,2160,6,candidate,current,1024,1,34406750.0,33725271.0,36142166.5,3fb3e9db32af9790,34044083.0;34488270.5;35527875.0;33725271.0;34060666.5;34406750.0;36142166.5
mac,3840,2160,6,candidate,current,1024,2,34506292.0,33710791.5,34745437.5,3fb3e9db32af9790,34587312.5;34506292.0;33710791.5;33888958.0;33866479.0;34745437.5;34732292.0
mac,3840,2160,6,candidate,current,1024,3,34102271.0,33155687.5,35168021.0,3fb3e9db32af9790,34102271.0;34258229.0;35168021.0;33826167.0;34298354.0;33155687.5;33551375.0
mac,3840,2160,6,candidate,current,2048,1,34310521.0,33352646.0,34899291.5,3fb3e9db32af9790,34549770.5;34208270.5;33958833.5;34899291.5;34499479.5;34310521.0;33352646.0
mac,3840,2160,6,candidate,current,2048,2,34042583.5,33648646.0,36324354.0,3fb3e9db32af9790,35579562.5;36324354.0;33785271.0;34202854.0;33926021.0;34042583.5;33648646.0
mac,3840,2160,6,candidate,current,2048,3,33987937.5,33521937.5,34690875.0,3fb3e9db32af9790,33865833.5;34222770.5;33987937.5;34690875.0;33647333.5;33521937.5;34097604.5
mac,3840,2160,6,candidate,current,4096,1,34181479.0,33085666.5,34564437.5,3fb3e9db32af9790,34103437.5;33988833.5;34211979.5;34564437.5;34181479.0;33085666.5;34374833.5
mac,3840,2160,6,candidate,current,4096,2,34943833.5,33270708.0,37414666.5,3fb3e9db32af9790,33270708.0;34234458.0;35087062.5;37414666.5;34958875.0;34104395.5;34943833.5
mac,3840,2160,6,candidate,current,4096,3,34959020.5,33794021.0,35899562.5,3fb3e9db32af9790,33999125.0;34959020.5;35191729.0;33794021.0;35553979.5;34866437.5;35899562.5
mac,3840,2160,6,candidate,current,8192,1,33961541.5,33365750.0,36062583.5,3fb3e9db32af9790,36062583.5;33890917.0;33690521.0;33365750.0;33961541.5;34200562.5;34810896.0
mac,3840,2160,6,candidate,current,8192,2,34665521.0,33170625.0,35027979.0,3fb3e9db32af9790,34934583.5;33170625.0;34717521.0;35027979.0;34665521.0;33893271.0;33705896.0
mac,3840,2160,6,candidate,current,8192,3,34158395.5,33613771.0,35492812.5,3fb3e9db32af9790,34125375.0;33613771.0;34220416.5;33919250.0;34158395.5;35492812.5;34224020.5
mac,3840,2160,6,candidate,modes,1024,1,34033604.5,33929416.5,35383812.5,3fb3e9db32af9790,34019937.5;35383812.5;34000250.0;35145625.0;33929416.5;34837500.0;34033604.5
mac,3840,2160,6,candidate,modes,1024,2,33868416.5,33182021.0,35992167.0,3fb3e9db32af9790,33868416.5;33182021.0;34490104.0;33609604.5;34088708.0;33697812.5;35992167.0
mac,3840,2160,6,candidate,modes,1024,3,34728895.5,33605062.5,35658750.0,3fb3e9db32af9790,34155125.0;34752250.0;33605062.5;34062646.0;35658750.0;34728895.5;34992312.5
mac,3840,2160,6,candidate,modes,4096,1,34002958.5,33457667.0,35049375.0,3fb3e9db32af9790,33567354.0;34737312.5;34002958.5;35049375.0;34432416.5;33457667.0;33802833.5
mac,3840,2160,6,candidate,modes,4096,2,33394229.0,33099646.0,36695812.5,3fb3e9db32af9790,36695812.5;34705625.0;33318645.5;33099646.0;33604458.5;33100583.5;33394229.0
mac,3840,2160,6,candidate,modes,4096,3,33777479.5,33089354.0,34620312.5,3fb3e9db32af9790,33925395.5;33977187.5;33089354.0;33234312.5;34620312.5;33704270.5;33777479.5
mac,3840,2160,6,compare,current,1024,1,19338698.0,19195823.0,20439805.3,3fb3e9db32af9790,20439805.3;19338698.0;19448885.5;19299166.8;20298041.7;19266031.2;19195823.0
mac,3840,2160,6,compare,current,1024,2,18654885.5,18523302.2,19658979.0,3fb3e9db32af9790,18654885.5;19454573.0;19658979.0;19250906.2;18630708.2;18523302.2;18592989.5
mac,3840,2160,6,compare,current,1024,3,18805573.0,18396947.8,19268895.8,3fb3e9db32af9790,18759906.2;19268895.8;18912135.5;18396947.8;18804302.0;18828854.2;18805573.0
mac,3840,2160,6,compare,current,2048,1,19054447.8,19026145.8,19559145.8,3fb3e9db32af9790,19385562.5;19054447.8;19143489.5;19049593.8;19026145.8;19053416.8;19559145.8
mac,3840,2160,6,compare,current,2048,2,19178937.5,18650937.5,20040763.7,3fb3e9db32af9790,18803802.0;19579489.5;19178937.5;18650937.5;20040763.7;18925875.0;19234333.2
mac,3840,2160,6,compare,current,2048,3,18916500.0,18761625.0,19165354.0,3fb3e9db32af9790,18949625.0;18916500.0;18861677.0;19147322.8;19165354.0;18761625.0;18805364.5
mac,3840,2160,6,compare,current,4096,1,19621989.5,19327573.0,20637861.3,3fb3e9db32af9790,19339948.0;19588083.5;19821093.8;20637861.3;20189114.5;19621989.5;19327573.0
mac,3840,2160,6,compare,current,4096,2,19240593.8,18961000.0,19395739.5,3fb3e9db32af9790,19395739.5;18961000.0;19114552.0;19245375.0;19240593.8;19274479.0;19219708.5
mac,3840,2160,6,compare,current,4096,3,18775375.0,18667479.2,19696197.8,3fb3e9db32af9790,18876656.2;18775166.8;18667479.2;18938052.0;18775375.0;19696197.8;18725479.2
mac,3840,2160,6,compare,current,8192,1,18892802.0,18569937.5,19355166.8,3fb3e9db32af9790,19355166.8;18569937.5;19073000.0;18892802.0;18977729.2;18781583.2;18871020.8
mac,3840,2160,6,compare,current,8192,2,18988468.8,18677687.5,19315635.5,3fb3e9db32af9790,18988468.8;18803198.0;18938541.5;18677687.5;19113823.0;19185968.8;19315635.5
mac,3840,2160,6,compare,current,8192,3,18741531.2,18323187.5,19045916.5,3fb3e9db32af9790,19045916.5;18851062.5;18993510.5;18431468.8;18323187.5;18741531.2;18534364.8
mac,3840,2160,6,compare,pr197,1024,1,19047687.5,18789041.5,20073125.0,3fb3e9db32af9790,19047687.5;19012916.5;19775604.2;20073125.0;18980260.5;19048750.0;18789041.5
mac,3840,2160,6,compare,pr197,1024,2,18849323.0,18785416.5,19472135.5,3fb3e9db32af9790,18785416.5;18890916.5;18849323.0;19472135.5;18808562.5;18832562.5;19247927.2
mac,3840,2160,6,compare,pr197,1024,3,19514916.8,19049771.0,19819000.0,3fb3e9db32af9790,19049771.0;19086125.0;19436010.5;19819000.0;19726427.0;19580583.2;19514916.8
mac,3840,2160,6,compare,pr197,4096,1,22512097.3,20488562.5,23004291.7,3fb3e9db32af9790,20488562.5;22512097.3;22553889.0;22522347.0;22442430.7;22460013.7;23004291.7
mac,3840,2160,6,compare,pr197,4096,2,20148889.0,18432687.5,20518135.5,3fb3e9db32af9790,20231666.7;18848885.5;20148889.0;20518135.5;18432687.5;20168500.0;19348541.8
mac,3840,2160,6,compare,pr197,4096,3,18926906.2,18409864.5,19801197.8,3fb3e9db32af9790,18877510.2;19507489.8;18762093.8;18926906.2;19801197.8;19376354.2;18409864.5
mac,3840,2160,6,pair,current,1024,1,49578916.5,49302312.5,51084979.0,3fb3e9db32af9790,49578916.5;49870646.0;49521270.5;50709229.0;51084979.0;49453770.5;49302312.5
mac,3840,2160,6,pair,current,1024,2,49680729.5,48950187.5,50689125.0,3fb3e9db32af9790,49738916.5;50689125.0;50356708.0;49680729.5;49504208.0;49505958.5;48950187.5
mac,3840,2160,6,pair,current,1024,3,49893500.0,49332646.0,51375812.5,3fb3e9db32af9790,49637562.5;49630312.5;50942208.5;49893500.0;49332646.0;51172792.0;51375812.5
mac,3840,2160,6,pair,current,2048,1,50006479.0,48999958.5,51008271.0,3fb3e9db32af9790,49828020.5;49540083.0;51008271.0;48999958.5;50245583.0;50006479.0;50323229.5
mac,3840,2160,6,pair,current,2048,2,50153729.5,49441292.0,51056291.5,3fb3e9db32af9790,50796833.5;50153729.5;49603583.0;49441292.0;50192104.5;50070875.0;51056291.5
mac,3840,2160,6,pair,current,2048,3,50649854.5,49824333.0,51470042.0,3fb3e9db32af9790,50774041.5;49824333.0;50896292.0;50162333.0;50294250.0;50649854.5;51470042.0
mac,3840,2160,6,pair,current,4096,1,50831375.0,49101625.0,52276104.0,3fb3e9db32af9790,49101625.0;52276104.0;50916917.0;49750500.0;50831375.0;50044167.0;50978812.5
mac,3840,2160,6,pair,current,4096,2,49193021.0,48272854.0,51608333.5,3fb3e9db32af9790,51608333.5;50896958.5;48272854.0;49025187.5;49193021.0;48650521.0;49527750.0
mac,3840,2160,6,pair,current,4096,3,49585083.5,48896541.5,51189479.0,3fb3e9db32af9790,51189479.0;48896541.5;49844979.0;50721125.0;49585083.5;49265625.0;49192041.5
mac,3840,2160,6,pair,current,8192,1,49837792.0,48665270.5,51021500.0,3fb3e9db32af9790,49082646.0;50705604.5;48665270.5;49274625.0;50617937.5;49837792.0;51021500.0
mac,3840,2160,6,pair,current,8192,2,48799708.5,48017479.0,49362520.5,3fb3e9db32af9790,48697312.5;49362520.5;48017479.0;49156312.5;49283208.5;48390104.5;48799708.5
mac,3840,2160,6,pair,current,8192,3,50360604.5,49235145.5,51464333.5,3fb3e9db32af9790,50458083.0;51464333.5;49717125.0;51419395.5;50304937.5;49235145.5;50360604.5
mac,3840,2160,6,pair,pr197,1024,1,61284625.0,60301334.0,64821208.0,3fb3e9db32af9790,61122083.0;60301334.0;64821208.0;61284625.0;61541562.5;64612375.0;61221417.0
mac,3840,2160,6,pair,pr197,1024,2,63630500.0,59319687.5,66153000.0,3fb3e9db32af9790,63630500.0;66153000.0;63968959.0;59319687.5;66020042.0;61181291.0;61179292.0
mac,3840,2160,6,pair,pr197,1024,3,61906375.0,60554833.0,66048708.0,3fb3e9db32af9790,61906375.0;60554833.0;64875625.0;60898667.0;63225042.0;66048708.0;61453333.0
mac,3840,2160,6,pair,pr197,4096,1,62191500.0,58257291.5,64764625.0,3fb3e9db32af9790,62191500.0;58257291.5;63043792.0;60299042.0;64764625.0;60271500.0;64287792.0
mac,3840,2160,6,pair,pr197,4096,2,61442958.0,59364146.0,69890250.0,3fb3e9db32af9790,59364146.0;60779625.0;61442958.0;65256625.0;69890250.0;61079000.0;65908917.0
mac,3840,2160,6,pair,pr197,4096,3,61877292.0,60767375.0,63001542.0,3fb3e9db32af9790,60767375.0;61877292.0;61807625.0;62228375.0;62918083.0;63001542.0;61420125.0
mac,512,512,1,candidate,current,1024,1,4123694.4,4121208.3,4148538.9,3fb58063054aaa10,4125405.5;4124791.7;4121208.3;4148538.9;4121252.8;4123694.4;4122222.2
mac,512,512,1,candidate,current,1024,2,4123263.9,4111225.0,4143600.0,3fb58063054aaa10,4143600.0;4132747.2;4111225.0;4123263.9;4130516.7;4120108.3;4116150.0
mac,512,512,1,candidate,current,1024,3,4124944.5,4109827.8,4136741.7,3fb58063054aaa10,4124075.0;4131125.0;4129197.2;4124944.5;4136741.7;4120752.7;4109827.8
mac,512,512,1,candidate,current,2048,1,4118325.0,4109213.9,4130119.5,3fb58063054aaa10,4121577.8;4118325.0;4115088.9;4124466.7;4113600.0;4130119.5;4109213.9
mac,512,512,1,candidate,current,2048,2,4202102.7,4198683.3,4217094.4,3fb58063054aaa10,4207708.3;4217094.4;4199150.0;4202102.7;4198683.3;4200950.0;4214430.5
mac,512,512,1,candidate,current,2048,3,4112480.5,4103330.5,4130350.0,3fb58063054aaa10,4112480.5;4114241.7;4104950.0;4127797.2;4130350.0;4105958.3;4103330.5
mac,512,512,1,candidate,current,4096,1,4111047.2,4091227.7,4128091.7,3fb58063054aaa10,4111538.9;4108316.7;4127433.3;4111047.2;4091227.7;4128091.7;4106136.1
mac,512,512,1,candidate,current,4096,2,4113727.8,4107811.1,4142636.1,3fb58063054aaa10,4142636.1;4115958.3;4115877.8;4109619.4;4113727.8;4107811.1;4112083.3
mac,512,512,1,candidate,current,4096,3,4114527.7,4099594.5,4180147.2,3fb58063054aaa10,4180147.2;4115280.5;4107191.7;4099594.5;4114527.7;4107241.7;4115141.7
mac,512,512,1,candidate,current,8192,1,4108150.0,4099438.9,4130961.1,3fb58063054aaa10,4108150.0;4110863.9;4130961.1;4115094.5;4106019.4;4102252.8;4099438.9
mac,512,512,1,candidate,current,8192,2,4105861.1,4103222.2,4129638.9,3fb58063054aaa10,4105575.0;4129638.9;4103222.2;4106977.8;4105094.5;4105861.1;4108505.5
mac,512,512,1,candidate,current,8192,3,4106438.9,4101866.7,4123080.5,3fb58063054aaa10,4106438.9;4101866.7;4109358.3;4106777.8;4123080.5;4105138.9;4103344.4
mac,512,512,1,compare,current,1024,1,1453683.5,1447986.1,1461340.3,3fb58063054aaa10,1454889.9;1453683.5;1450989.1;1459716.3;1450514.9;1447986.1;1461340.3
mac,512,512,1,compare,current,1024,2,1453073.4,1449747.0,1462190.5,3fb58063054aaa10,1456852.2;1456563.5;1453073.4;1450018.9;1449747.0;1452445.4;1462190.5
mac,512,512,1,compare,current,1024,3,1448829.4,1446441.5,1462881.0,3fb58063054aaa10,1448653.8;1449914.7;1462881.0;1448829.4;1446441.5;1447162.7;1449347.2
mac,512,512,1,compare,current,2048,1,1451328.4,1448248.0,1458247.0,3fb58063054aaa10,1458247.0;1448452.4;1451917.6;1448248.0;1449088.3;1451328.4;1452522.8
mac,512,512,1,compare,current,2048,2,1443346.2,1436566.5,1452637.9,3fb58063054aaa10,1452637.9;1443346.2;1447692.5;1445298.6;1440517.9;1440347.2;1436566.5
mac,512,512,1,compare,current,2048,3,1444969.3,1433209.3,1454125.0,3fb58063054aaa10,1444100.2;1448569.5;1454125.0;1450789.7;1444969.3;1433209.3;1437513.9
mac,512,512,1,compare,current,4096,1,1438957.3,1431030.7,1443203.4,3fb58063054aaa10,1441426.6;1443203.4;1436614.1;1439117.1;1438957.3;1431030.7;1437556.5
mac,512,512,1,compare,current,4096,2,1437085.3,1431861.1,1443626.0,3fb58063054aaa10,1431861.1;1437085.3;1434234.1;1436802.6;1439030.8;1437404.8;1443626.0
mac,512,512,1,compare,current,4096,3,1439641.9,1434427.6,1441820.5,3fb58063054aaa10,1437515.9;1436188.5;1440290.7;1441531.7;1441820.5;1439641.9;1434427.6
mac,512,512,1,compare,current,8192,1,1436213.3,1434632.9,1439463.3,3fb58063054aaa10,1438670.6;1437601.2;1436213.3;1434926.6;1439463.3;1435551.6;1434632.9
mac,512,512,1,compare,current,8192,2,1440166.7,1434918.7,1447118.0,3fb58063054aaa10,1439056.5;1440300.6;1440541.7;1440166.7;1434918.7;1437450.4;1447118.0
mac,512,512,1,compare,current,8192,3,1436418.6,1434023.8,1443367.1,3fb58063054aaa10,1436418.6;1443290.7;1439545.6;1443367.1;1434023.8;1435855.2;1434686.5
mac,512,512,1,compare,pr197,1024,1,1462590.3,1453526.8,1470532.5,3fb58063054aaa10,1462625.0;1461883.9;1462590.3;1465345.2;1470532.5;1453526.8;1455986.1
mac,512,512,1,compare,pr197,1024,2,1459914.7,1454691.5,1466351.6,3fb58063054aaa10,1466351.6;1460125.0;1459334.3;1459914.7;1462254.0;1454691.5;1454758.9
mac,512,512,1,compare,pr197,1024,3,1460239.1,1455946.4,1466900.4,3fb58063054aaa10,1459449.4;1462101.2;1464687.0;1466900.4;1458616.1;1460239.1;1455946.4
mac,512,512,1,compare,pr197,4096,1,1443195.5,1436550.6,1468366.9,3fb58063054aaa10,1443389.9;1447040.7;1442670.6;1443195.5;1440675.6;1468366.9;1436550.6
mac,512,512,1,compare,pr197,4096,2,1443577.4,1435880.0,1451342.3,3fb58063054aaa10,1450651.8;1449280.8;1451342.3;1443577.4;1436352.2;1442096.2;1435880.0
mac,512,512,1,compare,pr197,4096,3,1444692.5,1435803.6,1448761.9,3fb58063054aaa10,1447372.0;1442313.5;1444692.5;1448761.9;1445051.6;1435803.6;1443256.0
mac,512,512,1,pair,current,1024,1,6017445.9,6002304.2,6041654.1,3fb58063054aaa10,6011345.8;6012625.0;6002304.2;6021879.2;6041654.1;6030708.4;6017445.9
mac,512,512,1,pair,current,1024,2,6174825.0,6042408.3,6200558.4,3fb58063054aaa10,6042804.2;6067637.5;6042408.3;6200558.4;6183658.3;6181416.7;6174825.0
mac,512,512,1,pair,current,1024,3,6034887.5,6018475.0,6177891.7,3fb58063054aaa10,6020066.7;6074983.3;6064012.5;6177891.7;6018475.0;6034887.5;6025758.3
mac,512,512,1,pair,current,2048,1,6010487.5,6000995.9,6023675.0,3fb58063054aaa10,6003629.2;6008787.5;6015100.0;6023675.0;6019475.0;6010487.5;6000995.9
mac,512,512,1,pair,current,2048,2,6179141.6,6166945.9,6184529.2,3fb58063054aaa10,6184529.2;6180895.8;6180683.3;6176312.5;6179141.6;6166945.9;6175241.7
mac,512,512,1,pair,current,2048,3,6006566.7,5989833.4,6045529.2,3fb58063054aaa10,6018662.5;6045529.2;6015958.4;5989833.4;6004537.5;6006566.7;6004129.1
mac,512,512,1,pair,current,4096,1,6013233.3,5989015.2,6045116.6,3fb58063054aaa10,6022620.8;6013233.3;6012975.0;6016004.1;6006583.3;6045116.6;5989015.2
mac,512,512,1,pair,current,4096,2,6014125.0,6003366.7,6059733.4,3fb58063054aaa10,6018783.3;6003366.7;6012875.0;6014125.0;6007554.1;6019091.6;6059733.4
mac,512,512,1,pair,current,4096,3,5998617.5,5986375.0,6093225.0,3fb58063054aaa10,6093225.0;6036525.0;5997151.5;6010541.7;5992647.7;5986375.0;5998617.5
mac,512,512,1,pair,current,8192,1,6002470.8,5989450.7,6103316.7,3fb58063054aaa10,6018600.0;6002470.8;6003658.3;6001056.8;6103316.7;5998579.5;5989450.7
mac,512,512,1,pair,current,8192,2,6016604.2,5994405.3,6161833.4,3fb58063054aaa10,6161833.4;6149495.8;6006745.8;6016604.2;5994405.3;5996443.2;6031454.1
mac,512,512,1,pair,current,8192,3,6004675.0,5995072.0,6056562.5,3fb58063054aaa10,6004675.0;6056562.5;6003437.5;6009691.7;5995072.0;6009016.7;6000591.6
mac,512,512,1,pair,pr197,1024,1,6032991.7,6009270.8,6077283.3,3fb58063054aaa10,6032991.7;6077283.3;6051733.3;6030420.8;6035112.5;6026458.3;6009270.8
mac,512,512,1,pair,pr197,1024,2,6190375.0,6182337.5,6198862.5,3fb58063054aaa10,6190933.4;6198862.5;6191716.7;6190375.0;6189500.0;6188341.7;6182337.5
mac,512,512,1,pair,pr197,1024,3,6039800.0,6027629.2,6065795.8,3fb58063054aaa10,6039800.0;6065795.8;6047962.5;6058612.5;6031641.7;6027629.2;6028370.9
mac,512,512,1,pair,pr197,4096,1,6037754.2,6009250.0,6217933.3,3fb58063054aaa10,6217933.3;6074558.3;6044025.0;6032975.0;6037754.2;6034837.5;6009250.0
mac,512,512,1,pair,pr197,4096,2,6019591.7,6007300.0,6167479.1,3fb58063054aaa10,6167479.1;6066620.8;6034695.8;6019287.5;6019591.7;6018645.9;6007300.0
mac,512,512,1,pair,pr197,4096,3,6030233.3,6004620.8,6077370.9,3fb58063054aaa10,6043850.0;6028766.6;6077370.9;6029508.3;6046720.8;6030233.3;6004620.8
mac,512,512,12,candidate,current,1024,1,1258275.2,1246125.0,1277159.7,3fb58063054aaa10,1257314.2;1259919.3;1254639.8;1267897.6;1258275.2;1246125.0;1277159.7
mac,512,512,12,candidate,current,1024,2,1338935.2,1277381.2,1464827.2,3fb58063054aaa10,1337352.8;1464827.2;1375954.5;1277381.2;1338935.2;1418274.2;1338008.2
mac,512,512,12,candidate,current,1024,3,1346546.3,1294882.1,1399655.0,3fb58063054aaa10,1351297.2;1399655.0;1321837.0;1294882.1;1346546.3;1365469.7;1344475.0
mac,512,512,12,candidate,current,2048,1,1302621.4,1276923.8,1354520.4,3fb58063054aaa10,1292444.1;1354520.4;1276923.8;1287475.2;1327487.3;1302621.4;1315077.0
mac,512,512,12,candidate,current,2048,2,1323332.4,1300925.5,1428886.9,3fb58063054aaa10,1385552.1;1321427.5;1300925.5;1351706.5;1428886.9;1323332.4;1312841.5
mac,512,512,12,candidate,current,2048,3,1365614.6,1341103.7,1439758.9,3fb58063054aaa10,1365373.1;1385460.2;1378731.0;1356429.6;1341103.7;1439758.9;1365614.6
mac,512,512,12,candidate,current,4096,1,1336963.0,1281979.6,1396786.8,3fb58063054aaa10,1336963.0;1281979.6;1293821.8;1367093.5;1312618.8;1396786.8;1361505.6
mac,512,512,12,candidate,current,4096,2,1268327.3,1254076.4,1311401.3,3fb58063054aaa10,1254076.4;1311401.3;1268327.3;1259204.0;1266680.6;1271920.1;1274374.1
mac,512,512,12,candidate,current,4096,3,1301838.7,1273099.8,1327308.9,3fb58063054aaa10,1327308.9;1296332.4;1273099.8;1292563.8;1311043.5;1301838.7;1310455.6
mac,512,512,12,candidate,current,8192,1,1330892.2,1306377.7,1411196.7,3fb58063054aaa10,1399760.4;1411196.7;1315077.0;1372315.3;1329134.1;1330892.2;1306377.7
mac,512,512,12,candidate,current,8192,2,1312508.2,1279622.3,1348895.4,3fb58063054aaa10,1312508.2;1311289.8;1348895.4;1299963.7;1334985.2;1279622.3;1338614.1
mac,512,512,12,candidate,current,8192,3,1318636.8,1270242.2,1341659.3,3fb58063054aaa10,1321337.0;1341659.3;1312558.0;1270242.2;1329407.6;1318636.8;1312652.2
mac,512,512,12,compare,current,1024,1,771833.9,746541.7,796136.0,3fb58063054aaa10,752174.0;746541.7;786454.5;751409.4;796136.0;771833.9;783614.2
mac,512,512,12,compare,current,1024,2,770281.5,754795.3,779898.8,3fb58063054aaa10,770281.5;777928.9;768131.3;754795.3;779898.8;771092.4;764950.9
mac,512,512,12,compare,current,1024,3,784680.2,759882.4,807920.0,3fb58063054aaa10,784680.2;765296.4;783629.9;800710.5;789664.5;759882.4;807920.0
mac,512,512,12,compare,current,2048,1,751010.9,745223.8,763619.7,3fb58063054aaa10,745223.8;763619.7;747474.3;751627.1;747476.3;762119.7;751010.9
mac,512,512,12,compare,current,2048,2,725867.0,722128.0,736825.2,3fb58063054aaa10,723746.0;736825.2;725860.9;722128.0;734803.4;729647.1;725867.0
mac,512,512,12,compare,current,2048,3,719779.3,714188.7,747459.4,3fb58063054aaa10,722235.6;716810.0;719779.3;732103.2;714188.7;715324.4;747459.4
mac,512,512,12,compare,current,4096,1,721010.4,713294.1,747619.3,3fb58063054aaa10,720008.4;742007.1;747619.3;729111.4;721010.4;713294.1;714416.2
mac,512,512,12,compare,current,4096,2,804832.8,770158.1,842174.2,3fb58063054aaa10,791271.9;781934.0;816260.1;828907.0;770158.1;804832.8;842174.2
mac,512,512,12,compare,current,4096,3,780233.2,760618.1,794314.4,3fb58063054aaa10,761184.1;784470.2;787124.5;794314.4;780233.2;774109.0;760618.1
mac,512,512,12,compare,current,8192,1,740128.0,716205.8,749616.8,3fb58063054aaa10,730361.4;744328.7;740128.0;742565.0;749616.8;716205.8;739329.8
mac,512,512,12,compare,current,8192,2,749499.5,737725.1,756406.8,3fb58063054aaa10,752191.1;741043.7;749988.7;737725.1;746620.9;749499.5;756406.8
mac,512,512,12,compare,current,8192,3,714884.9,702593.5,719671.6,3fb58063054aaa10,713029.9;714884.9;702593.5;715541.7;719671.6;719194.4;709023.0
mac,512,512,12,compare,pr197,1024,1,724856.9,715299.1,739203.8,3fb58063054aaa10,728483.4;739203.8;715299.1;724856.9;718451.4;727548.7;721252.5
mac,512,512,12,compare,pr197,1024,2,735691.6,717831.3,758214.6,3fb58063054aaa10,738612.8;740945.5;724944.3;758214.6;728002.5;735691.6;717831.3
mac,512,512,12,compare,pr197,1024,3,738091.5,728732.9,785937.2,3fb58063054aaa10,785937.2;770246.3;734655.0;728732.9;738091.5;745198.6;729479.4
mac,512,512,12,compare,pr197,4096,1,794495.1,771746.3,812723.9,3fb58063054aaa10,795757.1;806026.1;812723.9;794495.1;781096.9;771746.3;790455.6
mac,512,512,12,compare,pr197,4096,2,726683.7,720092.8,742133.2,3fb58063054aaa10,726683.7;720092.8;723500.5;734826.7;742133.2;725180.7;728100.9
mac,512,512,12,compare,pr197,4096,3,728419.7,712448.0,733843.5,3fb58063054aaa10,733152.4;712448.0;731395.1;733843.5;715373.5;713606.4;728419.7
mac,512,512,12,pair,current,1024,1,1896859.4,1869814.4,1926277.3,3fb58063054aaa10,1869814.4;1922678.4;1926277.3;1876666.7;1910591.1;1896859.4;1885905.0
mac,512,512,12,pair,current,1024,2,1921291.7,1883751.3,2018416.7,3fb58063054aaa10,1942005.2;1921291.7;2018416.7;1893649.8;1883751.3;1902832.0;1945693.5
mac,512,512,12,pair,current,1024,3,1895945.3,1829397.7,1967948.9,3fb58063054aaa10,1895945.3;1928214.8;1878640.6;1855371.2;1967948.9;1829397.7;1918497.4
mac,512,512,12,pair,current,2048,1,1880518.2,1851952.0,1956297.1,3fb58063054aaa10,1851952.0;1956297.1;1904406.2;1879596.4;1932696.6;1856174.2;1880518.2
mac,512,512,12,pair,current,2048,2,1909726.6,1829041.7,1973555.1,3fb58063054aaa10,1909726.6;1951388.5;1829041.7;1973555.1;1914621.1;1906751.3;1869902.8
mac,512,512,12,pair,current,2048,3,1914434.9,1826256.3,1988623.6,3fb58063054aaa10,1826256.3;1988623.6;1914434.9;1909484.4;1961936.8;1980751.4;1863024.0
mac,512,512,12,pair,current,4096,1,1947901.9,1831785.4,2024412.5,3fb58063054aaa10,1947901.9;2024412.5;1831785.4;1967611.6;1890247.4;1965069.9;1905820.3
mac,512,512,12,pair,current,4096,2,1890427.1,1860678.0,1947856.2,3fb58063054aaa10,1890427.1;1947856.2;1924503.9;1876350.2;1873627.5;1860678.0;1912337.2
mac,512,512,12,pair,current,4096,3,1918184.9,1820262.6,2031693.1,3fb58063054aaa10,2031693.1;1979862.9;1820276.5;1918184.9;1820262.6;1844843.4;1942438.2
mac,512,512,12,pair,current,8192,1,1932903.7,1887152.3,1989682.8,3fb58063054aaa10,1989682.8;1902449.2;1932903.7;1966629.0;1887152.3;1896670.6;1984134.4
mac,512,512,12,pair,current,8192,2,1912756.5,1827907.8,1971056.5,3fb58063054aaa10,1941944.9;1827907.8;1900677.1;1939276.9;1857626.3;1971056.5;1912756.5
mac,512,512,12,pair,current,8192,3,1859025.3,1833839.6,1922460.9,3fb58063054aaa10,1922460.9;1880628.9;1833839.6;1855232.3;1859025.3;1859012.6;1905477.9
mac,512,512,12,pair,pr197,1024,1,2333397.4,2260123.4,2375274.0,3fb58063054aaa10,2332637.8;2356315.7;2333397.4;2347905.5;2375274.0;2260123.4;2312631.4
mac,512,512,12,pair,pr197,1024,2,2278567.9,2261429.0,2322815.7,3fb58063054aaa10,2278567.9;2318964.7;2322815.7;2261429.0;2266995.4;2286649.7;2266358.0
mac,512,512,12,pair,pr197,1024,3,2325315.7,2293259.3,2402353.4,3fb58063054aaa10,2325315.7;2296493.8;2364165.1;2402353.4;2357698.7;2293259.3;2296279.3
mac,512,512,12,pair,pr197,4096,1,2331753.2,2272844.1,2369424.7,3fb58063054aaa10,2299362.7;2272844.1;2369424.7;2331753.2;2309012.3;2341237.2;2353123.4
mac,512,512,12,pair,pr197,4096,2,2308405.5,2237554.0,2354328.5,3fb58063054aaa10,2354328.5;2261422.9;2316761.2;2308405.5;2247654.3;2320916.7;2237554.0
mac,512,512,12,pair,pr197,4096,3,2305629.6,2246217.6,2348267.6,3fb58063054aaa10,2316764.4;2247464.5;2246217.6;2312001.6;2348267.6;2305629.6;2266395.1
mac,512,512,6,candidate,current,1024,1,1102056.8,1094221.2,1113225.3,3fb58063054aaa10,1109919.7;1098315.1;1102056.8;1113225.3;1108846.2;1096733.3;1094221.2
mac,512,512,6,candidate,current,1024,2,1210792.5,1093461.4,1286188.8,3fb58063054aaa10,1093461.4;1111523.9;1196612.7;1266917.5;1210792.5;1285134.7;1286188.8
mac,512,512,6,candidate,current,1024,3,1168907.8,1118827.9,1226330.8,3fb58063054aaa10,1226330.8;1188368.5;1143096.7;1168694.7;1168907.8;1118827.9;1172977.6
mac,512,512,6,candidate,current,2048,1,1084776.8,1071721.0,1092728.8,3fb58063054aaa10,1086442.7;1088741.8;1080442.7;1078168.2;1084776.8;1092728.8;1071721.0
mac,512,512,6,candidate,current,2048,2,1219445.0,1161467.9,1252169.3,3fb58063054aaa10,1251548.6;1161467.9;1219445.0;1252169.3;1240034.0;1191534.3;1186142.2
mac,512,512,6,candidate,current,2048,3,1214821.7,1104385.6,1307386.8,3fb58063054aaa10,1104385.6;1186276.1;1307386.8;1212009.2;1296322.7;1214821.7;1256015.6
mac,512,512,6,candidate,current,4096,1,1109713.6,1095362.1,1127298.6,3fb58063054aaa10,1106690.9;1127298.6;1095362.1;1108036.4;1115409.7;1109713.6;1113165.1
mac,512,512,6,candidate,current,4096,2,1101520.5,1083140.6,1104818.2,3fb58063054aaa10,1101520.5;1089514.1;1097364.4;1104818.2;1104227.3;1083140.6;1103718.9
mac,512,512,6,candidate,current,4096,3,1086234.4,1073814.0,1098553.0,3fb58063054aaa10,1093568.9;1086349.0;1086234.4;1073814.0;1080793.9;1075802.1;1098553.0
mac,512,512,6,candidate,current,8192,1,1237704.1,1206875.0,1279974.3,3fb58063054aaa10,1279974.3;1254827.3;1230089.3;1263355.9;1206875.0;1237704.1;1231795.1
mac,512,512,6,candidate,current,8192,2,1101327.3,1091003.7,1107320.5,3fb58063054aaa10,1096525.8;1105943.9;1104384.1;1095786.4;1101327.3;1107320.5;1091003.7
mac,512,512,6,candidate,current,8192,3,1123223.8,1116939.8,1294778.4,3fb58063054aaa10,1116939.8;1134279.3;1120239.2;1123223.8;1119349.5;1241001.7;1294778.4
mac,512,512,6,candidate,modes,1024,1,1225033.2,1164060.1,1253947.0,3fb58063054aaa10,1234159.9;1206586.7;1164060.1;1225033.2;1253947.0;1232375.0;1180394.6
mac,512,512,6,candidate,modes,1024,2,1106502.3,1090270.1,1126696.8,3fb58063054aaa10,1126696.8;1090270.1;1117382.7;1105851.5;1119818.7;1106267.4;1106502.3
mac,512,512,6,candidate,modes,1024,3,1219069.2,1202135.0,1306267.2,3fb58063054aaa10,1205702.5;1202135.0;1219069.2;1220690.0;1306267.2;1243341.8;1217897.5
mac,512,512,6,candidate,modes,4096,1,1091953.8,1084157.0,1237578.2,3fb58063054aaa10,1221242.5;1237578.2;1084157.0;1090953.8;1091953.8;1110061.4;1085236.6
mac,512,512,6,candidate,modes,4096,2,1221245.0,1139396.2,1249090.1,3fb58063054aaa10,1249090.1;1216203.3;1188993.6;1221245.0;1139396.2;1240052.7;1235621.6
mac,512,512,6,candidate,modes,4096,3,1307335.2,1265730.0,1381590.0,3fb58063054aaa10,1372768.0;1295765.1;1272247.4;1333364.1;1381590.0;1307335.2;1265730.0
mac,512,512,6,compare,current,1024,1,642978.3,634205.7,660420.3,3fb58063054aaa10,637114.5;634205.7;641616.1;653529.4;642978.3;660420.3;651490.6
mac,512,512,6,compare,current,1024,2,636218.4,633247.8,641645.4,3fb58063054aaa10,636218.4;634819.3;638461.4;634201.3;636972.8;641645.4;633247.8
mac,512,512,6,compare,current,1024,3,641823.6,633986.0,653567.0,3fb58063054aaa10,641823.6;653567.0;643173.8;640525.7;639888.7;633986.0;645059.0
mac,512,512,6,compare,current,2048,1,651005.8,648573.5,655916.7,3fb58063054aaa10,653668.5;651422.9;650532.3;655916.7;648573.5;650232.5;651005.8
mac,512,512,6,compare,current,2048,2,647448.5,643579.8,652048.4,3fb58063054aaa10,643579.8;652048.4;645427.9;648121.9;644703.0;650425.2;647448.5
mac,512,512,6,compare,current,2048,3,654799.4,637422.8,658974.2,3fb58063054aaa10,637422.8;656308.9;648034.5;654799.4;658974.2;653724.6;654981.9
mac,512,512,6,compare,current,4096,1,713616.7,679189.6,743470.2,3fb58063054aaa10,680410.6;713616.7;725819.8;695566.6;733440.5;679189.6;743470.2
mac,512,512,6,compare,current,4096,2,645849.5,642264.6,655731.9,3fb58063054aaa10,654324.7;655731.9;645789.0;648168.9;645849.5;642264.6;645408.2
mac,512,512,6,compare,current,4096,3,645828.9,638482.3,647662.2,3fb58063054aaa10,638482.3;647662.2;643183.5;647074.8;646590.9;645354.8;645828.9
mac,512,512,6,compare,current,8192,1,669141.5,655849.6,672207.9,3fb58063054aaa10,669141.5;672207.9;659712.0;665047.2;655849.6;669234.3;670426.4
mac,512,512,6,compare,current,8192,2,774506.3,756553.7,823047.4,3fb58063054aaa10,808368.3;770349.9;802829.5;823047.4;774506.3;756553.7;765653.5
mac,512,512,6,compare,current,8192,3,670779.2,663440.0,682574.8,3fb58063054aaa10,663440.0;680882.5;665953.8;670779.2;663869.0;682574.8;675341.8
mac,512,512,6,compare,pr197,1024,1,642712.8,636083.8,662288.5,3fb58063054aaa10,662288.5;659784.0;655298.5;642497.8;642712.8;642638.7;636083.8
mac,512,512,6,compare,pr197,1024,2,651082.4,632403.2,665821.4,3fb58063054aaa10,652500.0;658077.0;665821.4;644290.8;641463.7;632403.2;651082.4
mac,512,512,6,compare,pr197,1024,3,640314.7,637998.2,657872.3,3fb58063054aaa10,639851.9;638375.4;637998.2;640314.7;655623.6;657872.3;657115.0
mac,512,512,6,compare,pr197,4096,1,640052.7,638276.8,653411.7,3fb58063054aaa10,640052.7;638276.8;653411.7;646164.0;640209.7;638516.0;638864.4
mac,512,512,6,compare,pr197,4096,2,683545.5,664697.8,701550.9,3fb58063054aaa10,670101.4;687934.2;683545.5;670730.6;664697.8;688145.4;701550.9
mac,512,512,6,compare,pr197,4096,3,653380.0,649080.6,665217.5,3fb58063054aaa10,650861.6;649080.6;652836.5;653380.0;665217.5;661652.0;657586.5
mac,512,512,6,pair,current,1024,1,1722031.0,1628357.0,1767215.7,3fb58063054aaa10,1722031.0;1726478.6;1714676.2;1767215.7;1738979.8;1628357.0;1718728.6
mac,512,512,6,pair,current,1024,2,1702502.3,1572469.0,1800774.5,3fb58063054aaa10,1702502.3;1733230.9;1572469.0;1670074.3;1800774.5;1765326.0;1649388.5
mac,512,512,6,pair,current,1024,3,1727119.1,1680465.3,1806279.4,3fb58063054aaa10,1806279.4;1680465.3;1688762.7;1782754.9;1767257.4;1727119.1;1690126.2
mac,512,512,6,pair,current,2048,1,1590875.0,1583605.3,1770954.6,3fb58063054aaa10,1677719.6;1770954.6;1636932.4;1587081.2;1590875.0;1583605.3;1583771.9
mac,512,512,6,pair,current,2048,2,1678510.4,1662879.5,1747809.5,3fb58063054aaa10,1747809.5;1669209.5;1678510.4;1729906.0;1675934.7;1679341.4;1662879.5
mac,512,512,6,pair,current,2048,3,1714527.4,1630994.4,1778350.0,3fb58063054aaa10,1630994.4;1766693.6;1685219.9;1714527.4;1778350.0;1740045.2;1683023.1
mac,512,512,6,pair,current,4096,1,1708162.1,1652318.7,1773403.2,3fb58063054aaa10,1656143.0;1695479.2;1773403.2;1708162.1;1734032.1;1717391.7;1652318.7
mac,512,512,6,pair,current,4096,2,1682192.1,1556359.0,1746442.9,3fb58063054aaa10,1682192.1;1715345.2;1746442.9;1694165.5;1648376.1;1596485.8;1556359.0
mac,512,512,6,pair,current,4096,3,1745694.1,1662638.5,1845393.9,3fb58063054aaa10,1774857.9;1667307.4;1710199.1;1845393.9;1745694.1;1662638.5;1787796.6
mac,512,512,6,pair,current,8192,1,1728467.9,1670567.1,1770199.8,3fb58063054aaa10,1754794.0;1681112.6;1739919.0;1670567.1;1697950.2;1770199.8;1728467.9
mac,512,512,6,pair,current,8192,2,1678914.3,1629666.7,1809316.2,3fb58063054aaa10,1809316.2;1662917.8;1788100.5;1695854.2;1629666.7;1678914.3;1644170.1
mac,512,512,6,pair,current,8192,3,1643657.6,1589789.5,1685013.9,3fb58063054aaa10,1660542.8;1589789.5;1625295.1;1617732.4;1685013.9;1643657.6;1658395.3
mac,512,512,6,pair,pr197,1024,1,2103952.6,2071896.6,2173174.1,3fb58063054aaa10,2071896.6;2080660.9;2109535.9;2103952.6;2173174.1;2095163.8;2114122.1
mac,512,512,6,pair,pr197,1024,2,2136119.2,2079612.1,2204257.4,3fb58063054aaa10,2079612.1;2204257.4;2136119.2;2160019.4;2133479.9;2138533.0;2111909.5
mac,512,512,6,pair,pr197,1024,3,2100070.4,2054327.8,2173363.1,3fb58063054aaa10,2054327.8;2173363.1;2100070.4;2151450.9;2092367.8;2157812.5;2094247.1
mac,512,512,6,pair,pr197,4096,1,2158266.4,2104255.7,2191596.7,3fb58063054aaa10,2137275.9;2158266.4;2106377.9;2104255.7;2191596.7;2159970.2;2161077.4
mac,512,512,6,pair,pr197,4096,2,2134945.4,2114511.5,2175714.3,3fb58063054aaa10,2144375.0;2114725.6;2175714.3;2114511.5;2148058.0;2134945.4;2119284.5
mac,512,512,6,pair,pr197,4096,3,2119741.4,2109283.0,2187498.5,3fb58063054aaa10,2122843.4;2109283.0;2116349.1;2119741.4;2147245.5;2109714.1;2187498.5
