host,size,workers,scenario,version,mode,round,median_ms,reference_prep_ms,candidate_prep_ms,compare_ms,drop_ms,reference_once_ms,score_bits,batch_ns,batch_reference_ns,batch_candidate_ns,batch_compare_ns,batch_drop_ns
linux,3840x2160,1,candidate,dispatch,cc,1,255.524426,0.0,135.850684,116.03070679999999,3.6428522,120.929427,3fb3e9db342ea340;3fb4769ccb400040;3fb50e77f35a2ba0;3fb59b28305d0e40,290111267.2;279810178.5;255267335.8;254717336.2;255324339.0;255896493.3;255524426.0,0.0;0.0;0.0;0.0;0.0;0.0;0.0,167919204.8;160522446.8;135879776.8;135339270.5;135504559.2;135820719.8;135850684.0,110797367.0;111586305.0;115756539.0;115775277.0;116118155.8;116428084.2;116030706.8,11394422.2;7701191.5;3630792.5;3602566.2;3701398.8;3647516.2;3642852.2
linux,3840x2160,1,candidate,dispatch,cc,2,254.8917325,0.0,135.6167595,115.525145,3.749668,119.270036,3fb3e9db342ea340;3fb4769ccb400040;3fb50e77f35a2ba0;3fb59b28305d0e40,290621643.8;279464181.8;254969129.8;254891732.5;254872027.8;254839513.5;254881049.7,0.0;0.0;0.0;0.0;0.0;0.0;0.0,168449276.8;160619090.2;136128564.2;135616759.5;135661973.5;135455017.8;135774466.8,110524603.5;111311776.2;115155044.0;115525145.0;115584745.0;115768772.0;115538294.5,11647563.5;7533072.5;3685346.2;3749668.0;3625091.5;3615478.0;3568028.0
linux,3840x2160,1,candidate,dispatch,cc,3,253.8026395,0.0,135.3858335,114.8158055,3.6006877999999998,120.433976,3fb3e9db342ea340;3fb4769ccb400040;3fb50e77f35a2ba0;3fb59b28305d0e40,293448664.8;280209319.0;253684838.5;253795503.5;254349155.0;253802639.5;253602735.0,0.0;0.0;0.0;0.0;0.0;0.0;0.0,169194369.0;161045349.0;135135743.8;135095620.5;135717824.2;135385833.5;135076589.2,112263673.5;111292201.8;114993455.0;115042388.0;115021024.8;114815805.5;114968154.2,11990369.2;7871540.0;3555409.0;3657179.8;3610035.0;3600687.8;3557756.0
linux,3840x2160,1,candidate,main,cc,1,897.46795,0.0,588.2858057999999,305.4097785,3.7721505,566.00156,3fb3e9db342ea340;3fb4769ccb400040;3fb50e77f35a2ba0;3fb59b28305d0e40,897178453.0;895425414.0;896540068.2;897872869.0;898705380.0;897683046.0;897467950.0,0.0;0.0;0.0;0.0;0.0;0.0;0.0,609531901.0;605391060.5;587751634.5;588414871.2;590712739.8;588775653.8;588285805.8,276012577.0;282180046.2;305129373.0;305741590.5;304325702.0;305319844.8;305409778.5,11633789.2;7854077.0;3658825.5;3716184.2;3666670.2;3587324.5;3772150.5
linux,3840x2160,1,candidate,main,cc,2,894.99141,0.0,586.483326,304.4057058,4.102175,573.251487,3fb3e9db342ea340;3fb4769ccb400040;3fb50e77f35a2ba0;3fb59b28305d0e40,913638710.0;891404290.7;895937233.5;894476607.2;894991410.0;894214276.5;900564633.2,0.0;0.0;0.0;0.0;0.0;0.0;0.0,616205411.0;602175158.5;587293103.8;585347589.0;586483326.0;585872936.8;590849206.2,284722790.2;281316677.0;304764961.2;305210477.2;304405705.8;304547077.5;305495155.2,12710220.8;7912304.8;3878918.2;3918300.8;4102175.0;3794159.8;4220139.0
linux,3840x2160,1,candidate,main,cc,3,900.5366425,0.0,591.7452755,305.039342,3.7518395,572.198807,3fb3e9db342ea340;3fb4769ccb400040;3fb50e77f35a2ba0;3fb59b28305d0e40,915839273.8;910859029.0;900536642.5;896223231.5;897795818.0;896334014.5;906419618.8,0.0;0.0;0.0;0.0;0.0;0.0;0.0,619079479.0;613772245.5;591745275.5;587464857.2;588717202.5;587224753.8;597273382.8,285028608.2;289447890.2;305039342.0;305097435.2;305432303.5;305315556.5;305528461.2,11730981.5;7638692.5;3751839.5;3660678.8;3646063.8;3793456.5;3617649.8
linux,3840x2160,1,candidate,options,cc,1,246.08685780000002,0.0,126.1220878,108.41106020000001,11.5534415,76.055665,3fb3e9db342ea340;3fb4769ccb400040;3fb50e77f35a2ba0;3fb59b28305d0e40,246086857.8;245723124.5;245756916.0;246135051.8;246554005.0;245783298.8;246092205.2,0.0;0.0;0.0;0.0;0.0;0.0;0.0,126122087.8;125895209.0;126080440.5;126332542.2;126448780.2;126107833.0;126268014.5,108411060.2;108288525.2;108364542.0;108208302.8;108340497.0;108180758.2;108481652.0,11553441.5;11539039.5;11311675.2;11593978.8;11764442.2;11494449.5;11342208.2
linux,3840x2160,1,candidate,options,cc,2,246.4286195,0.0,126.4209652,108.4480458,11.5593282,76.517332,3fb3e9db342ea340;3fb4769ccb400040;3fb50e77f35a2ba0;3fb59b28305d0e40,247155907.8;245289796.8;246537521.0;246090319.5;246023860.5;246428619.5;246561323.8,0.0;0.0;0.0;0.0;0.0;0.0;0.0,126763044.8;125661748.5;126725212.8;126208271.5;126310803.2;126420965.2;126021115.5,108777383.5;108119268.5;108233022.5;108283122.5;108090509.2;108448045.8;108965265.2,11615241.8;11508551.8;11579090.5;11598717.5;11622335.0;11559328.2;11574604.5
linux,3840x2160,1,candidate,options,cc,3,246.309418,0.0,126.03789520000001,108.52611879999999,11.7451762,76.169401,3fb3e9db342ea340;3fb4769ccb400040;3fb50e77f35a2ba0;3fb59b28305d0e40,246447124.5;246309418.0;245873855.5;246060502.5;246091506.5;247347353.8;246403526.5,0.0;0.0;0.0;0.0;0.0;0.0;0.0,126965015.5;126037895.2;125982337.0;126204095.5;125948212.5;127495913.5;126236427.0,108028917.2;108526118.8;108315534.0;108377536.8;108519954.8;108238106.8;108460376.8,11452983.5;11745176.2;11575741.2;11478577.0;11623081.2;11613080.2;11706487.0
linux,3840x2160,1,candidate,options,cs,1,129.8514045,0.0,63.0551875,62.7234052,4.0724505,107.241415,3fb3e9db342ea340;3fb4769ccb400040;3fb50e77f35a2ba0;3fb59b28305d0e40,148235384.2;141792757.8;129702902.2;129338422.7;129851404.5;130919540.2;129611080.5,0.0;0.0;0.0;0.0;0.0;0.0;0.0,80380459.8;75621838.5;62833932.8;62664598.5;63055187.5;63595826.8;62937163.5,60326300.5;60472290.2;62814964.0;62641787.2;62723405.2;63237997.0;62594660.8,7528296.2;5698388.5;4053707.5;4031603.5;4072450.5;4085282.8;4078895.2
linux,3840x2160,1,candidate,options,cs,2,129.892723,0.0,63.0919175,62.715632799999995,4.0846992,107.925293,3fb3e9db342ea340;3fb4769ccb400040;3fb50e77f35a2ba0;3fb59b28305d0e40,147508969.8;142257362.2;129556599.2;129892723.0;129925700.2;129454743.5;129512530.8,0.0;0.0;0.0;0.0;0.0;0.0;0.0,80430895.5;76065601.0;63062479.0;63091917.5;63067974.2;62806370.2;63109280.8,60016747.5;60371113.2;62352145.2;62715632.8;62734118.2;62580150.5;62348124.8,7061086.2;5820322.5;4141549.2;4084699.2;4123227.0;4067912.2;4054782.0
linux,3840x2160,1,candidate,options,cs,3,132.866089,0.0,66.3894645,62.235168,4.2410962,110.338926,3fb3e9db342ea340;3fb4769ccb400040;3fb50e77f35a2ba0;3fb59b28305d0e40,148770463.0;144683757.5;132043639.8;132866089.0;132926686.5;131745901.8;131315990.5,0.0;0.0;0.0;0.0;0.0;0.0;0.0,80098161.0;75954512.5;63513610.5;66389464.5;66530341.5;62891815.2;63508984.5,61368417.2;62968801.0;64122266.5;62235168.0;62336227.5;64776030.2;63100749.0,7303591.5;5760058.0;4407469.2;4241096.2;4059719.2;4077720.8;4705914.0
linux,3840x2160,1,pair,dispatch,cc,1,364.484214,117.6455415,131.9769305,111.326061,3.5353207999999996,0.0,3fb3e9db342ea340;3fb4769ccb400040;3fb50e77f35a2ba0;3fb59b28305d0e40,397185098.3;361844203.5;364694651.0;364484214.0;364198604.2;364345232.5;365045875.5,118527293.2;117797524.8;117747580.2;117645541.5;117453108.5;117281753.0;117790972.2,158043308.8;129887458.0;131494251.5;131976930.5;131587040.0;131516954.2;132137257.2,113037323.2;110566591.0;111868222.8;111326061.0;111620723.0;112063626.5;111461400.5,7576827.8;3592248.8;3584261.5;3535320.8;3537475.0;3482495.8;3655962.0
linux,3840x2160,1,pair,dispatch,cc,2,365.546133,118.5446835,131.5693365,111.82604020000001,3.6057245,0.0,3fb3e9db342ea340;3fb4769ccb400040;3fb50e77f35a2ba0;3fb59b28305d0e40,397044038.0;361888317.2;364560852.0;365570006.0;364909271.2;365664928.8;365546133.0,118955669.0;118884541.5;118297877.0;118666379.8;118679910.5;118378257.5;118544683.5,158081596.5;128720672.2;130945730.0;131248504.8;130903762.5;131521310.5;131569336.5,112594477.0;110688570.5;111661801.0;112010368.0;111695409.8;112130225.2;111826040.2,7411899.8;3594235.0;3655130.8;3644480.8;3629780.2;3634832.5;3605724.5
linux,3840x2160,1,pair,dispatch,cc,3,375.7943962,121.8502605,135.6261152,114.1593385,4.1583765,0.0,3fb3e9db342ea340;3fb4769ccb400040;3fb50e77f35a2ba0;3fb59b28305d0e40,402838964.8;365561775.2;372382943.2;375886897.0;375018483.0;375794396.2;376565175.0,120506962.0;119638986.2;118624196.8;121134559.2;121359426.2;121850260.5;122887868.2,158463727.2;130724016.2;136883437.8;133897036.8;134119418.8;135626115.2;135397012.8,116847383.0;111738446.8;113309039.0;116876555.8;115407769.2;114159338.5;114222098.0,7020596.5;3460020.2;3565946.8;3978392.2;4131503.2;4158376.5;4057845.2
linux,3840x2160,1,pair,fusion,cc,1,276.184862,74.264446,88.263028,110.3114192,3.345708,0.0,3fb3e9db342ea340;3fb4769ccb400040;3fb50e77f35a2ba0;3fb59b28305d0e40,308557828.5;273506268.0;275454880.8;276667681.2;275956365.5;276184862.0;276913979.0,75386762.2;74452873.2;74259591.8;74358183.8;74250008.0;74264446.0;74296314.0,114593678.2;85878673.2;87505529.8;87733458.0;87840719.0;88263028.0;88385044.5,111114960.0;109787431.2;110254035.2;111143075.5;110330452.8;110311419.2;110887640.8,7462085.2;3387002.0;3435408.5;3432686.2;3534870.0;3345708.0;3344704.2
linux,3840x2160,1,pair,fusion,cc,2,277.177374,74.69219079999999,88.2894632,110.7023918,3.4931058,0.0,3fb3e9db342ea340;3fb4769ccb400040;3fb50e77f35a2ba0;3fb59b28305d0e40,307902591.8;273588844.8;277109873.2;277022755.5;278706863.5;277312352.8;277177374.0,75033751.8;74218884.2;74514706.0;74157988.5;75061895.0;74615142.0;74692190.8,114743537.8;86618027.0;88677771.0;88826716.2;89624125.5;88456595.2;88289463.2,110606709.8;109273205.0;110435457.0;110559214.5;110594887.2;110764923.0;110702391.8,7518356.8;3478500.5;3481664.0;3478538.0;3425677.5;3475484.8;3493105.8
linux,3840x2160,1,pair,fusion,cc,3,275.5426775,73.85549420000001,88.4509602,109.8757315,3.3600808,0.0,3fb3e9db342ea340;3fb4769ccb400040;3fb50e77f35a2ba0;3fb59b28305d0e40,307926301.5;273066302.5;275939603.8;275524816.0;275329603.0;276515382.2;275542677.5,74787078.0;73834687.2;73964423.8;73839103.0;73861633.5;74293283.0;73855494.2,114554892.2;86541572.0;88375176.2;88200173.8;88329218.8;88747438.2;88450960.2,111333214.2;109325421.8;110222297.5;110201398.0;109757334.5;110074013.2;109875731.5,7250749.0;3364268.2;3377431.0;3283805.5;3381092.8;3400321.8;3360080.8
linux,3840x2160,1,pair,main,cc,1,1433.8033185,560.1369382,581.974311,288.0982122,3.5934685,0.0,3fb3e9db342ea340;3fb4769ccb400040;3fb50e77f35a2ba0;3fb59b28305d0e40,1473322052.0;1424208147.8;1433803318.5;1432775165.8;1431550459.8;1439239629.0;1434939415.8,561567434.8;560951124.8;560136938.2;560726821.0;559349570.2;563349398.5;561577934.8,604368345.8;571658744.5;581974311.0;580362289.8;581923521.8;584239600.0;580531421.2,299893350.2;287976105.5;288098212.2;288173695.2;286657869.8;288091196.2;289216753.2,7492582.8;3621800.0;3593468.5;3512061.8;3619257.5;3559159.0;3612961.0
linux,3840x2160,1,pair,main,cc,2,1442.2383185,563.071548,586.2607008,289.3304245,3.5753642,0.0,3fb3e9db342ea340;3fb4769ccb400040;3fb50e77f35a2ba0;3fb59b28305d0e40,1483602624.0;1446663699.5;1438744265.8;1442238318.5;1453830473.5;1437162775.2;1440038962.2,564910558.0;568728866.2;562154742.5;563071548.0;569724314.0;561480008.5;564473841.0,609251320.8;585747659.0;584822895.5;586260700.8;591998511.2;583025757.5;583706661.0,301891294.5;288498049.0;288144938.2;289330424.5;288552843.0;289041438.0;288261860.2,7549032.5;3688792.0;3621389.2;3575364.2;3554522.2;3615197.8;3596326.2
linux,3840x2160,1,pair,main,cc,3,1440.286462,566.1581947999999,582.754898,287.7852032,3.5878178,0.0,3fb3e9db342ea340;3fb4769ccb400040;3fb50e77f35a2ba0;3fb59b28305d0e40,1475886331.0;1431537585.8;1434877758.5;1440186181.5;1440286462.0;1443433124.8;1442203940.5,561914651.5;561441292.2;561266853.8;564275074.0;566158194.8;563681789.8;563804948.5,604537707.2;576812947.2;580528272.8;583877359.8;582754898.0;585945246.5;586585910.5,301927851.2;289636413.2;289480466.8;288436379.2;287785203.2;290163243.5;288240805.2,7505737.8;3646467.2;3601776.8;3596975.2;3587817.8;3642489.0;3571940.8
linux,3840x2160,1,pair,options,cc,1,271.05505819999996,74.2441525,87.05527479999999,106.5902505,3.1650077999999997,0.0,3fb3e9db342ea340;3fb4769ccb400040;3fb50e77f35a2ba0;3fb59b28305d0e40,319816693.2;306770033.2;270776727.2;271165059.8;268816660.2;271055058.2;269684132.2,75169286.5;74854706.0;75529527.8;74838373.0;74588408.2;74244152.5;74280922.0,123385849.2;114350100.8;85704512.5;86634443.0;86797169.8;87055274.8;86299649.8,110114993.8;110448404.5;106345009.5;106557042.2;104350397.0;106590250.5;106009327.2,11146158.0;7116373.5;3197141.0;3134738.0;3080123.8;3165007.8;3093925.2
linux,3840x2160,1,pair,options,cc,2,270.725803,75.3845678,85.7236135,106.49975620000001,3.1174922,0.0,3fb3e9db342ea340;3fb4769ccb400040;3fb50e77f35a2ba0;3fb59b28305d0e40,326203095.8;306389190.0;268564799.5;270372056.2;269188624.0;271466737.5;270725803.0,76695111.8;74623660.8;74309163.5;74189513.8;74816361.2;75316325.8;75384567.8,122972714.2;113447538.8;84328787.5;85780190.8;85746965.5;85442625.2;85723613.5,115029731.5;111198383.5;106851225.8;107279454.2;105528877.5;107482790.0;106499756.2,11505130.0;7119326.8;3075347.2;3122544.5;3096136.8;3224615.5;3117492.2
linux,3840x2160,1,pair,options,cc,3,271.0918932,74.0268248,87.3423648,106.6487792,3.0735562,0.0,3fb3e9db342ea340;3fb4769ccb400040;3fb50e77f35a2ba0;3fb59b28305d0e40,320520552.5;307391078.0;270668960.0;271118263.2;268868323.2;271091893.2;270541305.0,75458949.5;74595970.5;74280203.0;74239490.8;74085621.0;74026824.8;74564274.8,123218070.8;115635742.2;87285474.5;87480191.8;87262305.5;87342364.8;87138427.5,110500287.5;110001182.2;106055397.2;106270077.2;104503766.0;106648779.2;105789700.5,11342932.0;7157835.0;3047637.2;3128182.5;3016382.8;3073556.2;3048639.0
linux,3840x2160,1,pair,options,ss,1,190.9290268,40.482441,75.2766228,72.7665212,2.4032465,0.0,3fb3e9db342ea340;3fb4769ccb400040;3fb50e77f35a2ba0;3fb59b28305d0e40,216700434.8;204426890.8;190536193.2;190929026.8;190184896.0;191394856.2;190858525.5,48035301.2;39878962.8;40366854.0;40482441.0;40335146.0;40345591.2;40490313.5,80969390.5;82813108.8;75406136.5;75276622.8;75193437.5;75968526.5;75385805.0,83320247.0;78696497.2;72358291.0;72766521.2;72237982.5;72682324.0;72523041.5,4375221.0;3037963.8;2404648.8;2403246.5;2418084.2;2398176.5;2459122.2
linux,3840x2160,1,pair,options,ss,2,195.47734119999998,40.12771,79.3832435,73.2977652,2.668317,0.0,3fb3e9db342ea340;3fb4769ccb400040;3fb50e77f35a2ba0;3fb59b28305d0e40,220716896.8;209905013.5;195339674.8;194238145.5;195972614.2;195477341.2;194827116.5,48188321.8;40088968.5;40188447.5;40430665.2;43342925.8;40127710.0;40196911.2,84045073.5;84773441.8;77212729.5;76822846.8;76326128.5;79383243.5;76922020.0,83846634.2;81784248.2;75501758.0;74532627.5;73834346.0;73297765.2;75270955.0,4636587.0;3258034.0;2436406.2;2451708.0;2468806.0;2668317.0;2436834.5
linux,3840x2160,1,pair,options,ss,3,195.820335,40.497827799999996,79.351814,73.246543,2.723807,0.0,3fb3e9db342ea340;3fb4769ccb400040;3fb50e77f35a2ba0;3fb59b28305d0e40,221506218.2;209672644.5;196890737.5;195820335.0;195005653.0;194372823.8;193004300.0,49544627.0;41007525.8;43516853.2;40497827.8;40092823.8;40259555.2;41498886.2,82708290.0;85383848.2;76958965.0;79351814.0;77270727.0;77387501.5;76476949.5,84844577.0;80175412.8;73906814.0;73246543.0;75165597.0;74268859.2;72553133.5,4408355.8;3105572.5;2507744.5;2723807.0;2476139.2;2456467.0;2474969.8
linux,3840x2160,6,candidate,dispatch,cc,1,183.87086119999998,0.0,112.59936379999999,53.051812,18.2194,110.743514,3fb3e9db342ea340;3fb4769ccb400040;3fb50e77f35a2ba0;3fb59b28305d0e40,183870861.2;175082670.2;181302123.2;185183251.0;184189037.8;182598480.0;183931999.8,0.0;0.0;0.0;0.0;0.0;0.0;0.0,112599363.8;109552593.0;106925399.2;110531477.0;110354884.0;110208686.8;111304166.5,53051812.0;47776619.8;56758413.2;60694662.8;56937397.8;56638144.5;55814441.0,18219400.0;17753242.2;17618030.5;13956795.5;16896532.8;15751411.0;16813066.5
linux,3840x2160,6,candidate,dispatch,cc,2,194.1004465,0.0,116.9989058,56.3132152,20.787932,110.254446,3fb3e9db342ea340;3fb4769ccb400040;3fb50e77f35a2ba0;3fb59b28305d0e40,191874429.2;191688581.5;194759317.5;194100446.5;197065341.5;193805376.2;196451581.0,0.0;0.0;0.0;0.0;0.0;0.0;0.0,116918152.8;119062802.5;117545388.2;116998905.8;122176815.5;117255483.0;117909384.5,52697992.2;52157932.0;56437290.8;56313215.2;54972534.2;54997171.2;59449468.0,22257911.2;20467589.0;20776385.2;20787932.0;19915628.8;21552481.5;19092452.8
linux,3840x2160,6,candidate,dispatch,cc,3,186.2132568,0.0,110.67379720000001,59.9844668,15.5546945,103.88955,3fb3e9db342ea340;3fb4769ccb400040;3fb50e77f35a2ba0;3fb59b28305d0e40,181614055.5;186435759.2;186213256.8;187024186.8;184836224.5;184995620.0;186481298.2,0.0;0.0;0.0;0.0;0.0;0.0;0.0,109887634.2;111835884.2;110673797.2;110747745.5;111148453.5;110722688.0;111299633.0,56204666.5;58654067.5;59984466.8;59444701.8;58052851.2;59909639.5;57716747.8,15521509.5;15945544.2;15554694.5;16831509.0;15634689.0;14363049.5;17464664.2
linux,3840x2160,6,candidate,main,cc,1,268.366831,0.0,184.863471,69.01711420000001,14.485967800000001,181.095438,3fb3e9db342ea340;3fb4769ccb400040;3fb50e77f35a2ba0;3fb59b28305d0e40,269238756.8;267605773.2;268140238.2;264306085.0;270630860.2;273919823.2;268366831.0,0.0;0.0;0.0;0.0;0.0;0.0;0.0,184061951.5;184746854.5;182856107.0;180472904.0;183139234.2;187598274.2;184863471.0,71185158.5;69886126.5;69852475.0;70641386.0;72807777.2;72001558.8;69017114.2,13991476.5;12972571.5;15431443.5;13191604.8;14683661.0;14319727.2;14485967.8
linux,3840x2160,6,candidate,main,cc,2,271.8717015,0.0,181.0996818,74.14936,16.6223795,180.563949,3fb3e9db342ea340;3fb4769ccb400040;3fb50e77f35a2ba0;3fb59b28305d0e40,269339528.2;271883155.8;271871701.5;269380643.8;273882750.5;269970997.2;273885678.5,0.0;0.0;0.0;0.0;0.0;0.0;0.0,186547942.2;186516302.2;181099681.8;184026408.8;181828628.0;180492153.0;187691471.5,66954417.0;67225259.0;74149360.0;68233150.2;75620816.5;73771735.2;69361966.2,15836768.0;18141351.5;16622379.5;17120786.2;16433057.8;15706846.2;16831980.5
linux,3840x2160,6,candidate,main,cc,3,281.8698825,0.0,186.7315535,74.929281,20.2087152,183.933137,3fb3e9db342ea340;3fb4769ccb400040;3fb50e77f35a2ba0;3fb59b28305d0e40,275201552.2;287766106.5;281869882.5;286009152.5;277160644.8;277704938.5;283384045.0,0.0;0.0;0.0;0.0;0.0;0.0;0.0,185869298.5;190951479.5;186731553.5;189143901.8;189926042.0;189457707.5;189029327.0,69519265.2;77359095.0;74929281.0;78028531.2;67471509.0;68117265.0;74372696.5,19812675.5;19455249.2;20208715.2;18836489.2;19762871.0;20129717.8;19981794.0
linux,3840x2160,6,candidate,options,cc,1,129.7640035,0.0,56.724844,59.796149,13.2427595,62.463885,3fb3e9db342ea340;3fb4769ccb400040;3fb50e77f35a2ba0;3fb59b28305d0e40,130903316.8;128472155.2;132502711.5;130582229.5;129764003.5;128718568.0;128135460.8,0.0;0.0;0.0;0.0;0.0;0.0;0.0,58061943.2;58129757.0;60149447.0;57028298.0;56724844.0;57581087.8;57255073.8,58117984.8;53998369.2;55386120.0;57837509.8;59796149.0;55122236.0;56295421.2,14722950.2;16343720.8;16966831.2;15716158.5;13242759.5;16015009.0;14584698.0
linux,3840x2160,6,candidate,options,cc,2,132.4099605,0.0,59.6929225,57.7142405,15.002426199999999,56.072689,3fb3e9db342ea340;3fb4769ccb400040;3fb50e77f35a2ba0;3fb59b28305d0e40,132409960.5;133867047.3;133826172.0;129475883.8;123456077.5;128673986.0;135689543.0,0.0;0.0;0.0;0.0;0.0;0.0;0.0,59692922.5;61092320.2;61974688.5;60649174.0;58602434.8;58953113.0;61242337.5,57714240.5;55247614.0;53300071.0;52813176.5;47225896.2;54985952.2;59159352.2,15002426.2;17526734.8;18550949.8;16013220.2;17627245.8;14734547.8;15287497.2
linux,3840x2160,6,candidate,options,cc,3,132.72751829999999,0.0,58.798585,58.938865799999995,14.989772199999999,59.283926,3fb3e9db342ea340;3fb4769ccb400040;3fb50e77f35a2ba0;3fb59b28305d0e40,134800364.5;135722027.2;131868760.2;133155528.5;132727518.3;128549446.7;132136080.3,0.0;0.0;0.0;0.0;0.0;0.0;0.0,59916247.0;59907435.5;57533407.0;58565101.5;58798585.0;57893510.8;58783701.2,57636470.5;59063843.5;59131582.0;56990160.2;58938865.8;55475224.2;57054480.2,17247318.8;16750350.2;15203483.0;17599894.0;14989772.2;15180376.5;16297553.0
linux,3840x2160,6,candidate,options,cs,1,57.9102228,0.0,24.803628,27.066941,6.0393732,57.322943,3fb3e9db342ea340;3fb4769ccb400040;3fb50e77f35a2ba0;3fb59b28305d0e40,52203198.0;54650407.5;56036274.2;57910222.8;61828573.2;58282557.2;59507025.0,0.0;0.0;0.0;0.0;0.0;0.0;0.0,23437584.0;22126978.0;24813451.2;24803628.0;28159275.0;25948158.8;26783866.0,22921847.2;26584261.5;24688424.5;27066941.0;27661179.0;26507498.8;26528205.0,5843363.8;5938825.0;6534102.8;6039373.2;6007805.8;5826558.8;6194716.0
linux,3840x2160,6,candidate,options,cs,2,48.5079808,0.0,19.6218955,25.4987705,3.3870918,54.679924,3fb3e9db342ea340;3fb4769ccb400040;3fb50e77f35a2ba0;3fb59b28305d0e40,46475797.0;51385698.0;48507980.8;47412463.0;51731953.2;51475408.5;44076538.5,0.0;0.0;0.0;0.0;0.0;0.0;0.0,19441991.5;23491288.2;19621895.5;21751397.0;23216291.2;23807208.5;17491445.2,24510541.5;25061072.0;25498770.5;23356339.8;25778819.8;24764043.0;24871078.8,2523041.0;2833149.8;3387091.8;2304408.5;2736551.2;2903896.8;1713774.0
linux,3840x2160,6,candidate,options,cs,3,44.9782935,0.0,17.449022,24.5436872,2.9853112000000004,61.238889,3fb3e9db342ea340;3fb4769ccb400040;3fb50e77f35a2ba0;3fb59b28305d0e40,42674751.5;44470311.2;48592283.5;44978293.5;42726439.8;45397890.0;48426010.2,0.0;0.0;0.0;0.0;0.0;0.0;0.0,17324866.2;17520437.5;19440822.0;17449022.0;17397960.0;19503235.8;20203502.8,22848512.5;23798456.8;25790862.5;24543687.2;23027994.0;22972492.8;23998067.8,2501107.0;3151141.0;3360268.5;2985311.2;2300160.0;2921818.5;4224109.2
linux,3840x2160,6,pair,dispatch,cc,1,308.3790865,109.448894,114.0395158,56.014746,28.8756,0.0,3fb3e9db342ea340;3fb4769ccb400040;3fb50e77f35a2ba0;3fb59b28305d0e40,313613013.0;314987290.2;308183282.2;314913875.8;307334124.8;308379086.5;308366405.0,112290076.0;107394755.8;109017797.8;109217537.0;106877473.5;109448894.0;106100503.0,116182090.0;121294585.2;116167108.5;119970250.2;118231408.5;114039515.8;119945055.0,58603914.8;59106414.2;56200804.2;56825695.8;55781325.2;56014746.0;54685604.5,26536523.8;27191284.2;26797146.2;28900094.5;26443642.2;28875600.0;27634854.0
linux,3840x2160,6,pair,dispatch,cc,2,302.412454,109.1717072,111.71427320000001,55.378044200000005,26.1479985,0.0,3fb3e9db342ea340;3fb4769ccb400040;3fb50e77f35a2ba0;3fb59b28305d0e40,299033392.2;302412454.0;299467461.5;302275333.5;302430984.2;304647986.5;306572173.0,108028183.5;109171707.2;108118369.8;109619004.5;108445774.0;111494828.8;111207500.8,112057499.8;111714273.2;110954748.0;109929544.0;110990796.8;113533395.0;112650282.8,52424543.2;55378044.2;55509897.5;55878098.5;55981465.2;53168859.2;55966456.8,26522717.2;26147998.5;24884073.0;26848336.0;27012527.5;26450435.0;26747409.2
linux,3840x2160,6,pair,dispatch,cc,3,276.2475182,94.7617062,112.5239382,53.463726799999996,15.4977815,0.0,3fb3e9db342ea340;3fb4769ccb400040;3fb50e77f35a2ba0;3fb59b28305d0e40,272546007.0;281381332.0;279039405.0;276247518.2;275624883.8;275427959.5;276961987.8,96096606.2;94099766.5;93479040.8;94761706.2;93986326.8;94249926.8;94744077.8,111485538.5;112184831.5;115721835.5;112523938.2;111774828.0;113539637.0;113622419.2,50772398.5;58217869.5;53494520.2;53463726.8;55411327.5;53117927.2;53938227.5,14191158.2;16878616.5;16343735.8;15497781.5;14452118.5;14520202.8;14657015.0
linux,3840x2160,6,pair,fusion,cc,1,196.263732,56.2894225,60.2969852,55.07042,24.6065685,0.0,3fb3e9db342ea340;3fb4769ccb400040;3fb50e77f35a2ba0;3fb59b28305d0e40,191855298.2;198503685.2;192854272.5;194852940.5;196517025.5;196263732.0;199846500.2,51333453.8;56859915.8;54139943.5;51274243.8;54730845.2;56289422.5;55679198.5,59020939.5;62203164.5;59736252.8;61711632.0;60944204.2;60296985.2;63049539.5,55401664.0;53716489.2;53966196.0;58568600.0;54941903.5;55070420.0;54644508.8,26098840.0;25723725.0;25011532.5;23298061.5;25899729.5;24606568.5;26472940.5
linux,3840x2160,6,pair,fusion,cc,2,194.1290008,54.151152,61.303604,54.999876,23.6740228,0.0,3fb3e9db342ea340;3fb4769ccb400040;3fb50e77f35a2ba0;3fb59b28305d0e40,198870106.2;194940842.5;189567754.2;194800956.8;191653798.0;193720317.0;194129000.8,54395976.5;52518969.8;52944017.5;52875632.2;53122927.0;54010908.0;54151152.0,64448072.8;61994128.0;59528443.0;60581635.5;58652888.0;58848732.5;61303604.0,52827105.5;55461001.8;51993469.8;58431580.0;54378899.2;54963998.0;54999876.0,27198658.2;24966324.0;25101546.0;22911763.2;25498780.8;25896280.2;23674022.8
linux,3840x2160,6,pair,fusion,cc,3,196.2611972,57.104758,62.5754545,52.540734,24.0398422,0.0,3fb3e9db342ea340;3fb4769ccb400040;3fb50e77f35a2ba0;3fb59b28305d0e40,191918756.2;197954891.0;194322312.8;200578305.0;196261197.2;195519982.0;197074689.5,57948793.8;56648957.5;56815706.8;59065742.2;57104758.0;57366324.8;56585236.8,60559768.8;61304207.5;58577054.0;62972202.2;62575454.5;60827840.8;60131475.5,52051542.5;56092526.0;56698103.2;56484345.2;52540734.0;55787208.8;53270507.2,21358283.0;23908773.8;22231068.0;22055532.0;24039842.2;21538264.5;27087119.2
linux,3840x2160,6,pair,main,cc,1,461.744034,181.409853,186.3610648,64.388908,29.5838255,0.0,3fb3e9db342ea340;3fb4769ccb400040;3fb50e77f35a2ba0;3fb59b28305d0e40,463565888.8;460250087.2;457537478.8;464964469.5;452671045.0;461744034.0;467597797.5,184593816.2;179847283.2;180065723.0;182599053.5;181204365.0;181409853.0;180312925.0,188662505.0;187441887.2;185764903.0;190467482.8;182408432.0;186361064.8;189355503.5,58643007.0;62428916.0;63545501.2;61504217.5;59819077.0;64388908.0;68836744.0,31666189.5;30531697.5;28160890.8;30393392.2;29238858.0;29583825.5;29092184.0
linux,3840x2160,6,pair,main,cc,2,475.6807465,186.6906555,188.1541325,68.9084302,31.92721,0.0,3fb3e9db342ea340;3fb4769ccb400040;3fb50e77f35a2ba0;3fb59b28305d0e40,476311091.0;477653886.0;472138222.0;475680746.5;474175698.5;470935623.2;482622849.0,183231545.0;184807735.2;184256902.0;186690655.5;184431317.8;189067942.2;194242779.2,189301468.2;186680912.2;184246995.2;188154132.5;187581618.0;183125303.0;185548462.0,70478597.0;74001709.5;71335446.5;68908430.2;70128494.2;66837981.0;72536361.5,33299012.2;32163140.5;32298552.8;31927210.0;32033953.0;31904068.8;30294813.0
linux,3840x2160,6,pair,main,cc,3,462.6139485,179.7815532,188.647482,66.840508,27.3439722,0.0,3fb3e9db342ea340;3fb4769ccb400040;3fb50e77f35a2ba0;3fb59b28305d0e40,462524115.3;467725359.5;461203808.2;460767607.2;466688200.2;466299860.3;462613948.5,180303286.5;178846385.0;182722220.0;180834723.2;185400265.5;180615837.5;179781553.2,189633960.0;190025934.2;184988328.5;185791605.8;183243382.2;189517090.5;188647482.0,60234817.0;68885912.2;64361438.0;63423820.5;67981504.5;64829787.5;66840508.0,32351498.5;29966702.2;29131328.2;30717034.5;30062704.8;31336596.0;27343972.2
linux,3840x2160,6,pair,options,cc,1,186.8288155,49.755201799999995,59.616285,54.6202455,22.8368155,0.0,3fb3e9db342ea340;3fb4769ccb400040;3fb50e77f35a2ba0;3fb59b28305d0e40,185571260.2;180158113.2;186828815.5;187205182.8;185492660.8;189669101.5;190660524.2,49722267.2;49794090.5;49755201.8;49306759.8;48901413.0;50611167.0;49774521.0,60518500.8;58919083.2;59616285.0;61138824.0;59294894.2;59448631.5;62038584.5,53567907.0;50596913.0;54620245.5;55167083.2;58217967.2;59082504.0;55249685.5,21762277.5;20847713.2;22836815.5;21592282.2;19078042.8;20526516.0;23597472.2
linux,3840x2160,6,pair,options,cc,2,194.229802,53.32485,58.0129485,56.4695818,26.422144,0.0,3fb3e9db342ea340;3fb4769ccb400040;3fb50e77f35a2ba0;3fb59b28305d0e40,197566516.0;192110362.5;195270157.8;193332082.5;195835571.2;193317006.2;194229802.0,54721249.8;54150172.2;51781046.2;50823290.0;52411896.8;50858852.5;53324850.0,60542851.5;59287050.0;61820736.2;62956295.0;59850587.5;58983987.0;58012948.5,56042335.8;52516032.0;56204628.8;52164429.5;55328161.8;56566959.5;56469581.8,26259658.0;26156844.8;25463373.5;27387692.2;28244667.2;26906894.2;26422144.0
linux,3840x2160,6,pair,options,cc,3,208.555135,63.508175200000004,59.2654312,57.615663,28.1655572,0.0,3fb3e9db342ea340;3fb4769ccb400040;3fb50e77f35a2ba0;3fb59b28305d0e40,207392925.8;208555135.0;211386687.0;209388928.2;207901453.8;204775527.8;210518380.5,59252609.2;63508175.2;60328425.0;62982437.0;61527526.8;60040778.5;60879168.2,61077249.2;59265431.2;62855207.8;60302620.5;59739040.2;59523313.2;62548605.8,57843731.2;57615663.0;56977002.8;58434646.0;57189591.8;54458310.2;57048624.0,29219047.8;28165557.2;31225761.0;27668929.5;29445029.2;30752757.2;30041697.0
linux,3840x2160,6,pair,options,ss,1,79.7179118,19.705306800000002,26.0609328,24.4278495,9.523497,0.0,3fb3e9db342ea340;3fb4769ccb400040;3fb50e77f35a2ba0;3fb59b28305d0e40,79717911.8;78662768.0;78022705.0;83071294.5;77023034.2;83128197.2;83001429.2,19705306.8;22427398.0;19234432.5;22279081.5;22068912.5;19730291.5;21883192.5,26060932.8;22744728.0;24398681.5;26157781.8;23937636.2;27954286.0;26211694.0,24427849.5;23724857.2;25236953.5;26381246.2;22055744.8;26289707.0;24799803.0,9523497.0;9765514.0;9152349.8;8252926.8;8960470.2;9153670.0;10106436.5
linux,3840x2160,6,pair,options,ss,2,83.287863,22.2605062,25.069004800000002,25.654120199999998,10.303979,0.0,3fb3e9db342ea340;3fb4769ccb400040;3fb50e77f35a2ba0;3fb59b28305d0e40,86530438.2;83287863.0;83217617.2;82044209.2;86975157.5;90836900.8;81772693.5,27195424.8;22260506.2;22900180.8;21749986.8;26454888.5;26818023.5;21252589.8,24027076.0;25069004.8;24303187.8;21847139.0;25714009.2;26179195.0;24821226.2,23632807.0;25654120.2;25749646.8;26186426.0;24547982.5;25512140.8;25789139.8,11674807.0;10303979.0;10264338.8;12260264.0;10257959.5;12327283.8;9909392.0
linux,3840x2160,6,pair,options,ss,3,79.3671255,22.3872398,23.3475528,23.8357652,9.7961795,0.0,3fb3e9db342ea340;3fb4769ccb400040;3fb50e77f35a2ba0;3fb59b28305d0e40,81253542.8;87064670.0;79367125.5;77235131.8;77343560.2;76326253.5;80408928.8,22265956.2;25195442.0;22387239.8;19562185.0;24918904.2;19226437.0;21938377.0,24168074.0;27061255.0;23347552.8;24555173.8;22250718.0;23094985.8;22818034.8,25705655.8;26883650.5;23835765.2;24155093.8;21593421.8;26861628.8;25749289.0,9113523.2;7924064.8;9796179.5;8962304.0;8580145.5;7142838.8;9902797.2
linux,512x512,1,candidate,dispatch,cc,1,7.0509105,0.0,4.1128833,2.4454605,0.49235690000000004,2.648058,3fb58062a905a380;3fb620044d9ce440;3fb66d98bd446c70;3fb7046468de4740,7114161.2;7050910.5;7047433.9;7101775.2;7036590.1;7131311.2;7029930.6,0.0;0.0;0.0;0.0;0.0;0.0;0.0,4160627.7;4112883.3;4116588.3;4131465.9;4112968.3;4152274.9;4108718.5,2453246.2;2445460.5;2435196.1;2469939.6;2434385.3;2474710.6;2428401.4,500137.1;492356.9;495462.8;500192.4;489048.7;504146.1;492594.8
linux,512x512,1,candidate,dispatch,cc,2,6.937766900000001,0.0,4.0596268,2.3916467999999997,0.4863522,2.658819,3fb58062a905a380;3fb620044d9ce440;3fb66d98bd446c70;3fb7046468de4740,7030833.0;7034114.8;6915217.8;6931992.1;7014445.6;6937766.9;6917445.8,0.0;0.0;0.0;0.0;0.0;0.0;0.0,4111367.9;4111496.1;4043436.3;4064411.7;4113466.3;4059626.8;4055872.5,2430573.6;2430975.6;2387673.2;2381132.9;2416754.1;2391646.8;2377699.6,488746.2;491506.6;484001.6;486348.0;484076.2;486352.2;483732.2
linux,512x512,1,candidate,dispatch,cc,3,6.9539482,0.0,4.067618,2.4035841000000002,0.48258090000000003,2.667024,3fb58062a905a380;3fb620044d9ce440;3fb66d98bd446c70;3fb7046468de4740,6915010.6;6916271.1;7417617.4;6953948.2;7416838.4;6919799.6;7023369.4,0.0;0.0;0.0;0.0;0.0;0.0;0.0,4048076.5;4052809.1;4358240.4;4067618.0;4330130.1;4053134.8;4105696.4,2382632.6;2383059.6;2548518.2;2403584.1;2564386.4;2383266.3;2428922.4,484154.3;480230.3;510723.5;482580.9;522154.2;483255.1;488589.6
linux,512x512,1,candidate,main,cc,1,28.2082808,0.0,22.75082,4.9545335,0.5027695,24.238227,3fb58062a905a380;3fb620044d9ce440;3fb66d98bd446c70;3fb7046468de4740,31803525.2;31628312.5;30200306.0;27849309.0;28208280.8;26349716.5;23153351.6,0.0;0.0;0.0;0.0;0.0;0.0;0.0,25677232.0;25596165.2;24472568.8;22461628.0;22750820.0;20556367.5;17735764.0,5532543.5;5477819.8;5193136.5;4884750.8;4954533.5;5244769.5;4894466.6,593527.0;554195.0;534415.0;502794.8;502769.5;548443.8;523022.2
linux,512x512,1,candidate,main,cc,2,23.913580399999997,0.0,18.3723652,5.0356389,0.5054332,21.139823,3fb58062a905a380;3fb620044d9ce440;3fb66d98bd446c70;3fb7046468de4740,27850393.5;28559953.5;23913830.8;23416003.0;23913580.4;23858106.1;23646247.6,0.0;0.0;0.0;0.0;0.0;0.0;0.0,22559373.8;23130237.8;18583382.4;18110689.6;18372365.2;18501682.2;18347915.4,4797239.5;4925981.5;4839601.4;4819751.1;5035638.9;4867054.4;4806500.8,493569.8;503624.0;490767.0;485484.5;505433.2;489241.9;491735.1
linux,512x512,1,candidate,main,cc,3,23.7423715,0.0,18.087427,5.143853900000001,0.5109490999999999,16.535329,3fb58062a905a380;3fb620044d9ce440;3fb66d98bd446c70;3fb7046468de4740,23778014.1;23719880.0;23104964.9;23850265.1;23896243.6;23235338.6;23742371.5,0.0;0.0;0.0;0.0;0.0;0.0;0.0,18188273.0;18124685.0;17792144.6;18194286.0;18299830.4;17877762.5;18087427.0,5073195.1;5082936.0;4819773.6;5145207.9;5083589.4;4836739.5;5143853.9,516390.5;512138.8;492907.2;510588.4;512711.2;520658.9;510949.1
linux,512x512,1,candidate,options,cc,1,7.972967,0.0,4.9782777000000005,2.4927781,0.5018184,3.48649,3fb58062a905a380;3fb620044d9ce440;3fb66d98bd446c70;3fb7046468de4740,7976131.8;7958528.4;7969350.1;7959026.8;8055674.7;7986131.4;7972967.0,0.0;0.0;0.0;0.0;0.0;0.0;0.0,4937099.5;4949590.8;4953322.9;4951646.6;5009545.9;4970275.0;4978277.7,2520045.4;2501730.6;2501211.6;2505808.5;2532943.6;2504322.6;2492778.1,518816.4;507077.4;514679.1;501468.4;513086.4;511382.4;501818.4
linux,512x512,1,candidate,options,cc,2,7.7916734000000005,0.0,4.8372243,2.4527816000000002,0.5014683,3.35944,3fb58062a905a380;3fb620044d9ce440;3fb66d98bd446c70;3fb7046468de4740,7816353.4;7868752.9;7749323.6;7791673.4;7781160.9;7825960.4;7769231.4,0.0;0.0;0.0;0.0;0.0;0.0;0.0,4854231.6;4878436.8;4809044.2;4837224.3;4845294.6;4852534.8;4827568.2,2453775.2;2479896.1;2438507.6;2452781.6;2433394.5;2467839.4;2438805.0,508121.7;510206.4;501587.4;501468.3;502249.9;505389.1;502648.3
linux,512x512,1,candidate,options,cc,3,7.975015900000001,0.0,4.9711091,2.4959182,0.50789,3.425534,3fb58062a905a380;3fb620044d9ce440;3fb66d98bd446c70;3fb7046468de4740,7852689.9;8502160.9;7889028.9;8628183.5;7975015.9;8277681.2;7943630.6,0.0;0.0;0.0;0.0;0.0;0.0;0.0,4882302.2;5329188.0;4922612.1;5413029.2;4971109.1;5156042.1;4981280.5,2458566.9;2635893.8;2466199.5;2673491.8;2495918.2;2587397.1;2463005.7,511681.7;536985.7;500129.1;541527.4;507890.0;534126.7;499245.7
linux,512x512,1,candidate,options,cs,1,4.2687974,0.0,2.0551493,2.05293,0.1606601,3.33858,3fb58062a905a380;3fb620044d9ce440;3fb66d98bd446c70;3fb7046468de4740,4263203.9;4316693.8;4268797.4;4256452.7;4335488.2;4258598.5;4277021.4,0.0;0.0;0.0;0.0;0.0;0.0;0.0,2053715.2;2070779.8;2055149.3;2045629.5;2078959.1;2054747.2;2055710.3,2048607.7;2082463.6;2052930.0;2050245.3;2093665.0;2044570.8;2060308.2,160825.1;163394.9;160660.1;160522.0;162806.2;159219.9;160943.5
linux,512x512,1,candidate,options,cs,2,4.2540381,0.0,2.0461937,2.0475918,0.1601925,3.358889,3fb58062a905a380;3fb620044d9ce440;3fb66d98bd446c70;3fb7046468de4740,4228327.2;4282240.0;4254038.1;4250953.1;4284163.2;4257098.5;4247189.3,0.0;0.0;0.0;0.0;0.0;0.0;0.0,2034935.2;2058029.8;2046193.7;2048780.5;2055210.8;2051551.6;2043159.0,2033696.3;2063242.9;2047591.8;2043048.1;2068155.5;2045690.5;2043279.7,159624.8;160892.1;160192.5;159058.3;160733.1;159794.7;160677.2
linux,512x512,1,candidate,options,cs,3,4.2629542,0.0,2.0484356999999997,2.0551325,0.1593308,3.347297,3fb58062a905a380;3fb620044d9ce440;3fb66d98bd446c70;3fb7046468de4740,4262954.2;4425904.5;4442188.3;4246897.5;4607499.8;4245786.2;4248455.0,0.0;0.0;0.0;0.0;0.0;0.0;0.0,2048435.7;2128537.6;2152027.8;2038469.3;2232333.2;2035166.8;2044387.2,2055132.5;2130719.2;2126294.9;2048905.3;2202307.6;2051576.1;2044142.1,159330.8;166590.9;163808.1;159466.8;172794.6;158988.2;159873.5
linux,512x512,1,pair,dispatch,cc,1,12.7507591,4.0172171,5.2202668,2.4976604,1.0152579,0.0,3fb58062a905a380;3fb620044d9ce440;3fb66d98bd446c70;3fb7046468de4740,12698213.1;13579104.6;12862729.2;12750759.1;13657301.9;12721721.5;12612422.8,4000611.6;4231879.8;4118716.2;4017217.1;4323135.9;4017945.9;3976692.8,5213157.2;5587584.2;5234513.8;5220266.8;5564549.1;5218497.4;5167462.9,2480608.0;2673312.9;2499881.0;2497660.4;2686139.4;2479171.5;2468983.2,1003519.1;1086043.2;1009357.8;1015257.9;1083215.9;1005794.8;998963.1
linux,512x512,1,pair,dispatch,cc,2,12.7697039,4.0307065,5.2224395,2.5012886,1.0149911,0.0,3fb58062a905a380;3fb620044d9ce440;3fb66d98bd446c70;3fb7046468de4740,12847599.2;12830515.5;12769703.9;12808254.5;12741975.0;12698074.1;12681070.5,4073397.8;4044174.6;4030706.5;4046178.2;4022803.9;4024928.1;4015248.5,5254459.2;5252636.9;5222439.5;5248435.2;5220967.0;5198429.2;5194832.1,2500126.2;2504607.4;2501288.6;2502063.8;2481783.9;2475143.8;2471747.5,1019291.6;1028783.8;1014991.1;1011314.2;1016049.5;999336.5;998979.5
linux,512x512,1,pair,dispatch,cc,3,12.65581,3.9998603999999998,5.1984128,2.4649345,0.9922191,0.0,3fb58062a905a380;3fb620044d9ce440;3fb66d98bd446c70;3fb7046468de4740,12636551.0;13436135.6;12709413.1;12655810.0;13544426.1;12594190.5;12634398.2,3995297.9;4145602.2;4123778.1;3999860.4;4262682.0;3992441.5;3972440.9,5186097.0;5573174.2;5155601.5;5198412.8;5579411.2;5153533.9;5189545.8,2464503.5;2648487.9;2449049.5;2464934.5;2637417.0;2452344.1;2467403.1,990271.9;1068500.4;980675.9;992219.1;1064482.5;995519.4;1004702.8
linux,512x512,1,pair,fusion,cc,1,12.537983800000001,3.9656541,5.164025,2.5611721000000003,0.8469208,0.0,3fb58062a905a380;3fb620044d9ce440;3fb66d98bd446c70;3fb7046468de4740,12528731.2;12511250.6;12776743.5;12538400.9;12537983.8;12551843.9;12507614.9,3954456.6;3944069.6;4040882.1;3964464.4;3965654.1;3996535.4;3960659.6,5171283.8;5156964.2;5262334.0;5155846.6;5164025.0;5158317.9;5147272.0,2546798.6;2569643.1;2615151.0;2573632.5;2561172.1;2552870.1;2552225.2,855966.5;840397.2;858183.4;844313.2;846920.8;843935.1;847263.5
linux,512x512,1,pair,fusion,cc,2,12.6781099,4.0170446,5.1895755999999995,2.594349,0.8768840999999999,0.0,3fb58062a905a380;3fb620044d9ce440;3fb66d98bd446c70;3fb7046468de4740,12678109.9;12680068.6;12704764.4;12622030.9;12530956.8;12675853.1;12679880.8,4017044.6;4022469.8;4022239.2;3988205.9;3980554.0;4000636.9;4013402.4,5189575.6;5207577.5;5232039.0;5199098.9;5164974.4;5211542.6;5217504.0,2594349.0;2577574.8;2592664.6;2578347.5;2548057.1;2596718.6;2577955.2,876884.1;872166.0;857501.0;856139.4;837107.2;866615.8;870737.2
linux,512x512,1,pair,fusion,cc,3,12.618032,4.112557,5.1604369000000005,2.5177034,0.8270131,0.0,3fb58062a905a380;3fb620044d9ce440;3fb66d98bd446c70;3fb7046468de4740,12618032.0;12327556.7;13417894.6;12369159.8;13424548.6;12291786.3;13451606.2,4112557.0;3910666.0;4293583.1;3920944.8;4297821.0;3893370.7;4307374.6,5160436.9;5090261.0;5519641.4;5118431.2;5515836.9;5072670.1;5571251.8,2517703.4;2501371.6;2709721.9;2511892.3;2701225.6;2504645.3;2667002.1,827013.1;824949.9;894489.9;817594.3;909350.4;820772.8;905657.2
linux,512x512,1,pair,main,cc,1,43.8498278,18.4309165,19.5435068,4.8591472,1.015967,0.0,3fb58062a905a380;3fb620044d9ce440;3fb66d98bd446c70;3fb7046468de4740,43904902.5;44112734.8;42260422.2;44061009.0;42585026.0;43849827.8;43485331.0,18411923.2;18363982.0;17647178.2;18249129.2;17810884.0;18430916.5;18175857.2,18967039.5;19730299.0;18752251.8;19330948.0;18895501.2;19543506.8;19357513.5,5411273.2;4949043.0;4844131.2;5376346.8;4871924.2;4859147.2;4896072.5,1114336.2;1069175.2;1016605.5;1104322.2;1006400.8;1015967.0;1055591.8
linux,512x512,1,pair,main,cc,2,52.4257405,22.7813255,23.7246038,4.8875235,1.0318845,0.0,3fb58062a905a380;3fb620044d9ce440;3fb66d98bd446c70;3fb7046468de4740,52479014.0;52289975.2;52335657.0;52113342.2;52579349.8;52425740.5;52669330.8,22713611.5;22548829.0;22628535.2;22586212.5;22770239.5;22781325.5;22856520.2,23784387.8;23790827.2;23702802.5;23606907.8;23783771.0;23724603.8;23830024.5,4922817.8;4893016.5;4943099.2;4898198.8;4882481.8;4887523.5;4917185.0,1057834.2;1056944.5;1060837.0;1021668.0;1142556.8;1031884.5;1065265.2
linux,512x512,1,pair,main,cc,3,53.4784822,23.0597415,23.9361985,5.3923572,1.0899022,0.0,3fb58062a905a380;3fb620044d9ce440;3fb66d98bd446c70;3fb7046468de4740,52402278.5;53488979.5;53254444.0;53841291.2;52519684.0;53608306.2;53478482.2,22854163.5;23407191.5;23319920.2;22965535.0;22797450.5;22708579.5;23059741.5,23694043.5;23600398.0;24034510.0;24941214.0;23875252.8;24466806.0;23936198.5,4845233.0;5391052.0;4894314.0;4904007.5;4836729.5;5342081.5;5392357.2,1008623.0;1090145.5;1005361.8;1030231.5;1010058.0;1090616.0;1089902.2
linux,512x512,1,pair,options,cc,1,9.3145092,1.918741,4.4700147999999995,2.4946688,0.4308674,0.0,3fb58062a905a380;3fb620044d9ce440;3fb66d98bd446c70;3fb7046468de4740,9314509.2;9243639.8;9315361.8;9289307.2;9242717.2;9359497.2;9377866.2,1918741.0;1902414.3;1913822.5;1920130.5;1905194.5;1936417.8;1939321.8,4470014.8;4456969.2;4496949.6;4467988.5;4453724.1;4497760.2;4516207.8,2494668.8;2458911.8;2472184.5;2472552.8;2456660.0;2493728.7;2491939.3,430867.4;425201.6;432158.8;428469.6;426958.3;431396.8;430197.8
linux,512x512,1,pair,options,cc,2,9.3021399,1.9231227,4.4692812,2.485599,0.42397840000000003,0.0,3fb58062a905a380;3fb620044d9ce440;3fb66d98bd446c70;3fb7046468de4740,9302139.9;9213553.4;9324237.8;9419036.2;9263375.5;9311635.5;9239556.2,1923122.7;1892374.3;1923681.2;1949642.2;1913663.8;1921030.7;1910592.1,4469281.2;4452146.0;4476448.1;4521100.3;4472851.1;4482372.5;4446109.8,2485599.0;2444766.5;2494733.2;2512157.1;2454158.6;2482359.6;2458472.6,423978.4;424120.4;429230.9;436004.5;422555.1;425723.5;424225.6
linux,512x512,1,pair,options,cc,3,9.2312955,1.9100112,4.4613182,2.4425474,0.4171748,0.0,3fb58062a905a380;3fb620044d9ce440;3fb66d98bd446c70;3fb7046468de4740,9877667.8;9157969.6;9843316.8;9184297.1;9189030.2;9916885.7;9231295.5,2080592.6;1888331.7;2040672.6;1892435.4;1895180.3;2032587.1;1910011.2,4710708.8;4424441.9;4729597.8;4431615.2;4439525.4;4791249.8;4461318.2,2627434.1;2426737.3;2619227.1;2439774.6;2433627.2;2640990.2;2442547.4,458673.5;418266.6;453593.1;420205.3;420469.1;451847.2;417174.8
linux,512x512,1,pair,options,ss,1,5.2681382999999995,1.0430332,1.3744889,2.7699531,0.0806025,0.0,3fb58062a905a380;3fb620044d9ce440;3fb66d98bd446c70;3fb7046468de4740,5247965.5;5311701.6;5264337.2;5274002.5;5296947.1;5268138.3;5249967.3,1040481.2;1050237.9;1046860.3;1046457.1;1051547.7;1043033.2;1042744.0,1366596.6;1386664.8;1370617.3;1373476.2;1373721.5;1374488.9;1365873.9,2760334.5;2793262.9;2766563.5;2773836.7;2790651.0;2769953.1;2761272.5,80491.4;81470.6;80233.9;80169.2;80963.2;80602.5;80018.4
linux,512x512,1,pair,options,ss,2,5.2862127,1.0537318999999998,1.3771962,2.7729191,0.0822972,0.0,3fb58062a905a380;3fb620044d9ce440;3fb66d98bd446c70;3fb7046468de4740,5288112.3;5275947.2;5286212.7;5286527.2;5277595.8;5316726.6;5254553.0,1052620.9;1048090.3;1053731.9;1051419.6;1048987.1;1058345.1;1047544.2,1375258.1;1378410.9;1377196.2;1378960.5;1374089.7;1385849.6;1367988.9,2778625.3;2768319.8;2772919.1;2774971.6;2773271.8;2791002.0;2758884.5,81527.3;81056.4;82297.2;81110.0;81176.6;81463.6;80068.5
linux,512x512,1,pair,options,ss,3,5.3126689,1.0544508000000001,1.3811507,2.7959304,0.081076,0.0,3fb58062a905a380;3fb620044d9ce440;3fb66d98bd446c70;3fb7046468de4740,5267835.2;5660047.5;5312668.9;5257668.5;5656493.3;5269076.2;5587050.5,1045579.0;1146168.6;1054450.8;1048052.8;1131950.8;1047459.0;1107478.1,1368714.6;1483474.0;1381150.7;1364095.2;1481955.2;1373333.4;1455671.1,2773891.0;2942778.6;2795930.4;2765795.2;2955413.8;2768561.9;2937916.6,79591.1;87552.2;81076.0;79665.6;87104.4;79662.6;85916.1
linux,512x512,6,candidate,dispatch,cc,1,1.2981438,0.0,0.612317,0.6828113,0.002797,0.609006,3fb58062a905a380;3fb620044d9ce440;3fb66d98bd446c70;3fb7046468de4740,1284013.8;1302365.7;1280195.4;1279139.1;1299028.1;1303675.9;1298143.8,0.0;0.0;0.0;0.0;0.0;0.0;0.0,608123.2;613497.3;602944.8;604842.3;615785.1;621113.3;612317.0,673072.9;686013.6;674379.2;671429.3;680360.9;679623.3;682811.3,2610.1;2645.2;2649.2;2669.6;2675.6;2732.3;2797.0
linux,512x512,6,candidate,dispatch,cc,2,1.2769749,0.0,0.6036994,0.6706080999999999,0.0025933,2.124163,3fb58062a905a380;3fb620044d9ce440;3fb66d98bd446c70;3fb7046468de4740,1295975.5;1268810.0;1298291.5;1272591.7;1267797.0;1310554.8;1276974.9,0.0;0.0;0.0;0.0;0.0;0.0;0.0,613233.6;601959.2;616150.6;602984.6;599385.2;619234.1;603699.4,680030.8;664185.6;679457.9;666957.1;665603.5;688602.2;670608.1,2631.1;2595.8;2612.3;2585.1;2739.0;2642.4;2593.3
linux,512x512,6,candidate,dispatch,cc,3,1.2946712,0.0,0.6149504,0.6769444,0.002686,0.653321,3fb58062a905a380;3fb620044d9ce440;3fb66d98bd446c70;3fb7046468de4740,1279061.6;1286811.1;1305573.2;1294671.2;1320932.3;1296118.1;1276799.8,0.0;0.0;0.0;0.0;0.0;0.0;0.0,609619.2;610190.5;621710.0;614950.4;625402.0;616973.5;604876.0,666662.1;673886.7;681136.7;676944.4;692805.6;676420.0;669153.2,2677.4;2643.2;2643.9;2686.0;2644.1;2644.3;2680.3
linux,512x512,6,candidate,main,cc,1,4.5348843,0.0,3.5371425,0.9952032,0.0024662,4.645762,3fb58062a905a380;3fb620044d9ce440;3fb66d98bd446c70;3fb7046468de4740,4529914.1;4592631.5;4499300.5;4543717.8;4490182.8;4534884.3;4552497.0,0.0;0.0;0.0;0.0;0.0;0.0;0.0,3510925.2;3561659.3;3490502.0;3516798.4;3483189.5;3537142.5;3539274.8,1016371.0;1028306.4;1006333.8;1024302.7;1004327.9;995203.2;1010560.7,2480.9;2586.5;2354.1;2534.8;2577.5;2466.2;2569.8
linux,512x512,6,candidate,main,cc,2,4.62781,0.0,3.6098939,1.0152561,0.0025503,3.416658,3fb58062a905a380;3fb620044d9ce440;3fb66d98bd446c70;3fb7046468de4740,4627810.0;4550496.5;4611220.2;4764377.2;4634177.1;4561447.3;4680080.1,0.0;0.0;0.0;0.0;0.0;0.0;0.0,3609893.9;3519762.5;3572573.2;3747163.9;3600051.5;3533462.8;3657427.2,1015256.1;1027945.8;1035882.1;1014642.6;1031408.3;1025343.3;1019806.9,2550.3;2675.8;2652.9;2494.3;2619.9;2559.5;2759.9
linux,512x512,6,candidate,main,cc,3,4.5392535,0.0,3.5305677,1.0060374,0.0025496,4.234792,3fb58062a905a380;3fb620044d9ce440;3fb66d98bd446c70;3fb7046468de4740,4710009.0;4634226.4;4538558.8;4446188.9;4454822.3;4580292.7;4539253.5,0.0;0.0;0.0;0.0;0.0;0.0;0.0,3665692.7;3576672.9;3540475.6;3402292.4;3452405.5;3550277.6;3530567.7,1041602.5;1036100.2;995566.3;1041287.8;999739.7;1027462.4;1006037.4,2562.2;21354.3;2424.2;2522.0;2586.5;2462.1;2549.6
linux,512x512,6,candidate,options,cc,1,3.5150104,0.0,1.4586856000000001,1.3271026000000001,0.7290435,0.90566,3fb58062a905a380;3fb620044d9ce440;3fb66d98bd446c70;3fb7046468de4740,3520418.2;3515010.4;3515508.8;3506135.1;3535856.9;3424726.2;3225452.1,0.0;0.0;0.0;0.0;0.0;0.0;0.0,1486568.5;1458685.6;1429572.6;1473449.8;1437551.0;1407317.8;1303515.8,1327816.5;1327102.6;1327478.5;1344378.7;1330267.3;1308369.1;1301828.7,705857.2;729043.5;758291.8;688113.9;767847.7;708840.8;619948.4
linux,512x512,6,candidate,options,cc,2,3.4966916,0.0,1.4488776,1.3327083,0.7149015,1.397494,3fb58062a905a380;3fb620044d9ce440;3fb66d98bd446c70;3fb7046468de4740,3496691.6;3613471.0;3498150.9;3475920.5;3564424.6;3478956.3;3428988.3,0.0;0.0;0.0;0.0;0.0;0.0;0.0,1448877.6;1492125.0;1463883.8;1433364.8;1467644.8;1451582.4;1422258.2,1332708.3;1354985.1;1355231.8;1317711.0;1372274.9;1338947.0;1340002.4,714901.5;766149.2;678803.8;724638.5;724277.5;688200.0;666503.5
linux,512x512,6,candidate,options,cc,3,3.3602024,0.0,1.4484865,1.2855242,0.6260138000000001,1.054823,3fb58062a905a380;3fb620044d9ce440;3fb66d98bd446c70;3fb7046468de4740,3433553.2;3221873.4;3396125.0;3315360.0;3395021.0;3360202.4;3305913.0,0.0;0.0;0.0;0.0;0.0;0.0;0.0,1512008.1;1397030.1;1429034.8;1448121.8;1437399.2;1448486.5;1391004.4,1342416.7;1253321.2;1286240.6;1299410.6;1305590.5;1285524.2;1268975.6,578968.2;571327.4;680671.3;567635.1;651829.0;626013.8;645750.9
linux,512x512,6,candidate,options,cs,1,1.2513899,0.0,0.4887537,0.6427282,0.11980410000000001,1.432851,3fb58062a905a380;3fb620044d9ce440;3fb66d98bd446c70;3fb7046468de4740,1251389.9;1253963.1;1305497.6;1316667.1;1237101.1;1234822.7;1250963.8,0.0;0.0;0.0;0.0;0.0;0.0;0.0,488753.7;483062.4;517816.9;524309.8;476417.8;493904.9;501750.2,642728.2;645979.0;647852.2;657183.2;648164.7;627210.3;641799.7,119804.1;124813.8;139727.0;135052.7;112408.7;113592.0;107299.5
linux,512x512,6,candidate,options,cs,2,1.347032,0.0,0.5874661999999999,0.6345193,0.1249395,1.363449,3fb58062a905a380;3fb620044d9ce440;3fb66d98bd446c70;3fb7046468de4740,1313519.4;1347032.0;1287887.0;1350924.1;1364040.8;1355253.9;1338816.7,0.0;0.0;0.0;0.0;0.0;0.0;0.0,545274.3;587466.2;504421.3;556297.7;561939.5;571588.0;552304.7,637950.3;634519.3;660883.1;655198.9;657092.7;651238.8;655619.0,130188.5;124939.5;122469.0;139319.7;144905.1;132320.5;130789.6
linux,512x512,6,candidate,options,cs,3,1.2636277,0.0,0.4651154,0.6605074000000001,0.1379204,1.585751,3fb58062a905a380;3fb620044d9ce440;3fb66d98bd446c70;3fb7046468de4740,1263627.7;1297348.2;1267556.3;1284339.9;1250312.9;1254135.3;1256685.2,0.0;0.0;0.0;0.0;0.0;0.0;0.0,465115.4;463743.7;461151.4;463105.1;464839.4;465040.1;456293.0,660507.4;671385.9;666735.0;675567.6;643092.3;650045.2;662174.9,137920.4;162149.0;139589.3;145589.1;142306.9;138960.1;138143.0
linux,512x512,6,pair,dispatch,cc,1,2.3485378999999997,0.6796223,0.8092311999999999,0.8192208000000001,0.0401625,0.0,3fb58062a905a380;3fb620044d9ce440;3fb66d98bd446c70;3fb7046468de4740,2305965.5;2376587.5;2348537.9;2286236.2;2281111.4;2437634.6;2451584.3,675308.2;711927.6;679622.3;695411.4;682174.5;702506.3;715818.0,780011.8;769147.9;809231.2;718260.3;753780.7;843008.8;822442.4,811290.7;833449.9;819220.8;820333.9;817641.3;822858.7;840094.4,39113.6;61788.6;40162.5;51991.8;27212.1;69021.3;72961.7
linux,512x512,6,pair,dispatch,cc,2,4.9542465,1.4821985,1.8022601,1.0458545,0.6236538,0.0,3fb58062a905a380;3fb620044d9ce440;3fb66d98bd446c70;3fb7046468de4740,5064238.2;4818769.7;4940953.4;4991430.9;4954246.5;4815093.1;4958237.5,1493040.4;1462402.0;1473558.5;1481871.2;1482198.5;1441063.6;1478410.8,1850548.4;1771625.2;1801855.0;1820153.9;1802260.1;1792186.5;1819478.9,1075188.9;1033568.3;1050318.2;1055636.6;1045854.5;1082090.2;1058389.5,645190.7;550882.4;614934.8;633487.5;623653.8;499499.2;601658.5
linux,512x512,6,pair,dispatch,cc,3,5.0427999,1.5025969,1.7810914,1.0671909,0.6916804,0.0,3fb58062a905a380;3fb620044d9ce440;3fb66d98bd446c70;3fb7046468de4740,5042799.9;5048783.8;4893267.0;4802278.4;5007251.5;5155211.4;5193835.2,1502596.9;1522170.5;1538204.3;1481673.7;1494049.7;1610121.9;1610827.9,1781091.4;1848601.9;1781276.9;1713363.5;1869567.6;1807096.5;1803089.9,1067190.9;1032467.2;1023277.2;1036256.6;1051625.5;1040283.0;1058314.1,691680.4;645205.2;550213.0;570679.4;591689.7;697424.8;721266.1
linux,512x512,6,pair,fusion,cc,1,5.4560277,1.3426753999999999,1.5846198,1.2662068,1.2623547,0.0,3fb58062a905a380;3fb620044d9ce440;3fb66d98bd446c70;3fb7046468de4740,5538055.9;5445247.2;5456027.7;5312632.3;5650991.3;5555920.8;5428901.6,1290573.2;1298232.1;1342675.4;1309401.4;1388865.6;1386738.5;1312183.6,1585784.4;1539697.8;1584619.8;1504656.2;1529632.1;1552845.6;1529086.3,1373839.4;1302321.0;1266206.8;1296088.2;1344050.1;1339340.4;1300599.7,1287664.1;1304801.2;1262354.7;1202316.6;1388214.8;1276762.0;1286782.6
linux,512x512,6,pair,fusion,cc,2,5.6277117,1.4602129,1.5293572,1.3362891000000001,1.3014908,0.0,3fb58062a905a380;3fb620044d9ce440;3fb66d98bd446c70;3fb7046468de4740,5569869.3;5961605.2;5479712.2;5567106.5;5627711.7;5670669.2;5657283.3,1534450.4;1590017.8;1467547.4;1487098.4;1460212.9;1478969.4;1467748.8,1509540.9;1569317.4;1553269.9;1547621.4;1529357.2;1524472.6;1547913.4,1282895.8;1307426.3;1261134.9;1351409.6;1336289.1;1376782.8;1337232.8,1242585.5;1494481.9;1197402.2;1180604.0;1301490.8;1290034.1;1304077.4
linux,512x512,6,pair,fusion,cc,3,6.0421522,1.7881003,1.535128,1.2860782,1.4326214,0.0,3fb58062a905a380;3fb620044d9ce440;3fb66d98bd446c70;3fb7046468de4740,5993063.0;6042152.2;6116987.3;5837199.0;5843721.3;6088676.0;6237855.8,1784565.2;1788100.3;1797735.2;1737308.9;1762883.6;1802773.2;1847742.6,1557116.9;1535128.0;1661085.9;1499341.6;1539071.1;1535546.9;1568535.0,1338514.2;1286078.2;1244446.6;1297331.1;1253258.9;1335894.9;1254035.0,1312653.2;1432621.4;1413496.6;1302996.3;1288301.9;1414288.6;1567344.7
linux,512x512,6,pair,main,cc,1,10.495785,4.2115975,4.2664341,1.395374,0.6220778,0.0,3fb58062a905a380;3fb620044d9ce440;3fb66d98bd446c70;3fb7046468de4740,9888223.8;10287641.4;10777109.2;9994518.1;10811143.0;10495785.0;10686846.2,4069299.8;4120090.4;4235113.2;3937486.2;4315294.2;4211597.5;4355509.9,4161767.0;4343737.6;4719410.9;4211495.0;4607008.7;4266434.1;4480351.3,1244666.2;1300463.8;1249382.6;1347454.5;1249037.8;1395374.0;1253512.1,412204.6;522291.0;572895.4;497795.2;639529.3;622077.8;597192.2
linux,512x512,6,pair,main,cc,2,10.1068598,4.0376331,4.3714293,1.1731193,0.5243925,0.0,3fb58062a905a380;3fb620044d9ce440;3fb66d98bd446c70;3fb7046468de4740,10005837.2;10255130.5;10087731.8;10222061.8;10172273.2;9682550.8;10106859.8,4140449.8;4274465.2;4126905.0;4132733.7;4115472.5;3918890.0;4037633.1,4205906.7;4282506.4;4222453.8;4323327.2;4293223.4;4161825.6;4371429.3,1165837.2;1190342.9;1220393.4;1158467.3;1144090.8;1195692.1;1173119.3,493348.6;507568.8;517678.1;607275.7;619205.8;405859.0;524392.5
linux,512x512,6,pair,main,cc,3,8.939378699999999,3.6527521000000003,3.8633452999999998,1.1923318,0.2306596,0.0,3fb58062a905a380;3fb620044d9ce440;3fb66d98bd446c70;3fb7046468de4740,8835081.4;8939378.7;8935872.0;8814377.9;9211032.8;9030127.6;8949455.2,3640726.8;3652752.1;3673937.4;3716143.4;3896036.0;3783989.7;3686740.8,3899352.8;3863345.3;3806603.6;3691196.8;3840352.5;3931246.0;3906200.2,1167882.8;1192331.8;1237584.2;1244552.5;1242555.3;1133563.3;1176806.4,126799.1;230659.6;217468.8;162218.2;231817.8;181052.2;179426.4
linux,512x512,6,pair,options,cc,1,5.8703253,1.4086676,1.6268401000000001,1.3658356999999999,1.4687201,0.0,3fb58062a905a380;3fb620044d9ce440;3fb66d98bd446c70;3fb7046468de4740,5859042.9;6134783.5;5859386.1;5971502.0;5915437.5;5815105.5;5870325.3,1362254.9;1574674.8;1340128.4;1452778.1;1411512.4;1361743.0;1408667.6,1662713.9;1704693.1;1561497.6;1623896.3;1647136.6;1655369.4;1626840.1,1333175.1;1378887.4;1341288.1;1335101.8;1351552.1;1406028.4;1365835.7,1500623.1;1476264.8;1616199.1;1559429.7;1504984.4;1391678.3;1468720.1
linux,512x512,6,pair,options,cc,2,5.4825725,1.3405336,1.5401612,1.3378295,1.2637973999999998,0.0,3fb58062a905a380;3fb620044d9ce440;3fb66d98bd446c70;3fb7046468de4740,5696532.8;5474029.8;5567809.4;5482572.5;5398235.9;5375053.9;5586672.2,1329332.8;1260101.9;1336604.2;1340533.6;1262363.7;1284997.6;1280650.8,1612180.4;1577905.4;1587163.9;1540161.2;1592919.3;1558468.4;1649969.1,1386765.3;1334609.9;1362438.1;1337829.5;1350909.8;1342389.6;1349891.1,1368004.7;1301107.2;1281332.1;1263797.4;1191762.6;1188864.1;1305928.2
linux,512x512,6,pair,options,cc,3,5.9424508,1.6591305,1.5587801000000001,1.3175615,1.4067253,0.0,3fb58062a905a380;3fb620044d9ce440;3fb66d98bd446c70;3fb7046468de4740,5942450.8;5962638.2;5839577.5;5908694.7;5984410.0;5649735.0;5955139.4,1659130.5;1703490.2;1658122.6;1608459.4;1687156.9;1623702.7;1740738.0,1558780.1;1568092.1;1496608.9;1520634.6;1550011.6;1454246.7;1553864.2,1317561.5;1275071.9;1312963.8;1310355.3;1356634.4;1318321.9;1281244.4,1406725.3;1415746.2;1371631.2;1469029.6;1390384.7;1253241.9;1379062.2
linux,512x512,6,pair,options,ss,1,2.2377921,0.5570956,0.5896056999999999,0.7581327,0.3328705,0.0,3fb58062a905a380;3fb620044d9ce440;3fb66d98bd446c70;3fb7046468de4740,2237792.1;2230311.0;2288773.7;2299072.8;2213865.2;2207939.0;2274759.4,557095.6;567981.2;561595.0;610007.9;556698.1;546196.5;575451.8,589605.7;582337.9;602090.2;582336.2;559876.5;581561.4;599581.4,758132.7;743466.1;775601.1;763361.2;744552.4;751900.5;765506.1,332870.5;336448.0;349403.9;343283.5;352644.6;328185.4;334137.9
linux,512x512,6,pair,options,ss,2,2.2573246,0.6099332,0.5775555,0.7613244,0.30842390000000003,0.0,3fb58062a905a380;3fb620044d9ce440;3fb66d98bd446c70;3fb7046468de4740,2257324.6;2231884.2;2291016.5;2297359.6;2189356.8;2275961.5;2225965.5,609933.2;597079.0;587990.3;600720.8;574518.3;574532.3;569289.5,577555.5;574944.9;599533.6;595218.0;582376.7;627505.7;597598.4,761324.4;751854.6;765872.3;757386.2;747934.0;748800.0;737974.0,308423.9;307917.8;337526.8;343946.3;284432.2;325036.3;321020.1
linux,512x512,6,pair,options,ss,3,2.1697878,0.546872,0.5725384,0.76025,0.2900558,0.0,3fb58062a905a380;3fb620044d9ce440;3fb66d98bd446c70;3fb7046468de4740,2169374.1;2261237.5;2169787.8;2233901.6;2172305.3;2149434.5;2161504.4,527669.1;589520.9;546872.0;570841.9;557109.2;539407.4;548860.7,587996.5;588628.4;572538.4;580946.2;543427.9;585662.3;565332.2,756364.3;757189.0;760250.0;760362.2;773508.3;735315.8;746804.7,297267.0;325816.7;290055.8;321670.8;298177.4;288973.4;300434.7
mac,3840x2160,1,candidate,dispatch,cc,1,105.764771,0.0,62.992771,42.763323,0.0086245,62.941375,3fb3e9db32af9790;3fb4769caa7ad030;3fb50e77faf08dd0;3fb59b28529fab00,105717614.8;106870073.0;105689916.5;105764771.0;105714708.2;105978031.2;107381302.0,0.0;0.0;0.0;0.0;0.0;0.0;0.0,63372093.8;63811312.8;63291833.5;62992771.0;63252677.2;63127177.0;64002885.5,42336094.0;43050750.0;42389916.5;42763323.0;42453416.5;42842718.5;43370885.2,9291.2;7958.2;8104.5;8624.5;8562.8;8073.0;7479.0
mac,3840x2160,1,candidate,dispatch,cc,2,105.265927,0.0,63.122042,42.135885200000004,0.007927,62.799375,3fb3e9db32af9790;3fb4769caa7ad030;3fb50e77faf08dd0;3fb59b28529fab00,105388458.2;105265927.0;105247500.0;105333906.2;105147687.5;105331531.2;105252677.0,0.0;0.0;0.0;0.0;0.0;0.0;0.0,63163479.2;63122042.0;63085645.8;63186916.8;62898552.0;63217260.2;63136833.5,42215927.0;42135885.2;42153604.2;42138573.0;42240198.0;42106354.5;42107156.0,8885.5;7927.0;8166.8;8353.8;8885.5;7864.2;8666.8
mac,3840x2160,1,candidate,dispatch,cc,3,105.5350415,0.0,63.070719,42.455406200000006,0.008875,63.509542,3fb3e9db32af9790;3fb4769caa7ad030;3fb50e77faf08dd0;3fb59b28529fab00,105863885.5;105317541.8;105879333.2;105335291.5;105368479.0;106824270.8;105535041.5,0.0;0.0;0.0;0.0;0.0;0.0;0.0,63312958.0;63078802.2;63387676.8;63099937.5;62933323.0;64076812.5;63070719.0,42541635.8;42229645.8;42482666.8;42226260.5;42426458.2;42739624.8;42455406.2,9229.0;9010.2;8969.0;9052.0;8656.5;7791.8;8875.0
mac,3840x2160,1,candidate,main,cc,1,216.0236875,0.0,68.514469,147.5014062,0.0077182,68.318625,3fb3e9db32af9790;3fb4769caa7ad030;3fb50e77faf08dd0;3fb59b28529fab00,215954323.0;218445864.5;220737604.2;215768375.0;216023687.5;215942614.8;216301854.2,0.0;0.0;0.0;0.0;0.0;0.0;0.0,68790781.0;69164249.8;70193916.8;68632885.2;68514469.0;68665166.8;68583124.8,147155323.0;149273895.8;150535718.5;147127947.8;147501406.2;147270000.0;147711416.5,8125.0;7562.8;7917.0;7406.5;7718.2;7354.2;7219.0
mac,3840x2160,1,candidate,main,cc,2,215.806323,0.0,68.9999792,146.7980938,0.008146,68.702209,3fb3e9db32af9790;3fb4769caa7ad030;3fb50e77faf08dd0;3fb59b28529fab00,215806323.0;215530552.0;215867000.0;215661010.2;216037927.2;216462510.5;215604104.2,0.0;0.0;0.0;0.0;0.0;0.0;0.0,68999979.2;68562604.0;68979343.8;68537593.5;69088333.2;69040042.0;68545823.2,146798093.8;146960177.2;146879812.5;147115958.2;146941593.5;147414937.0;147050927.0,8146.0;7739.5;7791.8;7416.8;7927.0;7490.0;7302.2
mac,3840x2160,1,candidate,main,cc,3,215.5338438,0.0,68.795396,146.731083,0.0073022,68.375708,3fb3e9db32af9790;3fb4769caa7ad030;3fb50e77faf08dd0;3fb59b28529fab00,215660010.2;217570937.5;220274020.8;215533843.8;215271062.5;215271510.2;215455646.0,0.0;0.0;0.0;0.0;0.0;0.0;0.0,68584385.2;69069573.0;70259010.2;68795396.0;68483593.5;68620239.8;68594854.5,147067594.0;148493854.2;150006802.2;146731083.0;146779937.5;146644156.2;146853718.5,7916.2;7448.0;8041.5;7302.2;7406.2;6989.2;7000.0
mac,3840x2160,1,candidate,options,cc,1,106.1972082,0.0,62.7539375,43.4350415,0.008177199999999999,64.865,3fb3e9db32af9790;3fb4769caa7ad030;3fb50e77faf08dd0;3fb59b28529fab00,105742666.8;108002312.5;105941510.2;108054718.8;105700979.2;107740177.2;106197208.2,0.0;0.0;0.0;0.0;0.0;0.0;0.0,62881312.8;63970718.8;62911874.8;63966239.5;62678823.2;64013791.8;62753937.5,42852385.2;44023333.5;43021542.0;44080239.8;43013343.8;43717614.8;43435041.5,8781.2;8114.5;8041.5;8104.2;8698.0;8635.5;8177.2
mac,3840x2160,1,candidate,options,cc,2,105.96641679999999,0.0,62.8561355,43.101771,0.008343799999999998,64.66675,3fb3e9db32af9790;3fb4769caa7ad030;3fb50e77faf08dd0;3fb59b28529fab00,105462437.5;108228645.8;105435510.5;108549770.8;105456541.8;107410916.8;105966416.8,0.0;0.0;0.0;0.0;0.0;0.0;0.0,62918187.2;64160239.8;62897770.8;64532874.8;62788520.8;63940927.0;62856135.5,42535270.8;44059458.5;42528896.2;44008844.0;42659500.0;43461770.8;43101771.0,8791.8;8833.0;8739.2;7760.2;8364.5;8104.5;8343.8
mac,3840x2160,1,candidate,options,cc,3,106.1329688,0.0,63.2469688,42.877052,0.0087605,64.112375,3fb3e9db32af9790;3fb4769caa7ad030;3fb50e77faf08dd0;3fb59b28529fab00,106132968.8;107816552.2;106065448.0;107811218.8;105528989.8;107811604.2;105949312.5,0.0;0.0;0.0;0.0;0.0;0.0;0.0,63246968.8;63911781.5;63255000.0;63870187.8;62740854.5;64024073.0;62952458.8,42877052.0;43895979.2;42801646.2;43932072.8;42779479.2;43779093.5;42987697.8,8760.5;8655.8;8708.0;8906.0;8614.2;8354.2;9000.2
mac,3840x2160,1,candidate,options,cs,1,108.9235312,0.0,38.393146,70.52676,0.0035835,64.619667,3fb3e9db32af9790;3fb4769caa7ad030;3fb50e77faf08dd0;3fb59b28529fab00,108999239.8;109035260.5;108798635.2;108923531.2;108881875.0;108999447.8;108827375.0,0.0;0.0;0.0;0.0;0.0;0.0;0.0,38535208.2;38434854.2;38355312.5;38393146.0;38354885.2;38399916.8;38295771.0,70459645.8;70596843.5;70439635.2;70526760.0;70523104.2;70596031.0;70527927.0,4135.8;3521.0;3614.5;3583.5;3823.2;3437.8;3625.0
mac,3840x2160,1,candidate,options,cs,2,108.8169688,0.0,38.3211772,70.492073,0.003677,64.61725,3fb3e9db32af9790;3fb4769caa7ad030;3fb50e77faf08dd0;3fb59b28529fab00,108813750.0;108847895.8;108834895.8;108816968.8;108806562.5;108987093.8;108555052.0,0.0;0.0;0.0;0.0;0.0;0.0;0.0,38378031.5;38369812.8;38451229.0;38321177.2;38362448.5;38474614.8;38176624.8,70431635.2;70474281.0;70380073.0;70492073.0;70440333.2;70508312.5;70374729.2,3843.8;3677.2;3541.5;3677.0;3708.0;4072.8;3656.2
mac,3840x2160,1,candidate,options,cs,3,108.8476668,0.0,38.4091875,70.43489579999999,0.0035418000000000003,64.949875,3fb3e9db32af9790;3fb4769caa7ad030;3fb50e77faf08dd0;3fb59b28529fab00,108871729.0;108938073.0;108831552.0;108930239.5;108785656.2;108847666.8;108720489.8,0.0;0.0;0.0;0.0;0.0;0.0;0.0,38445145.8;38523593.8;38421135.2;38435197.8;38449239.2;38409187.5;38320989.8,70422458.5;70410500.0;70406521.0;70491437.5;70332542.0;70434895.8;70396020.8,3885.2;3833.2;3854.0;3500.0;3822.8;3541.8;3448.0
mac,3840x2160,1,pair,dispatch,cc,1,169.02197919999998,63.726802,63.1187918,42.161823,0.0144585,0.0,3fb3e9db32af9790;3fb4769caa7ad030;3fb50e77faf08dd0;3fb59b28529fab00,173207854.2;171907489.8;168933687.5;169021979.2;168925489.5;169503052.0;168908979.2,64243333.0;65529739.5;63238604.0;63726802.0;63844635.2;62845343.5;63387760.2,65003083.5;63770322.8;63043406.2;63118791.8;62976156.0;63683437.5;63131521.0,43946927.0;42592583.8;42636375.0;42161823.0;42089864.8;42959125.0;42374583.2,14291.5;14676.8;15187.5;14458.5;14697.8;15000.0;14979.0
mac,3840x2160,1,pair,dispatch,cc,2,170.3777708,64.4377708,63.4778232,42.447156,0.014844,0.0,3fb3e9db32af9790;3fb4769caa7ad030;3fb50e77faf08dd0;3fb59b28529fab00,170669718.8;171246010.5;173484854.2;169969854.2;170377770.8;169963521.0;169030291.5,63112104.0;64949697.8;65121562.5;64718489.8;64437770.8;63189625.0;63519198.2,64534593.8;63649177.0;64778864.8;63095250.0;63477823.2;63969416.8;63218468.5,43007958.5;42632604.0;43570645.8;42140895.8;42447156.0;42788916.5;42277468.8,14823.0;14354.5;13604.2;15000.0;14844.0;15354.5;15031.2
mac,3840x2160,1,pair,dispatch,cc,3,170.199073,64.0266982,63.728520200000006,42.4290318,0.014645799999999999,0.0,3fb3e9db32af9790;3fb4769caa7ad030;3fb50e77faf08dd0;3fb59b28529fab00,171653145.8;169921739.5;170242875.0;170199073.0;170672093.8;169938041.5;170154896.0,63535364.8;64624531.2;63804374.8;64026698.2;64516593.5;63189624.8;63562916.8,64784448.0;63267708.2;63727125.0;63728520.2;63269604.2;63943698.0;63589948.0,43318208.2;42014583.2;42696479.5;42429031.8;42870479.5;42789729.0;42987302.0,14906.5;14729.0;14739.2;14645.8;15187.2;14854.2;14552.2
mac,3840x2160,1,pair,fusion,cc,1,168.5792605,62.5161772,63.493000200000004,42.5552498,0.0146045,0.0,3fb3e9db32af9790;3fb4769caa7ad030;3fb50e77faf08dd0;3fb59b28529fab00,168579260.5;169512770.8;167903073.0;169426010.2;168781562.5;168073166.8;168136843.8,62516177.2;63282958.2;62736291.5;63216864.5;63699718.8;62398250.0;62558604.2,63493000.2;63120083.2;62916500.0;63279594.0;62772406.2;62834124.5;62985937.8,42555249.8;43094437.5;42236281.2;42914500.0;42294656.5;42826136.0;42577552.0,14604.5;15156.2;13927.2;14854.2;14677.0;14614.5;14656.2
mac,3840x2160,1,pair,fusion,cc,2,169.9310832,63.452,63.1132395,43.351969,0.0137292,0.0,3fb3e9db32af9790;3fb4769caa7ad030;3fb50e77faf08dd0;3fb59b28529fab00,170399791.5;169931083.2;169243822.8;170057166.8;171143645.8;169457416.8;168883010.5,62870333.0;63452000.0;63094458.2;63059635.2;64501687.5;63191833.5;62811166.8,64054083.5;63113239.5;63194687.8;63565354.5;63536073.0;63049697.8;63199072.8,43459937.8;43351969.0;42939645.8;43418364.5;43090843.8;43200979.2;42857406.0,15249.8;13729.2;14896.0;13697.8;14895.8;14812.2;15198.2
mac,3840x2160,1,pair,fusion,cc,3,168.48195819999998,62.805177,63.100281200000005,42.562104,0.0142085,0.0,3fb3e9db32af9790;3fb4769caa7ad030;3fb50e77faf08dd0;3fb59b28529fab00,168309593.8;169286135.5;168394052.0;168778906.2;168754521.0;168255437.5;168481958.2,63111208.2;63409583.2;63243979.2;62784021.0;63397114.8;62608177.0;62805177.0,62758687.5;62947250.2;62796375.0;63140541.5;62738874.8;62772406.2;63100281.2,42423875.0;42913656.0;42338885.5;42839708.5;42604208.5;42860739.8;42562104.0,15510.5;15521.0;14666.5;14500.0;14270.8;14010.5;14208.5
mac,3840x2160,1,pair,main,cc,1,285.04391680000003,68.60794779999999,69.1339895,147.287073,0.014635200000000001,0.0,3fb3e9db32af9790;3fb4769caa7ad030;3fb50e77faf08dd0;3fb59b28529fab00,285670145.8;285392698.0;284642291.5;284879573.0;285180833.2;285043916.8;284170864.5,68767146.0;70104698.0;68933687.2;69404864.2;69526291.5;68607947.8;68706552.0,69259208.2;68613677.0;68535062.5;68573396.2;68281469.0;69133989.5;68573344.0,147629635.2;146659479.2;147159719.0;146886698.0;147359010.2;147287073.0;146875489.5,13989.5;14760.2;13604.0;14520.5;13927.2;14635.2;15250.0
mac,3840x2160,1,pair,main,cc,2,285.5785625,68.2919272,69.3101875,147.96215619999998,0.0141352,0.0,3fb3e9db32af9790;3fb4769caa7ad030;3fb50e77faf08dd0;3fb59b28529fab00,291962458.2;286780614.5;285790010.5;285421916.8;285474760.5;285578562.5;284667354.2,69466114.5;70601781.2;69503667.0;69767854.2;69501521.2;68291927.2;68894646.0,71073615.0;68946177.0;68795218.8;68454197.8;68518906.0;69310187.5;68497989.5,151408750.0;147218177.0;147476250.0;147185489.8;147440395.8;147962156.2;147260749.8,13822.8;14323.0;14698.0;14250.0;13812.8;14135.2;13823.2
mac,3840x2160,1,pair,main,cc,3,285.1564895,69.1750938,68.5625728,147.405031,0.0136562,0.0,3fb3e9db32af9790;3fb4769caa7ad030;3fb50e77faf08dd0;3fb59b28529fab00,286516281.2;286568395.8;285156489.5;285041968.8;285010822.8;285472500.0;284391468.8,68490937.5;70389875.0;69175093.8;69799187.5;69644718.8;68684219.0;69187281.5,70117844.0;69071718.5;68562572.8;68309510.5;68320197.8;69203458.2;68439510.2,147893426.8;147091458.5;147405031.0;146919218.8;147031354.0;147571354.2;146750791.5,13969.0;15208.2;13656.2;13874.8;14364.5;13343.8;13729.2
mac,3840x2160,1,pair,options,cc,1,170.1888125,64.1644895,63.10025,42.908802,0.015062200000000001,0.0,3fb3e9db32af9790;3fb4769caa7ad030;3fb50e77faf08dd0;3fb59b28529fab00,169569458.2;170820396.0;169231916.5;170686187.5;170188812.5;170730718.8;168324531.2,63374896.0;63618114.5;63337281.5;63132031.2;64164489.5;63847135.5;62921145.8,63336260.2;63414489.8;63044020.8;63768958.2;63100250.0;63295375.0;62740927.2,42842562.5;43772604.2;42835208.2;43770937.2;42908802.0;43573437.5;42647552.2,15583.5;14978.8;15260.8;14156.5;15062.2;14656.2;14749.8
mac,3840x2160,1,pair,options,cc,2,169.6716875,63.5928855,63.198312200000004,42.864771,0.01549,0.0,3fb3e9db32af9790;3fb4769caa7ad030;3fb50e77faf08dd0;3fb59b28529fab00,169650989.8;170668302.2;169359208.5;170691364.8;169671687.5;169330729.2;169997156.2,63254666.5;63696500.0;63537833.5;63359614.5;63592885.5;62902010.5;63161229.0,63384979.2;63474374.8;62994593.5;63552500.5;63198312.2;63066385.5;63594021.2,42996062.8;43482312.8;42811458.5;43764614.5;42864771.0;43347948.0;43226572.5,15000.0;14885.5;15114.5;14510.0;15490.0;14229.2;15167.0
mac,3840x2160,1,pair,options,cc,3,170.1449895,63.4014895,63.1849268,43.5433338,0.015103799999999999,0.0,3fb3e9db32af9790;3fb4769caa7ad030;3fb50e77faf08dd0;3fb59b28529fab00,168564958.5;170689562.5;169595948.0;170813572.8;170271645.8;170144989.5;169472489.8,62906010.2;63619989.5;63212229.0;63290020.8;64158166.5;63401489.5;62853510.5,62796166.5;63426812.2;63214271.0;63800270.8;62955552.2;63184926.8;63405364.5,42847177.0;43627510.8;43154166.5;43708448.0;43142989.5;43543333.8;43198833.5,15416.8;15062.2;15146.0;14697.8;14812.5;15103.8;14656.5
mac,3840x2160,1,pair,options,ss,1,170.8274165,38.265416200000004,38.4583338,94.097885,0.0056251999999999995,0.0,3fb3e9db32af9790;3fb4769caa7ad030;3fb50e77faf08dd0;3fb59b28529fab00,170932885.5;170827416.5;171215739.8;170652562.5;170855073.0;170601375.0;170724260.5,38354947.8;38265416.2;38440791.8;38285031.2;38279125.2;38318354.2;38259510.2,38513395.8;38458333.8;38490062.5;38302510.8;38377427.0;38291552.2;38365687.5,94058562.8;94097885.0;94279187.5;94059385.5;94192906.2;93985666.5;94092906.2,5739.2;5625.2;5562.8;5510.0;5479.0;5562.2;6093.8
mac,3840x2160,1,pair,options,ss,2,170.7920415,38.139156,38.525292,94.1222182,0.00525,0.0,3fb3e9db32af9790;3fb4769caa7ad030;3fb50e77faf08dd0;3fb59b28529fab00,170816489.5;170819916.8;170792041.5;171091302.2;170742187.5;170674843.8;170752396.0,38167250.5;38131604.5;38139156.0;38351093.8;38226354.5;38243833.0;38186729.2,38548260.0;38480916.2;38525292.0;38644698.0;38541416.5;38571666.8;38655364.5,94094896.2;94201625.5;94122218.2;94089271.0;93968802.2;93853635.5;93904093.8,5822.8;5583.0;5250.0;6020.5;5395.8;5552.2;6010.5
mac,3840x2160,1,pair,options,ss,3,170.9920625,38.226802,38.412198,94.347719,0.0051665,0.0,3fb3e9db32af9790;3fb4769caa7ad030;3fb50e77faf08dd0;3fb59b28529fab00,170908937.5;170992062.5;170698114.8;172801177.0;175406927.2;171177864.8;170733875.0,38210208.2;38226802.0;38188989.8;38544458.2;39199666.5;38504823.5;38254885.8,38403729.2;38412198.0;38361760.5;38615739.8;39502479.2;38336541.5;38322833.0,94288739.2;94347719.0;94142208.2;95635135.5;96699323.0;94330875.0;94150729.2,6031.5;5166.5;5083.2;5676.8;5239.5;5520.5;5302.0
mac,3840x2160,6,candidate,dispatch,cc,1,40.705521,0.0,21.9811458,18.713448,0.0108645,19.557542,3fb3e9db32af9790;3fb4769caa7ad030;3fb50e77faf08dd0;3fb59b28529fab00,40705521.0;39794552.0;39978427.0;40435468.8;40760906.2;41560093.8;41213479.2,0.0;0.0;0.0;0.0;0.0;0.0;0.0,21981145.8;21255999.8;21200937.5;21210322.8;21904895.8;22733031.2;21111843.5,18713448.0;18526812.8;18765948.0;19210843.8;18843385.8;18814500.0;20088146.2,10864.5;11656.2;11468.5;14198.0;12551.8;12458.2;13416.2
mac,3840x2160,6,candidate,dispatch,cc,2,39.987302,0.0,21.1373332,18.838635800000002,0.011229,19.711125,3fb3e9db32af9790;3fb4769caa7ad030;3fb50e77faf08dd0;3fb59b28529fab00,39638260.2;39665479.2;39987302.0;40023385.5;39351583.5;40609260.5;41613823.0,0.0;0.0;0.0;0.0;0.0;0.0;0.0,20719916.5;20665833.8;21137333.2;21072562.2;20305916.5;22017947.8;22755395.5,18903875.2;18985291.2;18838635.8;18941562.5;19031760.8;18578385.8;18848041.8,14291.5;14146.0;11229.0;9145.8;13801.8;12833.2;10312.2
mac,3840x2160,6,candidate,dispatch,cc,3,41.129145799999996,0.0,22.0796975,19.0348335,0.014375200000000001,22.496542,3fb3e9db32af9790;3fb4769caa7ad030;3fb50e77faf08dd0;3fb59b28529fab00,41129145.8;40944302.0;41032260.2;40926531.2;44062500.0;41976593.8;42064364.8,0.0;0.0;0.0;0.0;0.0;0.0;0.0,22079697.5;21028906.5;22006885.5;21096427.0;24749156.2;21291656.5;23558177.2,19034833.5;19904479.2;19014448.0;19816802.0;19301823.0;20675124.8;18495593.8,14375.2;10833.2;10833.2;13187.5;11406.0;9750.0;10520.8
mac,3840x2160,6,candidate,main,cc,1,58.9931665,0.0,23.229448,35.753698,0.0099065,24.225625,3fb3e9db32af9790;3fb4769caa7ad030;3fb50e77faf08dd0;3fb59b28529fab00,57944406.2;61467104.2;60315614.5;58641489.5;59615760.5;58236666.5;58993166.5,0.0;0.0;0.0;0.0;0.0;0.0;0.0,23108833.2;23568187.8;22875614.2;23853062.5;23368146.0;22854708.0;23229448.0,34825594.0;37889156.2;37432135.5;34780218.8;36239197.8;35371583.5;35753698.0,9718.8;9687.5;7802.2;8104.2;8354.0;10291.8;9906.5
mac,3840x2160,6,candidate,main,cc,2,59.899468799999994,0.0,23.9139795,35.976583,0.0088335,22.073958,3fb3e9db32af9790;3fb4769caa7ad030;3fb50e77faf08dd0;3fb59b28529fab00,62541250.0;59801635.5;58935771.0;58301218.8;59965302.2;61234364.8;59899468.8,0.0;0.0;0.0;0.0;0.0;0.0;0.0,24352051.8;24077541.5;22438729.0;23520052.0;22952989.8;23665572.8;23913979.5,38180427.2;35713343.8;36485979.2;34772916.8;37003500.0;37558573.2;35976583.0,8687.5;10677.0;10916.8;8197.8;8739.5;10145.8;8833.5
mac,3840x2160,6,candidate,main,cc,3,60.3716042,0.0,23.469749800000002,36.8933022,0.0084685,24.303167,3fb3e9db32af9790;3fb4769caa7ad030;3fb50e77faf08dd0;3fb59b28529fab00,59801708.2;61328083.2;61932708.5;61015250.0;58327375.0;60371604.2;59986666.5,0.0;0.0;0.0;0.0;0.0;0.0;0.0,23072312.5;23260364.8;23969239.5;24383031.5;23486500.0;23469749.8;24189677.0,36718166.5;38059479.0;37952448.0;36623729.2;34832364.5;36893302.2;35788760.5,11093.8;8125.2;10801.8;8364.2;8396.0;8468.5;8156.0
mac,3840x2160,6,candidate,options,cc,1,34.411948,0.0,15.185322800000002,19.215198,0.0112812,15.781459,3fb3e9db32af9790;3fb4769caa7ad030;3fb50e77faf08dd0;3fb59b28529fab00,35077250.0;33992135.5;34282229.2;34702093.8;34054395.8;36600198.0;34411948.0,0.0;0.0;0.0;0.0;0.0;0.0;0.0,15564208.5;15068375.0;15214020.8;15631177.2;14998396.2;16638406.0;15185322.8,19501687.5;18913010.5;19051229.2;19060677.0;19045635.0;19950739.8;19215198.0,11166.5;10687.5;16823.0;10114.5;10239.8;10926.8;11281.2
mac,3840x2160,6,candidate,options,cc,2,34.414573,0.0,15.1517395,19.254479,0.0081668,14.820542,3fb3e9db32af9790;3fb4769caa7ad030;3fb50e77faf08dd0;3fb59b28529fab00,34414573.0;34131229.0;34660812.5;33910843.8;33710312.5;35396895.8;34834531.2,0.0;0.0;0.0;0.0;0.0;0.0;0.0,15151739.5;15244104.2;15552771.0;15033979.2;14814270.8;15708125.2;14973250.0,19254479.0;18877448.0;19094729.0;18863072.8;18880979.5;19679249.8;19853062.2,8166.8;9448.0;13208.2;13666.8;14906.0;9417.0;8156.2
mac,3840x2160,6,candidate,options,cc,3,34.296604200000004,0.0,15.085312199999999,19.2022918,0.008854200000000001,15.742458,3fb3e9db32af9790;3fb4769caa7ad030;3fb50e77faf08dd0;3fb59b28529fab00,35391156.2;33897177.0;34607406.2;33870937.5;34290739.5;34296604.2;35074000.0,0.0;0.0;0.0;0.0;0.0;0.0;0.0,15259145.5;14994031.0;15669593.8;14811708.0;14808864.8;15085312.2;16003812.5,20121062.5;18890010.5;18927770.8;19045677.2;19467604.2;19202291.8;19059614.5,10749.8;12968.8;9937.5;13396.0;14041.5;8854.2;10396.0
mac,3840x2160,6,candidate,options,cs,1,30.148104,0.0,8.747135199999999,21.3968545,0.0040622,14.737708,3fb3e9db32af9790;3fb4769caa7ad030;3fb50e77faf08dd0;3fb59b28529fab00,29887229.2;30200718.8;30225052.2;29770698.0;30148104.0;29985614.5;30337260.2,0.0;0.0;0.0;0.0;0.0;0.0;0.0,8592802.5;8614479.0;8398291.8;8689260.2;8747135.2;8580718.5;8480281.0,21288270.8;21581822.8;21821073.0;21076292.0;21396854.5;21400656.0;21852917.0,5895.5;4333.2;5583.2;5031.2;4062.2;4187.8;4020.8
mac,3840x2160,6,candidate,options,cs,2,30.1427605,0.0,8.8099482,21.3283435,0.0043125,14.89425,3fb3e9db32af9790;3fb4769caa7ad030;3fb50e77faf08dd0;3fb59b28529fab00,30342416.5;30458375.0;30399822.8;30142760.5;30077500.0;29853656.2;30086812.5,0.0;0.0;0.0;0.0;0.0;0.0;0.0,8517250.0;8710843.8;8691281.2;8809948.2;8579395.5;8302791.5;8577864.2,21821052.0;21743114.5;21702989.8;21328343.5;21493698.0;21547083.5;21505083.5,3948.0;4312.5;5218.8;4312.5;4291.8;3739.5;3812.2
mac,3840x2160,6,candidate,options,cs,3,31.0762602,0.0,8.5506148,22.5211458,0.0042605,14.864375,3fb3e9db32af9790;3fb4769caa7ad030;3fb50e77faf08dd0;3fb59b28529fab00,31076260.2;31075260.2;30994718.8;31941625.0;30561114.5;31566198.0;32554500.0,0.0;0.0;0.0;0.0;0.0;0.0;0.0,8550614.8;8418552.0;8515135.5;9072802.0;8583406.0;8835812.2;9087802.5,22521145.8;22652510.2;22474479.0;22864448.2;21973448.0;22726021.0;23462343.8,4260.5;4125.2;4947.8;4322.5;4145.8;4250.2;4312.5
mac,3840x2160,6,pair,dispatch,cc,1,60.993677,20.5561772,21.2219688,19.2008438,0.0145625,0.0,3fb3e9db32af9790;3fb4769caa7ad030;3fb50e77faf08dd0;3fb59b28529fab00,62174198.0;63625875.0;60993677.0;63474635.2;60579604.2;60857739.5;60650000.0,21219041.5;21995229.2;20556177.2;21090135.5;21489999.8;21248104.2;20550406.2,22301812.5;22714291.5;21221968.8;23392062.2;20433489.8;21085885.5;21172958.2,18634250.0;18888135.2;19200843.8;18977437.5;18641812.5;18505812.2;18907218.8,18791.8;27937.8;14562.5;14916.8;14083.5;17875.2;19229.0
mac,3840x2160,6,pair,dispatch,cc,2,63.2692812,22.4836355,22.013875,18.7563855,0.0151145,0.0,3fb3e9db32af9790;3fb4769caa7ad030;3fb50e77faf08dd0;3fb59b28529fab00,61307239.8;63269281.2;65313166.8;63568812.5;61805750.0;62846823.0;63479250.0,21911260.2;22483635.5;23966687.5;21215791.2;21102073.2;22643896.0;21912791.8,20539687.5;22013875.0;22417833.2;23552052.5;21203802.0;21181531.2;22243062.2,18836739.5;18756385.5;18912739.8;18782874.8;19482260.5;19003896.0;19303135.2,19437.5;15114.5;15823.0;17885.5;17541.5;17375.0;20094.0
mac,3840x2160,6,pair,dispatch,cc,3,63.732572700000006,21.5415935,22.424396,19.7413645,0.0250108,0.0,3fb3e9db32af9790;3fb4769caa7ad030;3fb50e77faf08dd0;3fb59b28529fab00,65146125.0;62578875.0;63898468.8;61621156.2;62995812.5;63732572.7;67619093.8,22037031.5;20574791.8;22200437.2;20568010.5;21265885.2;21541593.5;25550145.5,23597604.0;21219656.2;22726531.2;22463520.8;20688187.8;22424396.0;20940750.2,19493521.0;20759656.2;18951573.0;18568656.5;21021916.5;19741364.5;21102864.5,17646.0;24624.8;19802.0;20770.8;19614.5;25010.8;25156.5
mac,3840x2160,6,pair,fusion,cc,1,50.2427915,15.5905938,14.883906,19.7456462,0.0225102,0.0,3fb3e9db32af9790;3fb4769caa7ad030;3fb50e77faf08dd0;3fb59b28529fab00,53175375.0;49567666.8;49852656.2;51967156.2;50242791.5;53435281.2;48762906.2,15564958.2;15841031.0;15667416.5;15692343.8;15590593.8;15074000.0;14861229.5,15441167.0;15154323.0;15359510.5;15570906.2;14883906.0;18112781.2;15425989.5,22155031.2;18551906.0;18811708.2;20682125.0;19745646.2;20227000.0;18454198.0,13999.5;20114.8;13812.5;21500.0;22510.2;21343.8;21291.8
mac,3840x2160,6,pair,fusion,cc,2,49.385343799999994,15.2198855,15.001854199999999,19.1463022,0.0171768,0.0,3fb3e9db32af9790;3fb4769caa7ad030;3fb50e77faf08dd0;3fb59b28529fab00,49767656.2;49260198.0;49286073.0;49385343.8;52064552.0;48818198.0;50255927.0,16168541.5;15682666.5;15674510.5;15219885.5;16640792.0;15562385.0;15460969.0,15067093.8;14918375.0;15229666.5;15001854.2;15542364.8;14859364.8;15737698.0,18514344.0;18630052.2;18364416.8;19146302.2;19858114.5;18382906.2;19035604.0,17395.5;28864.2;17364.5;17176.8;23145.8;13396.0;21520.8
mac,3840x2160,6,pair,fusion,cc,3,50.964,16.0381352,16.2630312,18.646021,0.0167188,0.0,3fb3e9db32af9790;3fb4769caa7ad030;3fb50e77faf08dd0;3fb59b28529fab00,50457562.5;50625625.0;52302125.0;50964000.0;51010041.8;49758041.8;51906229.0,16290510.2;15342000.0;16364395.8;16038135.2;15506229.5;15420145.8;16107177.0,15132583.2;16070197.8;17026979.2;16263031.2;15998374.8;15547740.0;15714864.8,19016344.0;19192104.2;18893020.5;18646021.0;19491697.8;18768333.2;20069552.2,17906.0;21145.8;17604.2;16718.8;13604.2;21583.0;14406.2
mac,3840x2160,6,pair,main,cc,1,84.8287605,22.9238022,23.808125,38.0830418,0.0136665,0.0,3fb3e9db32af9790;3fb4769caa7ad030;3fb50e77faf08dd0;3fb59b28529fab00,88682020.8;83886437.5;84828760.5;83488489.8;83235927.2;86768270.8;85469677.0,23625812.5;23966281.2;22923802.2;23485479.5;22062541.8;23835124.8;25040573.2,26656791.8;23204479.0;23808125.0;23308645.5;23824000.0;24598208.5;24662603.8,38381750.0;36702031.5;38083041.8;36675260.8;37335520.8;38317500.0;35749198.2,17395.8;13520.8;13666.5;18864.2;13708.5;17291.5;17239.5
mac,3840x2160,6,pair,main,cc,2,82.623146,23.1856562,23.956656199999998,35.4625835,0.018052,0.0,3fb3e9db32af9790;3fb4769caa7ad030;3fb50e77faf08dd0;3fb59b28529fab00,82623146.0;80608573.0;85193489.5;81719135.2;84389000.0;84026979.2;82566927.0,23185656.2;23710510.5;23861572.8;22852625.0;23638948.0;24346770.8;23127198.0,23956656.2;22841541.8;23742458.5;24236250.0;23079833.2;24221083.2;23387343.8,35462583.5;34042791.8;37575156.5;34616499.8;37652927.0;35445166.8;36035562.5,18052.0;13676.8;14281.0;13719.0;17156.5;13864.8;16677.2
mac,3840x2160,6,pair,main,cc,3,86.3413852,23.9660522,25.617406,36.7403645,0.017344,0.0,3fb3e9db32af9790;3fb4769caa7ad030;3fb50e77faf08dd0;3fb59b28529fab00,86341385.2;84718448.0;85866781.2;87258156.2;87729875.0;85449979.0;86427281.2,23966052.2;23986010.8;23458417.0;24457239.8;24427031.2;24166844.0;25768000.2,25617406.0;24612676.8;24078687.5;24161718.8;25496958.5;23604364.5;24691281.0,36740364.5;36105541.8;38312760.5;38625625.0;37791885.2;37664822.8;35953708.5,17344.0;14104.2;16854.0;13448.0;13937.5;13823.0;14145.8
mac,3840x2160,6,pair,options,cc,1,50.1761562,15.6143125,15.1076145,19.439166800000002,0.014854,0.0,3fb3e9db32af9790;3fb4769caa7ad030;3fb50e77faf08dd0;3fb59b28529fab00,50430052.0;49763447.8;50176156.2;51530822.8;49312333.5;49106864.5;51359791.8,15282187.2;16037927.0;15614312.5;16757874.8;15036333.2;14771416.5;15107343.5,15430760.8;14974250.0;15107614.5;15881635.5;14934385.5;15309687.5;16116333.2,19695510.5;18732833.0;19439166.8;18877281.2;19328406.2;19012239.5;20119073.2,21270.8;18219.0;14854.0;13895.8;13052.0;13406.5;16802.0
mac,3840x2160,6,pair,options,cc,2,49.802708200000005,15.1280418,15.5298958,19.1284272,0.0162188,0.0,3fb3e9db32af9790;3fb4769caa7ad030;3fb50e77faf08dd0;3fb59b28529fab00,51039270.8;49729479.2;49682500.0;49802708.2;49939843.8;48394333.2;49935271.0,16273510.2;14724843.8;15613656.2;15128041.8;15283156.2;14784541.8;15305583.2,15274458.2;15284146.0;14821510.5;15529895.8;15276385.5;14749510.5;15467125.0,19472729.5;19697697.8;19222229.2;19128427.2;19360239.8;18842947.8;19141916.8,18291.5;22625.0;24968.5;16218.8;19770.5;17219.0;20510.5
mac,3840x2160,6,pair,options,cc,3,50.334656200000005,14.7909585,15.6023958,19.9275208,0.0136565,0.0,3fb3e9db32af9790;3fb4769caa7ad030;3fb50e77faf08dd0;3fb59b28529fab00,49558343.8;49730510.5;50791198.0;49717354.0;50334656.2;50981885.5;51902166.5,15523927.0;15075823.0;15120562.2;15519354.0;14790958.5;15991718.5;15383770.8,14904250.0;15620124.8;16345781.2;14874521.0;15602395.8;15457541.8;15461864.5,19111979.2;19018625.0;19311104.2;19309739.2;19927520.8;19518927.2;21043135.5,17916.5;15854.5;13635.5;13698.2;13656.5;13635.2;13281.5
mac,3840x2160,6,pair,options,ss,1,45.538302,8.9797708,9.208385199999999,27.343167,0.0068228,0.0,3fb3e9db32af9790;3fb4769caa7ad030;3fb50e77faf08dd0;3fb59b28529fab00,45735531.2;45328989.8;46107937.5;46153270.8;44903645.8;44917812.5;45538302.0,9295052.0;9222896.0;8965395.8;9063020.5;8944072.8;9041062.5;8979770.8,9036823.0;8937125.0;9270635.5;9097521.0;9063864.8;8906354.5;9208385.2,27396197.8;27160125.0;27865031.2;27984781.5;26887302.0;26962041.8;27343167.0,7302.0;8750.0;6791.8;7780.8;8271.0;8198.0;6822.8
mac,3840x2160,6,pair,options,ss,2,44.718593799999994,9.037656,9.102302,26.5715105,0.0070415,0.0,3fb3e9db32af9790;3fb4769caa7ad030;3fb50e77faf08dd0;3fb59b28529fab00,42956187.5;44145385.5;45160510.5;44839697.8;44718593.8;44970333.2;44411312.5,8609865.0;8808979.0;8769552.2;8778354.0;9037656.0;9095937.5;8741927.0,8512624.8;8835343.8;9012583.0;9207406.5;9102302.0;9156926.8;8691750.0,25827135.5;26492677.2;27371520.8;26845364.5;26571510.5;26710021.0;26970823.0,6385.5;8281.0;6635.8;8312.2;7041.5;7364.8;6676.8
mac,3840x2160,6,pair,options,ss,3,45.9484375,9.283562199999999,8.9819062,27.674948,0.0079062,0.0,3fb3e9db32af9790;3fb4769caa7ad030;3fb50e77faf08dd0;3fb59b28529fab00,45055531.2;46541656.2;46488802.0;45551437.5;45631052.0;45948437.5;46213396.0,9077187.5;9133177.2;9085614.2;9198197.8;8706051.8;9283562.2;9221739.8,8979656.2;9375604.0;8953218.8;8974844.0;8717781.2;8981906.2;9167354.2,26990896.0;28025573.0;28441791.8;27371312.2;28199968.8;27674948.0;27817281.2,7583.0;7197.5;8010.5;7000.2;7166.8;7906.2;6895.8
mac,512x512,1,candidate,dispatch,cc,1,3.5034896,0.0,2.0051484,1.4959662,0.0023203,1.942666,3fb58063054aaa10;3fb6200361cd8a50;3fb66d98ebb40e90;3fb7046397b8ecd0,3438622.4;3423895.8;3426243.5;3503489.6;4213451.4;4130517.9;4113238.1,0.0;0.0;0.0;0.0;0.0;0.0;0.0,1940045.6;1938556.1;1936600.3;2005148.4;2729744.8;2672315.4;2666090.8,1496139.3;1483058.5;1487313.8;1495966.2;1481395.7;1455927.2;1444989.5,2360.6;2229.2;2283.8;2320.3;2248.2;2211.2;2092.2
mac,512x512,1,candidate,dispatch,cc,2,3.3357266,0.0,1.8857695,1.447556,0.0023295,1.894875,3fb58063054aaa10;3fb6200361cd8a50;3fb66d98ebb40e90;3fb7046397b8ecd0,3335726.6;3342626.3;3332684.9;3332289.1;3351390.6;3321761.7;3417902.3,0.0;0.0;0.0;0.0;0.0;0.0;0.0,1885769.5;1889302.1;1885530.0;1888569.0;1896919.3;1882536.4;1930945.4,1447556.0;1451216.2;1444977.9;1441647.2;1452369.9;1437096.4;1484869.7,2329.5;2065.0;2119.8;2022.0;2046.8;2074.2;2032.7
mac,512x512,1,candidate,dispatch,cc,3,3.3387108999999997,0.0,1.8838685,1.4524766,0.0022904,1.902625,3fb58063054aaa10;3fb6200361cd8a50;3fb66d98ebb40e90;3fb7046397b8ecd0,3338710.9;3344618.5;3326778.7;3327023.4;3344251.3;3330505.2;3341125.0,0.0;0.0;0.0;0.0;0.0;0.0;0.0,1883868.5;1891864.5;1882739.6;1884141.9;1890172.1;1885921.8;1890817.7,1452476.6;1450608.1;1441851.5;1440757.8;1451911.3;1442462.2;1448092.4,2290.4;2085.9;2132.8;2067.7;2108.0;2067.7;2161.4
mac,512x512,1,candidate,main,cc,1,7.386539099999999,0.0,2.0617969,5.3222135,0.0024688,3.194167,3fb58063054aaa10;3fb6200361cd8a50;3fb66d98ebb40e90;3fb7046397b8ecd0,7377098.9;7386539.1;7371244.8;7398158.9;7396002.6;7383320.3;7418309.9,0.0;0.0;0.0;0.0;0.0;0.0;0.0,2054624.9;2061796.9;2055611.9;2058617.1;2054859.4;2056070.4;2057112.0,5319716.2;5322213.5;5313265.6;5337169.4;5338877.6;5325010.5;5358825.5,2679.7;2468.8;2317.8;2320.2;2210.9;2184.9;2283.8
mac,512x512,1,candidate,main,cc,2,7.4189349,0.0,2.0514298,5.3651875,0.0022525,2.051333,3fb58063054aaa10;3fb6200361cd8a50;3fb66d98ebb40e90;3fb7046397b8ecd0,7438856.8;7408604.2;7437757.8;7418934.9;7415382.8;7434528.6;7409237.0,0.0;0.0;0.0;0.0;0.0;0.0;0.0,2059083.4;2054926.9;2060020.6;2051429.8;2057018.2;2059617.1;2051062.4,5376974.0;5351367.3;5375294.6;5365187.5;5356073.1;5372521.0;5355929.7,2721.4;2262.8;2385.2;2252.5;2229.1;2335.9;2192.8
mac,512x512,1,candidate,main,cc,3,7.4282604,0.0,2.0571902,5.3684297999999995,0.002591,2.076708,3fb58063054aaa10;3fb6200361cd8a50;3fb66d98ebb40e90;3fb7046397b8ecd0,7428260.4;7397447.9;7446596.4;7432388.0;7432190.1;7421789.1;7413880.2,0.0;0.0;0.0;0.0;0.0;0.0;0.0,2057190.2;2054427.2;2058247.3;2054450.4;2060783.8;2051432.4;2059083.2,5368429.8;5340640.6;5385898.5;5375630.2;5368901.1;5368031.2;5352437.4,2591.0;2325.6;2393.1;2257.8;2453.0;2270.8;2317.8
mac,512x512,1,candidate,options,cc,1,3.3395599,0.0,1.8905547,1.4468231,0.0021314,2.271708,3fb58063054aaa10;3fb6200361cd8a50;3fb66d98ebb40e90;3fb7046397b8ecd0,3344458.3;3340621.1;3339559.9;3335707.0;3341983.1;3335335.9;3321523.4,0.0;0.0;0.0;0.0;0.0;0.0;0.0,1892214.8;1890371.1;1890554.7;1889213.6;1892674.4;1892486.9;1881869.9,1449967.4;1448088.6;1446823.1;1444351.5;1447158.9;1440753.9;1437533.8,2226.5;2114.6;2131.4;2092.5;2105.3;2044.2;2067.7
mac,512x512,1,candidate,options,cc,2,3.4334831,0.0,1.9429245,1.4883971,0.0021171999999999996,1.93575,3fb58063054aaa10;3fb6200361cd8a50;3fb66d98ebb40e90;3fb7046397b8ecd0,3435753.9;3433498.7;3433483.1;3423109.4;3425721.4;3436117.2;3420022.2,0.0;0.0;0.0;0.0;0.0;0.0;0.0,1943140.6;1941451.8;1942924.5;1938980.5;1941901.0;1947975.2;1934786.4,1490415.3;1489825.6;1488397.1;1481895.8;1481679.8;1485953.1;1483027.3,2147.2;2174.5;2117.2;2187.5;2089.7;2143.3;2164.1
mac,512x512,1,candidate,options,cc,3,3.3369401,0.0,1.8944348,1.4403646,0.0020885,1.889333,3fb58063054aaa10;3fb6200361cd8a50;3fb66d98ebb40e90;3fb7046397b8ecd0,3335855.5;3357480.5;3330992.2;3349036.5;3330652.3;3336940.1;3351030.0,0.0;0.0;0.0;0.0;0.0;0.0;0.0,1893884.2;1893553.5;1887079.5;1897899.8;1890118.5;1894434.8;1896460.8,1439798.2;1461711.0;1441768.2;1448979.2;1438428.4;1440364.6;1452415.4,2124.9;2167.9;2092.5;2109.3;2054.6;2088.5;2106.8
mac,512x512,1,candidate,options,cs,1,3.5255065,0.0,1.1851523,2.33947,0.0008307000000000001,1.874375,3fb58063054aaa10;3fb6200361cd8a50;3fb66d98ebb40e90;3fb7046397b8ecd0,3525506.5;3521230.5;3520891.9;3518040.3;3550484.4;3619458.4;3614726.2,0.0;0.0;0.0;0.0;0.0;0.0;0.0,1185152.3;1181531.3;1184833.4;1182445.2;1191808.6;1212154.8;1212034.2,2339470.0;2338779.9;2335154.9;2334696.8;2357726.5;2406406.2;2401790.1,830.7;869.9;851.5;845.0;903.6;848.1;852.7
mac,512x512,1,candidate,options,cs,2,3.5255807000000003,0.0,1.1845403,2.3401849,0.0008072999999999999,1.893167,3fb58063054aaa10;3fb6200361cd8a50;3fb66d98ebb40e90;3fb7046397b8ecd0,3514722.7;3525580.7;3518709.6;3515023.4;3575781.2;3614099.7;3631828.9,0.0;0.0;0.0;0.0;0.0;0.0;0.0,1180789.2;1184540.3;1183069.0;1182536.5;1227851.6;1287043.3;1292958.3,2333055.9;2340184.9;2334729.2;2331614.6;2346931.0;2326069.8;2337956.8,823.0;807.3;859.3;819.0;949.1;930.1;867.7
mac,512x512,1,candidate,options,cs,3,3.5304387999999998,0.0,1.1797304,2.3498308,0.0008269,1.908708,3fb58063054aaa10;3fb6200361cd8a50;3fb66d98ebb40e90;3fb7046397b8ecd0,3535612.0;3528065.1;3530438.8;3540005.2;3528692.7;3537806.0;3530252.6,0.0;0.0;0.0;0.0;0.0;0.0;0.0,1182808.6;1179733.1;1179730.4;1183076.8;1180837.4;1182487.1;1180776.1,2351889.3;2347437.5;2349830.8;2356041.7;2346954.3;2354411.5;2348587.2,864.6;846.4;826.9;839.8;851.6;857.9;838.5
mac,512x512,1,pair,dispatch,cc,1,5.263366700000001,1.9014751,1.8933124,1.4640666,0.0044521000000000005,0.0,3fb58063054aaa10;3fb6200361cd8a50;3fb66d98ebb40e90;3fb7046397b8ecd0,5263979.2;5254139.5;5263366.7;5258512.5;5240698.0;5920781.2;6052041.7,1902625.0;1898889.6;1901475.1;1897397.9;1893362.5;2458383.2;2671514.5,1892635.4;1890879.1;1893312.4;1896518.9;1891220.8;1961264.6;1910004.1,1463943.8;1459947.9;1464066.6;1460085.4;1451720.9;1495895.9;1465791.7,4699.9;4362.5;4452.1;4431.4;4331.2;5143.9;4668.8
mac,512x512,1,pair,dispatch,cc,2,5.2447979,1.8854146,1.8954271,1.4596416,0.0042626,0.0,3fb58063054aaa10;3fb6200361cd8a50;3fb66d98ebb40e90;3fb7046397b8ecd0,5248008.3;5250306.2;5244797.9;5232189.6;5253727.1;5244029.2;5225325.0,1886666.6;1887702.1;1885414.6;1882722.9;1890866.6;1882106.1;1881447.9,1895099.9;1895168.8;1895427.1;1891777.1;1895489.8;1898527.2;1890991.8,1461858.4;1463108.2;1459641.6;1453460.6;1463006.2;1459125.0;1448689.6,4323.0;4270.9;4262.6;4179.1;4314.5;4208.4;4145.8
mac,512x512,1,pair,dispatch,cc,3,5.2401062000000005,1.889125,1.8888146000000001,1.4578396,0.004270899999999999,0.0,3fb58063054aaa10;3fb6200361cd8a50;3fb66d98ebb40e90;3fb7046397b8ecd0,5248464.6;5250743.8;5240106.2;5236181.2;5243539.5;5237872.9;5227250.0,1889191.6;1887612.6;1889125.0;1885841.6;1888762.4;1891212.4;1882295.8,1891368.8;1893124.9;1888814.6;1888197.9;1890522.8;1889914.6;1887964.6,1463541.6;1465589.4;1457839.6;1457835.5;1459800.1;1452412.4;1452725.1,4304.1;4364.6;4270.9;4252.0;4395.8;4277.2;4208.4
mac,512x512,1,pair,fusion,cc,1,5.2502042,1.8907729,1.8974666,1.4576418999999998,0.0042708,0.0,3fb58063054aaa10;3fb6200361cd8a50;3fb66d98ebb40e90;3fb7046397b8ecd0,5259602.0;5247766.7;5250204.2;5254564.5;5236085.4;5257991.7;5239287.5,1891352.1;1889931.4;1890772.9;1893310.4;1891841.9;1895593.6;1883612.4,1899754.0;1894824.9;1897466.6;1898254.1;1894566.6;1899702.2;1898804.3,1463781.4;1458616.7;1457641.9;1458523.0;1445337.4;1458347.9;1452435.4,4658.2;4333.2;4270.8;4422.9;4283.4;4283.3;4385.4
mac,512x512,1,pair,fusion,cc,2,5.2574458,1.8952792,1.9005311999999999,1.4573813,0.0042021,0.0,3fb58063054aaa10;3fb6200361cd8a50;3fb66d98ebb40e90;3fb7046397b8ecd0,5268520.8;5244502.1;5268956.2;5251264.5;5257445.8;5264454.2;5242150.0,1890827.0;1886885.5;1891356.4;1887493.6;1895279.2;1891258.2;1882904.2,1906885.4;1903354.1;1912497.9;1906887.6;1900531.2;1908827.1;1905312.6,1466235.4;1449981.2;1460695.8;1452620.8;1457381.3;1460014.6;1449641.8,4512.5;4231.2;4352.1;4216.6;4202.1;4295.8;4237.4
mac,512x512,1,pair,fusion,cc,3,5.2458458,1.8901499,1.9050083999999998,1.4464416,0.0041918,0.0,3fb58063054aaa10;3fb6200361cd8a50;3fb66d98ebb40e90;3fb7046397b8ecd0,5243856.2;5254506.2;5245845.8;5253037.5;5235733.3;5227300.0;5251777.1,1895701.9;1890920.8;1890149.9;1893598.1;1885356.4;1883287.6;1894593.8,1891704.2;1900656.2;1905008.4;1901312.4;1896170.9;1895677.1;1898487.5,1452156.4;1458660.4;1446441.6;1453868.9;1450033.3;1444170.6;1454479.2,4239.6;4218.8;4191.8;4206.3;4124.9;4110.6;4158.4
mac,512x512,1,pair,main,cc,1,9.7456702,2.2966632000000002,2.0607848,5.3825937999999995,0.0055625,0.0,3fb58063054aaa10;3fb6200361cd8a50;3fb66d98ebb40e90;3fb7046397b8ecd0,9730659.8;9777243.1;9733277.8;9723670.2;9765673.6;9745670.2;9845649.2,2297395.8;2300253.6;2297569.7;2293468.6;2306836.8;2296663.2;2326756.8,2057371.5;2063736.1;2060513.7;2054493.0;2065635.3;2060784.8;2078326.4,5371024.2;5408322.8;5370225.8;5370934.2;5387934.2;5382593.8;5433718.6,4767.3;4878.5;4888.8;4718.6;5211.6;5562.5;6746.6
mac,512x512,1,pair,main,cc,2,9.5140208,2.0561319,2.0589375,5.394430799999999,0.0044581,0.0,3fb58063054aaa10;3fb6200361cd8a50;3fb66d98ebb40e90;3fb7046397b8ecd0,9506704.8;9522746.5;9469868.1;9522114.6;9448819.4;9514020.8;9516284.7,2056972.2;2064624.9;2052708.0;2060128.3;2054371.5;2056131.9;2061458.4,2060065.9;2061038.2;2057312.7;2059395.8;2054520.8;2058937.5;2060006.8,5385014.0;5392281.3;5355253.4;5397798.7;5335354.1;5394430.8;5389937.5,4559.0;4729.1;4534.8;4729.2;4514.0;4458.1;4826.4
mac,512x512,1,pair,main,cc,3,10.1812535,2.8286077,2.0579096,5.2903125,0.0043647,0.0,3fb58063054aaa10;3fb6200361cd8a50;3fb66d98ebb40e90;3fb7046397b8ecd0,9494927.1;9475677.1;10130371.5;10245007.0;10181253.5;10222819.4;10222857.7,2055364.5;2054510.5;2633729.1;2828784.7;2828607.7;2829979.2;2829534.8,2058243.0;2058968.8;2103663.2;2058097.2;2057909.6;2054712.0;2056229.2,5376475.7;5357638.9;5387607.8;5353246.4;5290312.5;5333062.4;5332468.8,4764.0;4496.6;5284.7;4791.8;4364.7;5010.5;4572.8
mac,512x512,1,pair,options,cc,1,6.0332707999999995,2.6705605,1.9052854,1.4530416000000002,0.0043292,0.0,3fb58063054aaa10;3fb6200361cd8a50;3fb66d98ebb40e90;3fb7046397b8ecd0,6029802.1;6042577.1;6031425.0;6035181.2;6012227.0;6033270.8;6037068.8,2673512.4;2680620.9;2672347.9;2675035.5;2665089.4;2670560.5;2673541.8,1896904.3;1894841.5;1895191.7;1898033.4;1892591.8;1905285.4;1900595.8,1454800.0;1462427.1;1459437.6;1457504.2;1450081.1;1453041.6;1458310.4,4524.9;4635.4;4393.6;4552.1;4410.4;4329.2;4570.9
mac,512x512,1,pair,options,cc,2,5.4905438,2.0579604,1.9480813000000001,1.4796146000000001,0.0048229,0.0,3fb58063054aaa10;3fb6200361cd8a50;3fb66d98ebb40e90;3fb7046397b8ecd0,5258797.9;5237800.0;5221210.4;5490543.8;6020933.3;6035318.8;6027106.2,1890468.9;1889335.5;1883314.6;2057960.4;2667858.3;2675704.0;2669862.5,1902991.6;1896529.1;1892439.8;1948081.3;1894231.4;1896929.2;1896343.6,1460714.5;1447477.0;1441043.6;1479614.6;1454202.0;1458212.5;1456464.6,4560.5;4406.4;4358.4;4822.9;4579.1;4422.9;4387.6
mac,512x512,1,pair,options,cc,3,5.2286645,1.8815084,1.8915813000000001,1.4513166000000002,0.004208399999999999,0.0,3fb58063054aaa10;3fb6200361cd8a50;3fb66d98ebb40e90;3fb7046397b8ecd0,5214468.8;5223502.1;5297464.6;5259500.0;5261877.1;5228664.5;5220106.2,1878370.8;1879062.4;1903420.9;1890556.2;1889260.2;1881508.4;1883652.0,1887158.4;1892085.3;1912110.4;1897045.9;1898808.5;1891581.3;1891583.4,1444525.1;1447883.4;1476935.3;1467172.9;1469154.1;1451316.6;1440706.2,4358.3;4414.6;4914.6;4666.6;4599.9;4208.4;4114.6
mac,512x512,1,pair,options,ss,1,5.5232938,1.1784023000000001,1.1807561000000002,3.1625938,0.0014897,0.0,3fb58063054aaa10;3fb6200361cd8a50;3fb66d98ebb40e90;3fb7046397b8ecd0,5536439.6;5520450.0;5534781.2;5521733.3;5516743.8;5530987.5;5523293.8,1182887.5;1178901.9;1180662.4;1179525.1;1179235.4;1181281.2;1178402.3,1183781.4;1182029.3;1183524.9;1181293.8;1178966.8;1182595.9;1180756.1,3168173.0;3157997.9;3169047.9;3159397.9;3157050.0;3165527.0;3162593.8,1543.6;1468.8;1493.8;1466.9;1441.6;1531.3;1489.7
mac,512x512,1,pair,options,ss,2,5.5238396,1.1814313,1.1813188000000001,3.1595375,0.001496,0.0,3fb58063054aaa10;3fb6200361cd8a50;3fb66d98ebb40e90;3fb7046397b8ecd0,5523839.6;5516314.5;5532437.5;5519318.8;5537320.8;5534775.0;5520810.4,1181431.3;1178372.9;1180708.3;1180277.1;1180793.6;1178979.2;1178200.2,1181318.8;1179822.9;1183543.8;1182656.2;1183193.7;1185116.7;1183316.6,3159537.5;3156604.2;3166620.9;3154791.8;3171781.4;3169056.2;3157698.0,1496.0;1468.8;1516.7;1537.5;1500.0;1568.8;1548.0
mac,512x512,1,pair,options,ss,3,5.53315,1.1778396,1.1804375,3.1733,0.0015209000000000002,0.0,3fb58063054aaa10;3fb6200361cd8a50;3fb66d98ebb40e90;3fb7046397b8ecd0,5532183.3;5541348.0;5524402.1;5532789.6;5534837.5;5533150.0;5549335.5,1176629.2;1179733.4;1176258.2;1177531.2;1177749.9;1177839.6;1185306.2,1181910.4;1181918.8;1177116.6;1180554.1;1180558.5;1180437.5;1179747.9,3172106.2;3178098.0;3169412.6;3173127.1;3174931.2;3173300.0;3182702.0,1483.3;1543.7;1556.2;1527.1;1545.9;1520.9;1529.3
mac,512x512,6,candidate,dispatch,cc,1,1.3708903000000001,0.0,0.7150093000000001,0.651153,0.0046832,0.683042,3fb58063054aaa10;3fb6200361cd8a50;3fb66d98ebb40e90;3fb7046397b8ecd0,1389063.1;1380472.0;1370890.3;1391122.7;1361466.6;1370071.8;1367785.1,0.0;0.0;0.0;0.0;0.0;0.0;0.0,735805.0;728353.1;715009.3;733740.2;711825.5;708968.7;712102.0,648511.0;647343.2;651153.0;652556.2;645084.5;656484.7;650967.6,4698.6;4730.3;4683.2;4782.4;4510.9;4568.0;4666.1
mac,512x512,6,candidate,dispatch,cc,2,1.3912807,0.0,0.7131601,0.6732928,0.0047779,0.739167,3fb58063054aaa10;3fb6200361cd8a50;3fb66d98ebb40e90;3fb7046397b8ecd0,1391280.7;1386649.1;1405221.1;1379870.1;1424355.9;1389611.7;1411834.5,0.0;0.0;0.0;0.0;0.0;0.0;0.0,713160.1;715327.3;724991.9;708153.5;753259.8;718251.7;743506.3,673292.8;666694.6;675565.4;666971.0;666296.8;666720.0;663674.8,4777.9;4583.9;4616.3;4697.4;4754.6;4594.3;4605.9
mac,512x512,6,candidate,dispatch,cc,3,1.3625536999999999,0.0,0.7105658,0.6471524000000001,0.0047868,0.757125,3fb58063054aaa10;3fb6200361cd8a50;3fb66d98ebb40e90;3fb7046397b8ecd0,1362553.7;1361130.5;1360534.0;1360825.7;1364841.6;1364304.3;1367950.1,0.0;0.0;0.0;0.0;0.0;0.0;0.0,710565.8;702809.2;705107.5;705996.2;707197.3;708405.2;709215.0,647152.4;653636.5;650654.6;650148.6;652902.9;651216.5;653930.3,4786.8;4636.0;4724.8;4631.6;4694.7;4632.1;4754.9
mac,512x512,6,candidate,main,cc,1,2.1002188,0.0,0.7288585,1.3665737,0.0047336,0.713209,3fb58063054aaa10;3fb6200361cd8a50;3fb66d98ebb40e90;3fb7046397b8ecd0,2109563.4;2100218.8;2117084.2;2110291.7;2081390.2;2090856.8;2069010.4,0.0;0.0;0.0;0.0;0.0;0.0;0.0,722534.7;728858.5;730570.3;729639.7;722447.1;722540.8;723004.0,1382404.5;1366573.7;1381849.1;1375895.1;1354214.0;1363486.1;1341358.2,4566.8;4733.6;4614.5;4709.1;4684.2;4778.6;4594.5
mac,512x512,6,candidate,main,cc,2,2.0991849,0.0,0.7341040999999999,1.3601016000000001,0.0049296,0.725542,3fb58063054aaa10;3fb6200361cd8a50;3fb66d98ebb40e90;3fb7046397b8ecd0,2099184.9;2104440.1;2113627.6;2086182.3;2088696.2;2111042.5;2094926.2,0.0;0.0;0.0;0.0;0.0;0.0;0.0,734104.1;740593.8;734161.4;734521.8;736646.8;733229.1;735150.2,1360101.6;1358982.6;1374710.1;1347151.8;1347362.0;1373115.5;1354977.4,4929.6;4813.3;4708.4;4459.3;4636.2;4651.0;4750.8
mac,512x512,6,candidate,main,cc,3,2.054242,0.0,0.733689,1.3157805,0.0047187,0.784584,3fb58063054aaa10;3fb6200361cd8a50;3fb66d98ebb40e90;3fb7046397b8ecd0,2054242.0;2073789.3;2090489.6;2029112.2;2049185.9;2096927.9;2054003.2,0.0;0.0;0.0;0.0;0.0;0.0;0.0,733689.0;738111.4;762254.4;725657.1;743343.0;749020.0;739321.2,1315780.5;1330903.0;1323469.6;1298838.9;1300935.8;1343221.9;1310029.6,4718.7;4724.4;4718.7;4570.5;4852.6;4638.6;4596.1
mac,512x512,6,candidate,options,cc,1,1.1616042,0.0,0.49498390000000003,0.661723,0.004850800000000001,0.481458,3fb58063054aaa10;3fb6200361cd8a50;3fb66d98ebb40e90;3fb7046397b8ecd0,1164576.7;1149862.7;1161604.2;1167871.7;1144797.8;1130332.9;1267377.1,0.0;0.0;0.0;0.0;0.0;0.0;0.0,481657.7;478887.7;494983.9;498575.2;456419.0;454461.5;597035.9,677802.5;665960.3;661723.0;664255.2;683486.7;670959.7;665490.1,5054.9;4964.4;4850.8;4993.3;4849.4;4860.5;4797.9
mac,512x512,6,candidate,options,cc,2,1.0970281000000002,0.0,0.4348841,0.6569968,0.0050988000000000006,0.441959,3fb58063054aaa10;3fb6200361cd8a50;3fb66d98ebb40e90;3fb7046397b8ecd0,1095964.2;1112256.8;1094511.8;1100182.1;1097028.1;1099242.8;1087923.5,0.0;0.0;0.0;0.0;0.0;0.0;0.0,439611.4;443767.2;439540.3;441373.6;434884.1;437462.0;433363.3,651180.3;663339.2;649886.3;653678.9;656996.8;656732.3;649369.5,5124.0;5103.7;5037.6;5084.7;5098.8;5001.3;5143.2
mac,512x512,6,candidate,options,cc,3,1.1009742,0.0,0.4404732,0.6553818,0.0050707,0.445334,3fb58063054aaa10;3fb6200361cd8a50;3fb66d98ebb40e90;3fb7046397b8ecd0,1116319.8;1100241.4;1100974.2;1103312.5;1099855.1;1102955.2;1097958.8,0.0;0.0;0.0;0.0;0.0;0.0;0.0,445379.2;446442.0;440473.2;442936.2;439653.1;436092.4;442205.6,665869.0;648664.4;655381.8;655308.8;655058.0;661735.5;650850.1,5020.9;5085.2;5070.7;5019.4;5097.4;5082.0;4858.2
mac,512x512,6,candidate,options,cs,1,1.0847231000000002,0.0,0.33404079999999997,0.7483295,0.0023038000000000004,0.423542,3fb58063054aaa10;3fb6200361cd8a50;3fb66d98ebb40e90;3fb7046397b8ecd0,1080171.4;1083861.5;1083183.6;1084723.1;1090396.7;1085227.0;1113028.1,0.0;0.0;0.0;0.0;0.0;0.0;0.0,331379.3;335634.6;332289.6;334040.8;332717.4;337240.4;340227.8,746367.7;745841.6;748500.4;748329.5;755196.6;745533.8;770189.8,2375.4;2338.9;2349.4;2303.8;2434.3;2407.5;2562.5
mac,512x512,6,candidate,options,cs,2,1.0853485,0.0,0.3313373,0.7515655,0.0023967,0.410125,3fb58063054aaa10;3fb6200361cd8a50;3fb66d98ebb40e90;3fb7046397b8ecd0,1080605.9;1085348.5;1086191.8;1082276.0;1088657.2;1082919.3;1086181.4,0.0;0.0;0.0;0.0;0.0;0.0;0.0,331283.5;331337.3;336049.4;334833.8;336226.9;337215.3;334571.2,746822.5;751565.5;747641.5;744981.3;750009.5;743178.8;749089.0,2451.4;2396.7;2453.6;2415.0;2375.9;2479.2;2473.5
mac,512x512,6,candidate,options,cs,3,1.0762248,0.0,0.32621140000000004,0.7476289,0.0023385,0.447708,3fb58063054aaa10;3fb6200361cd8a50;3fb66d98ebb40e90;3fb7046397b8ecd0,1085058.2;1071694.0;1076224.8;1080637.2;1074049.5;1075118.1;1081800.8,0.0;0.0;0.0;0.0;0.0;0.0;0.0,335905.0;328200.6;326211.4;329846.8;327412.8;330255.6;336172.8,746745.2;741114.1;747628.9;748394.1;744334.2;742382.4;743155.3,2363.3;2329.9;2338.5;2351.2;2253.9;2434.0;2424.9
mac,512x512,6,pair,dispatch,cc,1,2.1409323,0.7226154,0.7297135,0.6799653,0.0085878,0.0,3fb58063054aaa10;3fb6200361cd8a50;3fb66d98ebb40e90;3fb7046397b8ecd0,2140932.3;2085910.6;2112145.8;2151180.6;2161097.2;2137727.4;2145026.9,722615.4;700467.8;727046.0;718607.6;720137.2;702672.8;721577.3,729713.5;720625.1;712923.6;744952.3;757830.8;735267.3;714708.3,679965.3;656166.6;663588.6;679207.4;674240.5;691110.3;700361.9,8587.8;8601.6;8541.5;8363.7;8847.2;8626.7;8335.0
mac,512x512,6,pair,dispatch,cc,2,2.1469418,0.7254384,0.7318386,0.6806449,0.0089506,0.0,3fb58063054aaa10;3fb6200361cd8a50;3fb66d98ebb40e90;3fb7046397b8ecd0,2145684.9;2146941.8;2120870.7;2147921.9;2159057.3;2164953.1;2141294.3,724481.8;725438.4;726521.6;727728.3;721807.3;731472.2;745998.2,726046.0;731838.6;719756.1;718799.4;733102.4;733575.5;720205.7,686144.1;680644.9;666015.6;691914.0;695315.1;691131.0;666190.1,8953.1;8950.6;8520.8;9426.3;8774.3;8724.8;8848.1
mac,512x512,6,pair,dispatch,cc,3,2.1298811,0.6940225,0.7308515999999999,0.6963975,0.0085609,0.0,3fb58063054aaa10;3fb6200361cd8a50;3fb66d98ebb40e90;3fb7046397b8ecd0,2138954.9;2108139.8;2099764.8;2129881.1;2137899.3;2097507.8;2138040.8,701097.2;707882.9;705270.0;694022.5;713539.9;705868.1;715140.6,735442.7;722548.6;700756.1;730851.6;729616.4;721967.0;720737.8,693839.3;669247.3;685200.5;696397.5;686368.9;661223.1;693447.9,8526.0;8407.2;8487.9;8560.9;8322.0;8401.1;8666.7
mac,512x512,6,pair,fusion,cc,1,1.5830456000000002,0.4688248,0.4464324,0.6587891,0.008940700000000001,0.0,3fb58063054aaa10;3fb6200361cd8a50;3fb66d98ebb40e90;3fb7046397b8ecd0,1566381.5;1653988.3;1583045.6;1628349.6;1636453.1;1575592.5;1575712.2,452803.5;503229.2;468824.8;477846.3;476452.4;466954.4;451137.3,449608.7;480526.1;446432.4;464176.5;486020.2;444548.1;447558.6,654772.8;661074.8;658789.1;677153.0;664662.1;655101.0;668138.7,9142.6;9104.9;8940.7;9125.7;9266.3;8934.8;8824.9
mac,512x512,6,pair,fusion,cc,2,1.5919089,0.44953390000000004,0.45555470000000003,0.6779556999999999,0.008817700000000001,0.0,3fb58063054aaa10;3fb6200361cd8a50;3fb66d98ebb40e90;3fb7046397b8ecd0,1622668.6;1570981.1;1615996.8;1580564.5;1623008.5;1591908.9;1586307.9,458645.9;451303.4;473550.8;457726.6;473095.1;449533.9;457594.3,477871.8;461432.2;458895.8;441210.2;452769.5;455554.7;462426.4,677365.2;649299.5;674518.9;672782.5;688505.9;677955.7;657836.6,8734.4;8892.0;8972.6;8791.8;8590.5;8817.7;8401.7
mac,512x512,6,pair,fusion,cc,3,1.5922193999999998,0.4547891,0.4632955,0.6654036,0.008683100000000001,0.0,3fb58063054aaa10;3fb6200361cd8a50;3fb66d98ebb40e90;3fb7046397b8ecd0,1592219.4;1563879.6;1580677.1;1610084.0;1597843.8;1588685.5;1633051.4,454789.1;452018.9;470502.0;463026.7;455103.0;449380.3;478421.3,463295.5;447803.4;443655.7;466317.7;462918.6;461563.2;485381.5,665403.6;655438.8;657664.6;671979.7;671194.6;668804.0;660628.2,8683.1;8565.1;8788.4;8701.9;8580.1;8889.9;8567.1
mac,512x512,6,pair,main,cc,1,2.8446296,0.7231679,0.7366238,1.3762871,0.008508100000000001,0.0,3fb58063054aaa10;3fb6200361cd8a50;3fb66d98ebb40e90;3fb7046397b8ecd0,2797485.0;2871265.1;2844629.6;2824650.5;2818924.8;2881476.9;2877930.6,716628.5;728440.9;723167.9;720482.6;727180.6;733083.3;723982.6,734549.8;782878.5;736623.8;729634.2;731147.0;796846.0;772945.6,1337673.5;1351240.7;1376287.1;1366123.9;1351680.5;1343252.4;1372457.3,8573.0;8659.8;8508.1;8362.1;8870.4;8245.3;8497.6
mac,512x512,6,pair,main,cc,2,2.8619954,0.7275091,0.7338913,1.3918287,0.008718799999999999,0.0,3fb58063054aaa10;3fb6200361cd8a50;3fb66d98ebb40e90;3fb7046397b8ecd0,2816726.8;2821179.4;2805475.7;2876236.1;2866917.8;2861995.4;2915906.2,720832.3;729087.9;728813.7;719037.0;747819.4;727509.1;768817.1,737332.1;738973.4;726165.6;730303.4;733149.3;733891.3;777158.5,1349924.8;1344245.4;1341629.6;1417917.8;1377413.2;1391828.7;1361365.9,8574.1;8798.5;8813.6;8919.0;8468.8;8718.8;8512.6
mac,512x512,6,pair,main,cc,3,2.9016713,0.7611226999999999,0.7534247,1.3775671999999999,0.0095058,0.0,3fb58063054aaa10;3fb6200361cd8a50;3fb66d98ebb40e90;3fb7046397b8ecd0,2878549.8;2838204.9;2901671.3;2904811.3;2914295.1;2934125.0;2896724.6,733193.2;731922.4;761122.7;762375.0;746495.4;763325.2;760322.9,743300.9;730217.5;753424.7;768850.7;764881.9;801849.6;763208.3,1392950.4;1367077.6;1377567.2;1364591.4;1394250.1;1360302.1;1364238.5,9048.5;8939.9;9505.8;8943.3;8622.7;8603.1;8897.1
mac,512x512,6,pair,options,cc,1,1.5888796,0.4414622,0.4563932,0.6817493,0.0092312,0.0,3fb58063054aaa10;3fb6200361cd8a50;3fb66d98ebb40e90;3fb7046397b8ecd0,1604930.3;1588879.6;1590972.0;1576945.3;1582047.5;1549530.6;1604954.4,446651.6;441462.2;446164.0;441940.2;438085.9;439255.6;454841.8,475509.8;456393.2;467535.8;458289.1;462971.4;435268.4;460826.8,673746.1;681749.3;668244.7;667624.3;671737.6;665947.9;680565.7,8968.8;9231.2;8985.0;9041.0;9208.4;9014.1;8667.4
mac,512x512,6,pair,options,cc,2,1.6072428,0.4474551,0.45558459999999995,0.6949778000000001,0.009183,0.0,3fb58063054aaa10;3fb6200361cd8a50;3fb66d98ebb40e90;3fb7046397b8ecd0,1614461.6;1598592.5;1613153.0;1599606.1;1612843.1;1607242.8;1570651.7,445905.6;448515.0;448887.4;462995.4;436086.0;447455.1;453128.8,462978.5;455863.9;475540.4;465757.1;469590.5;455584.6;448633.4,696507.8;685107.4;679457.0;661992.8;698027.3;694977.8;659976.6,9021.5;9058.6;9218.8;8817.1;9095.7;9183.0;8867.8
mac,512x512,6,pair,options,cc,3,1.6111328,0.446472,0.4796674,0.6756040999999999,0.0093346,0.0,3fb58063054aaa10;3fb6200361cd8a50;3fb66d98ebb40e90;3fb7046397b8ecd0,1640251.3;1608819.0;1611132.8;1593812.5;1601961.6;1614507.2;1629360.7,457166.0;450617.2;446472.0;454121.1;448442.7;452792.4;460526.7,479703.1;476290.4;479667.4;462805.9;461754.6;491548.1;475160.8,694061.2;672660.8;675604.1;668054.7;682203.8;660670.5;684455.1,9275.3;9205.0;9334.6;8788.5;9513.7;9447.3;9170.5
mac,512x512,6,pair,options,ss,1,1.59872,0.3304035,0.3352793,0.9284811,0.0045137,0.0,3fb58063054aaa10;3fb6200361cd8a50;3fb66d98ebb40e90;3fb7046397b8ecd0,1582887.4;1595572.9;1598720.0;1601748.7;1606023.4;1599572.3;1583690.1,333878.3;338004.0;330403.5;337458.3;332054.7;333388.7;333977.2,334529.9;334133.4;335279.3;338821.6;336140.6;336224.6;329768.3,910095.7;919006.5;928481.1;920800.8;933176.4;925460.3;915436.8,4332.1;4382.8;4513.7;4619.1;4607.4;4457.1;4462.2
mac,512x512,6,pair,options,ss,2,1.5808158,0.3293092,0.33032690000000003,0.9169654,0.0041667,0.0,3fb58063054aaa10;3fb6200361cd8a50;3fb66d98ebb40e90;3fb7046397b8ecd0,1586459.0;1580515.6;1580052.1;1577644.5;1585172.5;1580815.8;1584686.9,326716.8;330819.7;328839.9;326917.3;328889.3;329309.2;328817.7,335333.3;332348.9;331863.9;328145.8;335546.3;330326.9;334780.0,919812.5;913113.3;915134.8;918411.4;916190.7;916965.4;916999.4,4544.9;4188.2;4165.4;4120.5;4497.4;4166.7;4042.9
mac,512x512,6,pair,options,ss,3,1.5792701999999998,0.3226985,0.3319675,0.9202923000000001,0.0042623999999999995,0.0,3fb58063054aaa10;3fb6200361cd8a50;3fb66d98ebb40e90;3fb7046397b8ecd0,1571365.2;1594628.3;1585481.1;1579270.2;1577106.8;1574247.4;1586123.0,323157.5;331071.0;323334.0;322698.5;328358.7;326895.1;330718.7,327574.2;337686.8;334026.6;331967.5;326559.9;326271.5;330071.7,915847.0;921160.8;923591.8;920292.3;917856.1;916800.0;920970.7,4739.0;4657.6;4478.5;4262.4;4282.5;4225.9;4304.0
